province_id,year,uid,province,co2_emissions,gdp,gfindex,green_finance_pilot,Factor_1,Factor_2,Factor_3
1,2000,3100,Shanghai,71538175.19,4880,0.168,0,-1.821561192,-0.327344225,-0.19470779
1,2001,3101,Shanghai,69645920.86,5348.1,0.136,0,-1.745872239,-0.344757835,-0.164421983
1,2002,3102,Shanghai,80866286.07,5908.1,0.226,0,-1.474437112,-0.352664989,-0.242943695
1,2003,3103,Shanghai,92319351.45,6952.5,0.194,0,-1.375200098,-0.376760546,-0.273528904
1,2004,3104,Shanghai,108254088.2,8309.4,0.19,0,-1.248504843,-0.438363508,-0.265376917
1,2005,3105,Shanghai,115370448,9398.8,0.193,0,-1.087603763,-0.429189186,-0.256409677
1,2006,3106,Shanghai,124628480,10825.4,0.211,0,-0.968278888,-0.43616326,-0.266990122
1,2007,3107,Shanghai,127207432,13179.8,0.3,0,-0.473588326,-0.406482046,-0.417165329
1,2008,3108,Shanghai,133276677.8,14877.1,0.344,0,-0.361890791,-0.38431738,-0.36827163
1,2009,3109,Shanghai,149620546.7,16181.4,0.109,0,-0.639556954,-0.455736284,-0.175861155
1,2010,3110,Shanghai,167517170.3,18319.6,0.182,0,-0.401552988,-0.438967494,-0.105966148
1,2011,3111,Shanghai,174438236.8,20406.1,0.246,0,-0.099196826,-0.376250636,-0.146265183
1,2012,3112,Shanghai,179224048.6,21774.9,0.111,0,-0.19996903,-0.392205531,-0.052345367
1,2013,3113,Shanghai,181945393.6,23809.4,0.196,0,0.174566392,-0.32677045,-0.138412978
1,2014,3114,Shanghai,186258094.7,25964.5,0.139,0,0.006410479,-0.354999828,0.043960013
1,2015,3115,Shanghai,193922502.3,27821.6,0.266,0,0.431821634,-0.287761551,0.163820278
1,2016,3116,Shanghai,181333613.2,30963.9,0.264,0,0.56325373,-0.290245081,0.430564048
1,2017,3117,Shanghai,183883762.2,34378.3,0.164,0,0.248501938,-0.318767943,0.951976151
1,2018,3118,Shanghai,188922189.7,37769.1,0.265,0,0.722913489,-0.209110039,1.00959092
1,2019,3119,Shanghai,196674965.8,40241.2,0.366,0,1.149398362,-0.075778179,1.16062985
1,2020,3120,Shanghai,193113587.5,41603.9,0.433,0,1.29190361,0.029881532,1.435945602
1,2021,3121,Shanghai,202709667.9,47059.4,0.349,0,1.32613796,0.046756497,1.400981851
1,2022,3122,Shanghai,196101244.4,48594.5,0.381,0,1.469054464,0.017193074,1.153732051
1,2023,3123,Shanghai,205270742.6,51404.5,0.393,0,1.427228755,0.022475039,1.25649247
2,2000,5300,Yunnan,72648407.07,2052.3,0.284,0,-1.675855639,-0.335880244,-0.188598221
2,2001,5301,Yunnan,75648291.05,2186.4,0.351,0,-1.479887536,-0.431752435,-0.249270948
2,2002,5302,Yunnan,79207724.23,2392,0.388,0,-1.287444998,-0.326099322,-0.261361732
2,2003,5303,Yunnan,94204005.04,2673.6,0.252,0,-1.329432864,-0.411061013,-0.257545248
2,2004,5304,Yunnan,109501158.9,3185.3,0.299,0,-1.202332993,-0.53947697,-0.24313672
2,2005,5305,Yunnan,119960510,3553.3,0.339,0,-0.857645505,-0.395171272,-0.386381913
2,2006,5306,Yunnan,142414875.3,4157.7,0.306,0,-0.688824413,-0.406809923,-0.44883868
2,2007,5307,Yunnan,161465059.9,5166,0.222,0,-0.676683544,-0.461658605,-0.487800346
2,2008,5308,Yunnan,165360706.5,6120.6,0.423,0,-0.269070502,-0.455599083,-0.465331636
2,2009,5309,Yunnan,170803511.1,6690.2,0.217,0,-0.474701221,-0.555109826,-0.284429611
2,2010,5310,Yunnan,181827081.4,7869.9,0.204,0,-0.349819495,-0.540472284,-0.316627723
2,2011,5311,Yunnan,197174329.7,9666.2,0.168,0,-0.155205674,-0.558088404,-0.369814911
2,2012,5312,Yunnan,212927885.9,11266.3,0.447,0,0.506443233,-0.460283093,-0.519634322
2,2013,5313,Yunnan,222280623.6,13027,0.245,0,0.258681459,-0.515781846,-0.37037503
2,2014,5314,Yunnan,219311997.2,14275.1,0.339,0,0.588349611,-0.448238793,-0.448060799
2,2015,5315,Yunnan,214986350.3,15358.6,0.317,0,0.637450294,-0.469408311,-0.374308488
2,2016,5316,Yunnan,210642417.6,16773.6,0.115,0,0.31413493,-0.52025287,-0.238423041
2,2017,5317,Yunnan,212542299.1,18864.6,0.417,0,1.145722484,-0.374327641,-0.256512976
2,2018,5318,Yunnan,217358232.5,21427.5,0.29,0,1.04458833,-0.384323011,-0.20069552
2,2019,5319,Yunnan,216829878.7,23902.1,0.221,0,1.005924307,-0.440242204,-0.116830359
2,2020,5320,Yunnan,215735429.4,25214.5,0.17,0,1.078304099,-0.389038003,-0.19454399
2,2021,5321,Yunnan,219190745.8,27895.3,0.271,0,1.547520793,-0.323940941,-0.412516827
2,2022,5322,Yunnan,212591576.9,29301.1,0.271,0,1.502379626,-0.328966259,-0.355450699
2,2023,5323,Yunnan,224286167.5,30595.8,0.281,0,1.495297997,-0.321433413,-0.300206536
3,2000,1500,Neimenggu,140109202.8,1551.3,0.455,0,-1.608894115,-0.277574133,-0.049642005
3,2001,1501,Neimenggu,142679832.3,1729.5,0.278,0,-1.686324777,-0.291753612,-0.024343945
3,2002,1502,Neimenggu,156339684.1,1959.7,0.413,0,-1.341867827,-0.355946976,-0.174061444
3,2003,1503,Neimenggu,193669046.1,2415.1,0.39,0,-1.226394625,-0.321831062,-0.162693401
3,2004,1504,Neimenggu,228895004.3,2976.2,0.344,0,-1.037476807,-0.417342424,-0.322460095
3,2005,1505,Neimenggu,275958206,3562.7,0.358,0,-0.925240163,-0.41751272,-0.309775855
3,2006,1506,Neimenggu,328438311.5,4212.3,0.261,0,-0.913177537,-0.545454312,-0.281508759
3,2007,1507,Neimenggu,386697371.9,5239.6,0.41,0,-0.415033387,-0.485531124,-0.436009486
3,2008,1508,Neimenggu,397196539.4,6352.4,0.228,0,-0.671207055,-0.611928685,-0.266761802
3,2009,1509,Neimenggu,408871292.1,7227,0.366,0,-0.132196743,-0.569585866,-0.423805107
3,2010,1510,Neimenggu,464827282.6,8342.1,0.225,0,-0.282588879,-0.637661425,-0.340251246
3,2011,1511,Neimenggu,513846056.4,9610.8,0.243,0,-0.020946334,-0.583356714,-0.346844604
3,2012,1512,Neimenggu,523005877.2,10638.9,0.34,0,0.17846088,-0.618288091,-0.300741753
3,2013,1513,Neimenggu,551492270.4,11584.9,0.379,0,0.538900725,-0.531128211,-0.51202138
3,2014,1514,Neimenggu,542966399.2,12377.3,0.213,0,0.172233457,-0.590908344,-0.334246957
3,2015,1515,Neimenggu,536320079.4,13062.7,0.316,0,0.516564276,-0.590469338,-0.237713353
3,2016,1516,Neimenggu,545922001,13879,0.282,0,0.814712257,-0.50516323,-0.481807965
3,2017,1517,Neimenggu,577613927,15009.9,0.273,0,0.828503763,-0.429810419,-0.441132075
3,2018,1518,Neimenggu,604939346.3,16252.9,0.39,0,1.465302732,-0.347624677,-0.528206867
3,2019,1519,Neimenggu,635633195,17479.4,0.333,0,1.412166978,-0.303506905,-0.48392377
3,2020,1520,Neimenggu,652283065.7,17623.4,0.091,0,0.831839438,-0.403941501,-0.266085338
3,2021,1521,Neimenggu,728470939.3,21584.8,0.253,0,1.506111911,-0.316389003,-0.605777533
3,2022,1522,Neimenggu,757028723,23795.7,0.257,0,1.507272082,-0.313180097,-0.58017
3,2023,1523,Neimenggu,837966687.8,25020.5,0.255,0,1.481710353,-0.299793237,-0.483733136
4,2000,1100,Beijing,43133076.5,3328,0.226,0,-1.777758894,0.315303178,-0.026679569
4,2001,1101,Beijing,43311434.79,3935.4,0.202,0,-1.659267318,-0.03697437,-0.114331291
4,2002,1102,Beijing,45715663.79,4634.9,0.254,0,-1.446557329,-0.113782252,-0.159148526
4,2003,1103,Beijing,49524960.71,5400.1,0.141,0,-1.466100668,-0.222598613,-0.146675546
4,2004,1104,Beijing,54575775.19,6424.1,0.225,0,-1.226832467,-0.258752816,-0.16748611
4,2005,1105,Beijing,60665551.72,7327.4,0.167,0,-1.145207543,-0.297665085,-0.20524926
4,2006,1106,Beijing,63899288.38,8618.9,0.312,0,-0.78426541,-0.2720987,-0.25897612
4,2007,1107,Beijing,63753557.37,10730.4,0.381,0,-0.393340293,-0.2801482,-0.308253359
4,2008,1108,Beijing,63535280.7,12167.6,0.432,0,-0.269926435,-0.252414136,-0.223882335
4,2009,1109,Beijing,66557701.46,13335.7,0.275,0,-0.310257022,-0.255942218,-0.053312808
4,2010,1110,Beijing,72923448.49,15420.2,0.349,0,-0.047748746,-0.259838095,-0.043357253
4,2011,1111,Beijing,75572433.96,17653.3,0.276,0,-0.154761765,-0.291868917,0.249289918
4,2012,1112,Beijing,78344338.98,19568.3,0.282,0,-0.03009471,-0.278284955,0.404132398
4,2013,1113,Beijing,78136552.06,21746,0.248,0,-0.122469255,-0.256650634,1.036633332
4,2014,1114,Beijing,79475485.6,23577.5,0.421,0,0.300843908,-0.14459871,1.277587231
4,2015,1115,Beijing,80420685.95,26034.1,0.244,0,-0.306070982,-0.277873925,2.083381348
4,2016,1116,Beijing,74134216.64,28438.7,0.222,0,-0.213276614,-0.26408243,2.465790112
4,2017,1117,Beijing,76233830.49,31325.9,0.457,0,0.352857333,-0.172932248,2.921414352
4,2018,1118,Beijing,77704186.72,35161.4,0.465,0,0.64835973,0.008302858,2.830512609
4,2019,1119,Beijing,78044413.08,37767,0.204,0,0.197238563,-0.037149002,2.636609122
4,2020,1120,Beijing,77630137.1,38503.6,0.319,0,0.581808241,0.118807361,2.808656107
4,2021,1121,Beijing,80102176.49,44350.7,0.281,0,0.759016094,0.205014685,2.922164459
4,2022,1122,Beijing,77157245.19,45222.4,0.287,0,0.645013314,0.230581252,3.142485325
4,2023,1123,Beijing,82272659.93,47353.7,0.276,0,0.682169359,0.198003632,2.980903332
5,2000,2200,Jilin,60578928.07,1769.2,0.364,0,-1.57701997,0.085312708,-0.153913945
5,2001,2201,Jilin,65226914.92,1921.7,0.238,0,-1.633379451,-0.048467304,-0.157031621
5,2002,2202,Jilin,70295081.5,2067.3,0.349,0,-1.305864463,-0.122526661,-0.243770622
5,2003,2203,Jilin,77726607.62,2169.7,0.379,0,-1.158509498,-0.062886856,-0.249695328
5,2004,2204,Jilin,84110452.24,2487.7,0.28,0,-1.139039601,-0.123671393,-0.248598733
5,2005,2205,Jilin,92283947.8,2810.1,0.369,0,-0.776274768,-0.134260933,-0.370696695
5,2006,2206,Jilin,98020505.65,3271.5,0.296,0,-0.791645831,-0.199061853,-0.374617754
5,2007,2207,Jilin,106402294.4,4134.7,0.283,0,-0.554162157,-0.257821262,-0.493585458
5,2008,2208,Jilin,102254998.8,4905.4,0.306,0,-0.442941818,-0.367692618,-0.462317424
5,2009,2209,Jilin,120920656.4,5515.3,0.257,0,-0.222369479,-0.35163477,-0.495208713
5,2010,2210,Jilin,137894748.2,6505.9,0.313,0,0.008644513,-0.343992684,-0.482758132
5,2011,2211,Jilin,153019050.1,7857.7,0.131,0,-0.251099713,-0.518986323,-0.336107508
5,2012,2212,Jilin,155707615.3,8831.3,0.266,0,0.080887627,-0.474971414,-0.344227721
5,2013,2213,Jilin,158632916.9,9608.6,0.319,0,0.392883416,-0.432024093,-0.332423395
5,2014,2214,Jilin,158808834.5,10077,0.238,0,0.2372821,-0.488291613,-0.290221241
5,2015,2215,Jilin,152188368.2,10162.9,0.351,0,0.731718589,-0.364320913,-0.510754322
5,2016,2216,Jilin,149386010.1,10603.5,0.133,0,0.441322128,-0.39382914,-0.392233078
5,2017,2217,Jilin,150666328,11083,0.405,0,1.316886695,-0.263450127,-0.602414735
5,2018,2218,Jilin,159117710.1,11437.4,0.189,0,0.947648997,-0.258293385,-0.542218133
5,2019,2219,Jilin,159133429.3,11949.4,0.188,0,0.985134389,-0.198179899,-0.384647861
5,2020,2220,Jilin,157648580.5,12499.5,0.348,0,1.515288078,-0.081353219,-0.599012888
5,2021,2221,Jilin,162555518.4,13431.1,0.432,0,2.139259741,0.035107276,-0.810191461
5,2022,2222,Jilin,160051499.7,13121.4,0.447,0,2.158155773,0.059438865,-0.783987801
5,2023,2223,Jilin,170404483.8,13942.7,0.465,0,2.151106733,0.069755258,-0.755826448
6,2000,5100,Sichuan,108654585.9,3975.6,0.363,0,-1.701970572,-0.520194492,-0.157022406
6,2001,5101,Sichuan,111107719.6,4350.5,0.384,0,-1.438609394,-0.498202425,-0.221753682
6,2002,5102,Sichuan,115845806.2,4790.5,0.401,0,-1.302940294,-0.478594292,-0.251833493
6,2003,5103,Sichuan,126520730.6,5422.7,0.499,0,-1.034101663,-0.518914403,-0.281719025
6,2004,5104,Sichuan,144673797.8,6395.8,0.332,0,-1.017904623,-0.514903672,-0.347004157
6,2005,5105,Sichuan,168215305.3,7287.4,0.363,0,-0.931970252,-0.544459697,-0.275411455
6,2006,5106,Sichuan,187790383.1,8602.1,0.222,0,-0.987689,-0.607376556,-0.245950963
6,2007,5107,Sichuan,209899226.4,10694.5,0.317,0,-0.667189517,-0.577891448,-0.290924879
6,2008,5108,Sichuan,210783247.9,12941.4,0.402,0,-0.343257738,-0.576994431,-0.332784278
6,2009,5109,Sichuan,217217775.4,14396.2,0.339,0,-0.254453208,-0.56614284,-0.159140008
6,2010,5110,Sichuan,227612295.4,17466.7,0.329,0,-0.163395291,-0.594011612,-0.121585591
6,2011,5111,Sichuan,255342619,21313.1,0.174,0,-0.236207967,-0.62535839,-0.1119293
6,2012,5112,Sichuan,260054191.3,24224.9,0.281,0,0.008377694,-0.58006994,0.059401886
6,2013,5113,Sichuan,267196246.6,26858.4,0.235,0,0.089693484,-0.549978928,0.019012297
6,2014,5114,Sichuan,264785405.2,29357.5,0.195,0,0.029077984,-0.566026922,0.141553145
6,2015,5115,Sichuan,258202581.2,30829.1,0.298,0,0.398595963,-0.444679558,0.317711989
6,2016,5116,Sichuan,253662732.9,33879.2,0.405,0,0.920756903,-0.333361027,0.270130269
6,2017,5117,Sichuan,253441542.5,38517.1,0.311,0,0.735472335,-0.313254201,0.680620196
6,2018,5118,Sichuan,257759074.9,43539,0.17,0,0.47627516,-0.414246747,0.973595183
6,2019,5119,Sichuan,253486126.2,47168.6,0.332,0,1.140199787,-0.339385738,0.699189085
6,2020,5120,Sichuan,249253774.6,49445.1,0.453,0,1.459551544,-0.230117474,0.855901528
6,2021,5121,Sichuan,268385937.1,55131.3,0.285,0,1.339820708,-0.275119024,0.457159551
6,2022,5122,Sichuan,263363191.4,57609.4,0.265,0,1.285553357,-0.278862399,0.495409085
6,2023,5123,Sichuan,278601939.3,61353.4,0.273,0,1.283009002,-0.258153291,0.589892425
7,2000,1200,Tianjin,47741953.04,1608.4,0.193,0,-1.772557446,0.195727717,-0.188491746
7,2001,1201,Tianjin,51193703.78,1778.3,0.362,0,-1.317035554,0.12441133,-0.334768041
7,2002,1202,Tianjin,53101506.55,1952.3,0.257,0,-1.380816315,0.019347244,-0.315196235
7,2003,1203,Tianjin,57383888.99,2288.7,0.347,0,-1.085121208,-0.066745366,-0.389568768
7,2004,1204,Tianjin,62326363.59,2663.3,0.177,0,-1.152913652,-0.163556084,-0.392052909
7,2005,1205,Tianjin,81987471.61,3203.6,0.101,0,-1.164700458,-0.332138947,-0.412330734
7,2006,1206,Tianjin,83839460.98,3592.5,0.246,0,-0.79514185,-0.290574173,-0.491862609
7,2007,1207,Tianjin,85655154.76,4229.8,0.223,0,-0.602047573,-0.24601755,-0.535949035
7,2008,1208,Tianjin,88093846.08,5278.3,0.299,0,-0.348550443,-0.272801473,-0.594284195
7,2009,1209,Tianjin,106989661.5,5828.6,0.16,0,-0.417654019,-0.380135578,-0.55462798
7,2010,1210,Tianjin,118707038,6991.6,0.252,0,-0.109177774,-0.419408652,-0.568438518
7,2011,1211,Tianjin,123786522.2,8240.8,0.126,0,-0.207593805,-0.442212508,-0.474480224
7,2012,1212,Tianjin,125890653.6,9193,0.313,0,0.302083126,-0.342033292,-0.516373692
7,2013,1213,Tianjin,129313933,10075.2,0.334,0,0.412865939,-0.340341755,-0.435186322
7,2014,1214,Tianjin,133682904.5,10749.2,0.281,0,0.443633478,-0.339823288,-0.373943689
7,2015,1215,Tianjin,128492738.9,10889.2,0.184,0,0.321155469,-0.368219005,-0.130867959
7,2016,1216,Tianjin,124757728.4,11487,0.208,0,0.637734834,-0.260410484,-0.116940983
7,2017,1217,Tianjin,125890652.3,12468.2,0.364,0,1.101023812,-0.200968571,-0.032226573
7,2018,1218,Tianjin,136320006.2,13411.1,0.169,0,0.866304564,-0.237393375,-0.12021348
7,2019,1219,Tianjin,142040963.6,14097.2,0.415,0,1.397524102,-0.09066287,0.274749206
7,2020,1220,Tianjin,139935786.1,14230.8,0.099,0,0.85659085,-0.121862194,0.020389763
7,2021,1221,Tianjin,144835939.7,16093.2,0.249,0,1.527065242,-0.066128634,-0.395381032
7,2022,1222,Tianjin,143018498.1,16588.5,0.24,0,1.496086753,-0.09443077,-0.448262043
7,2023,1223,Tianjin,151678325.1,17211.8,0.244,0,1.468241299,-0.100535166,-0.425103199
8,2000,6400,Ningxia,31782303.35,297.7,0.39,0,-1.241935034,3.961326492,0.185762757
8,2001,6401,Ningxia,32949584.48,341.5,0.457,0,-1.085688364,2.724367354,-0.040437107
8,2002,6402,Ningxia,37258514.68,381.8,0.45,0,-0.948153963,3.074701454,-0.015235419
8,2003,6403,Ningxia,44936720.58,448.4,0.642,0,-0.536715862,2.55771362,-0.2206201
8,2004,6404,Ningxia,51104224,527.3,0.474,0,-0.615121196,1.835969559,-0.29908531
8,2005,6405,Ningxia,56099787.56,587.2,0.342,0,-0.699082181,1.713427274,-0.294023747
8,2006,6406,Ningxia,70225417.48,691.6,0.533,0,-0.271273098,1.564467294,-0.435014875
8,2007,6407,Ningxia,76330668.55,887.9,0.417,0,-0.274192623,1.147552602,-0.477974189
8,2008,6408,Ningxia,75427806.34,1153.7,0.314,0,-0.379647761,0.92443217,-0.453016899
8,2009,6409,Ningxia,82026356.72,1284.8,0.473,0,0.19701682,0.947149674,-0.619519025
8,2010,6410,Ningxia,107014483.7,1595.3,0.262,0,-0.179268156,0.604020712,-0.473345246
8,2011,6411,Ningxia,126847172.8,1959.3,0.346,0,0.182436162,0.469777228,-0.59236553
8,2012,6412,Ningxia,124387524.5,2162,0.323,0,0.317914559,0.134893994,-0.691540607
8,2013,6413,Ningxia,128478800.2,2364.9,0.487,0,0.696425241,0.309693991,-0.801049343
8,2014,6414,Ningxia,125261185,2516.4,0.392,0,0.587700943,0.31490656,-0.756466269
8,2015,6415,Ningxia,120370764.8,2644.7,0.318,0,0.615506356,0.302788942,-0.701213033
8,2016,6416,Ningxia,122322237.2,2853.3,0.423,0,1.031180419,0.4562535,-0.842091989
8,2017,6417,Ningxia,142427148.1,3271.6,0.498,0,1.392203003,0.254722968,-0.874138943
8,2018,6418,Ningxia,154912319.7,3580.6,0.324,0,1.146736685,0.32517547,-0.763911364
8,2019,6419,Ningxia,174003965.4,3841.5,0.368,0,1.361105427,0.208636074,-0.875442784
8,2020,6420,Ningxia,174305461.3,4036.2,0.398,0,1.534103805,0.376986373,-0.898404102
8,2021,6421,Ningxia,188879868.4,4666.5,0.383,0,1.716094362,0.298606883,-0.971083381
8,2022,6422,Ningxia,191617159.6,5168.1,0.39,0,1.736959081,0.30107539,-0.972530334
8,2023,6423,Ningxia,201084696.6,5368.8,0.377,0,1.691862593,0.302763288,-0.935708206
9,2000,3400,Anhui,144342900.7,3162.3,0.322,0,-1.653531816,-0.344162847,-0.210600068
9,2001,3401,Anhui,152599784.5,3547.7,0.249,0,-1.651210663,-0.427648861,-0.205564274
9,2002,3402,Anhui,159799154.3,3882.3,0.21,0,-1.56689872,-0.395893156,-0.183182118
9,2003,3403,Anhui,177350080.1,4375,0.201,0,-1.367036374,-0.372048655,-0.301392396
9,2004,3404,Anhui,197213866.2,5210.9,0.365,0,-0.914431547,-0.386446977,-0.411242933
9,2005,3405,Anhui,226390503,5761.7,0.312,0,-0.897315833,-0.402452267,-0.41123985
9,2006,3406,Anhui,248580760,6602.6,0.402,0,-0.659466549,-0.409028004,-0.410096829
9,2007,3407,Anhui,285447471.3,8078,0.262,0,-0.578849685,-0.473407144,-0.484741648
9,2008,3408,Anhui,322314417.6,9691.2,0.189,0,-0.668256053,-0.488435898,-0.373899255
9,2009,3409,Anhui,334870311.6,11063.3,0.313,0,-0.15428102,-0.433473161,-0.482285955
9,2010,3410,Anhui,358503105.6,13474.6,0.217,0,-0.288633069,-0.549373074,-0.362323366
9,2011,3411,Anhui,389163956.8,16532.7,0.193,0,-0.129680096,-0.551260613,-0.328344056
9,2012,3412,Anhui,402870381.9,18613.7,0.177,0,-0.1411255,-0.532557641,-0.088309054
9,2013,3413,Anhui,432133808.6,20888.2,0.145,0,-0.034784095,-0.533207488,-0.135443213
9,2014,3414,Anhui,439745963.8,22880.7,0.269,0,0.312970052,-0.450151126,-0.072543015
9,2015,3415,Anhui,444211403.6,24142.7,0.196,0,0.179800333,-0.434698846,0.320301115
9,2016,3416,Anhui,447562126,26801.2,0.254,0,0.558564213,-0.310526365,0.402445104
9,2017,3417,Anhui,453812967.8,30141.8,0.24,0,0.416324082,-0.360139409,0.931884289
9,2018,3418,Anhui,492192397.8,34377.3,0.228,0,0.593052847,-0.27461545,1.104211005
9,2019,3419,Anhui,493113574,37584.8,0.372,0,1.172959297,-0.311082962,1.001695834
9,2020,3420,Anhui,491921365.1,38628.8,0.337,0,1.112540583,-0.19526252,0.909098878
9,2021,3421,Anhui,517951754.2,43102.8,0.205,0,0.941051576,-0.252778126,0.908042706
9,2022,3422,Anhui,520912330.6,45525.1,0.215,0,0.988655,-0.233474132,0.976956214
9,2023,3423,Anhui,546920399.2,48227.5,0.225,0,0.959787694,-0.221753318,1.088077463
10,2000,3700,Shandong,384095327.3,8348.5,0.349,0,-1.706297955,-0.712621912,-0.128127394
10,2001,3701,Shandong,403922520.8,9172.3,0.384,0,-1.507603246,-0.676390888,-0.172662383
10,2002,3702,Shandong,450278097.7,10192.6,0.296,0,-1.487644285,-0.697834889,-0.149010891
10,2003,3703,Shandong,549374220.2,11028,0.239,0,-1.387704282,-0.697590923,-0.215337708
10,2004,3704,Shandong,623612538.1,13456.2,0.295,0,-1.18477412,-0.69615393,-0.22931743
10,2005,3705,Shandong,673934531.5,16120.9,0.384,0,-0.908997539,-0.688149966,-0.249695331
10,2006,3706,Shandong,736411950.3,19184,0.22,0,-0.974108346,-0.711213427,-0.271953595
10,2007,3707,Shandong,781165657.9,22994.5,0.295,0,-0.596983387,-0.660517604,-0.36450985
10,2008,3708,Shandong,795067085.4,27460.2,0.385,0,-0.373026163,-0.636092716,-0.277427919
10,2009,3709,Shandong,840164781.3,29957.2,0.16,0,-0.599644025,-0.691256529,-0.147780135
10,2010,3710,Shandong,888233588,34429.4,0.322,0,-0.143890266,-0.628728897,0.049135171
10,2011,3711,Shandong,949154573.9,39622,0.088,0,-0.538320832,-0.689340919,0.18345452
10,2012,3712,Shandong,975769063,43584.3,0.161,0,-0.303630154,-0.630128844,0.38321193
10,2013,3713,Shandong,1027827623,48058.1,0.145,0,-0.319668221,-0.650598282,0.68926945
10,2014,3714,Shandong,1036199633,51552.7,0.277,0,0.163321832,-0.50753973,0.479647707
10,2015,3715,Shandong,1042331762,56159.1,0.376,0,0.469161114,-0.432502966,0.835667949
10,2016,3716,Shandong,1062190662,59702.6,0.358,0,0.49437812,-0.405547446,1.278288213
10,2017,3717,Shandong,1074950876,63958.6,0.228,0,0.273808565,-0.403829724,1.389093799
10,2018,3718,Shandong,1110236768,67864.4,0.339,0,0.743212498,-0.335117612,1.464810787
10,2019,3719,Shandong,1137954077,72024.3,0.158,0,0.187911681,-0.350786078,2.176626307
10,2020,3720,Shandong,1148726669,74355.9,0.144,0,0.200185254,-0.208901868,2.613830677
10,2021,3721,Shandong,1178087737,84838,0.24,0,0.730704811,-0.104133795,2.304508453
10,2022,3722,Shandong,1146652057,89519.4,0.249,0,0.751772493,-0.117250143,2.213100155
10,2023,3723,Shandong,1177673402,94206.4,0.269,0,0.751857073,-0.069882587,2.411994046
11,2000,1400,Shanxi,165876878.5,1861.9,0.255,0,-1.819559629,0.047901292,-0.026011656
11,2001,1401,Shanxi,173419965.7,2049,0.255,0,-1.670237513,-0.096640272,-0.100849593
11,2002,1402,Shanxi,199129088.3,2348.2,0.178,0,-1.602795878,-0.096401378,-0.129576501
11,2003,1403,Shanxi,227608100.8,2884,0.354,0,-1.260434868,-0.210869294,-0.154591738
11,2004,1404,Shanxi,259195835.4,3533.1,0.359,0,-1.064894017,-0.272230123,-0.248675882
11,2005,1405,Shanxi,313274691,4118,0.397,0,-0.854327829,-0.321871713,-0.294352675
11,2006,1406,Shanxi,338823362.9,4758.7,0.415,0,-0.608149712,-0.214214999,-0.40149422
11,2007,1407,Shanxi,369838816.3,5991.9,0.296,0,-0.561269529,-0.339181132,-0.420074769
11,2008,1408,Shanxi,381437919.4,7295.8,0.253,0,-0.58198432,-0.426260806,-0.346414229
11,2009,1409,Shanxi,418635254.2,7231.2,0.374,0,-0.079671473,-0.321296075,-0.452085101
11,2010,1410,Shanxi,448659477.4,9004.5,0.203,0,-0.327687158,-0.452201739,-0.348800355
11,2011,1411,Shanxi,495650066.9,11005.1,0.428,0,0.36076651,-0.359550877,-0.527866108
11,2012,1412,Shanxi,518496390.5,11819.7,0.299,0,0.221249207,-0.417294282,-0.491422704
11,2013,1413,Shanxi,535790938.2,12171.8,0.275,0,0.232855092,-0.444996604,-0.419994257
11,2014,1414,Shanxi,525515876,12307,0.233,0,0.38309714,-0.378946613,-0.510083581
11,2015,1415,Shanxi,504833116.1,12036.1,0.163,0,0.360445993,-0.391852893,-0.431557717
11,2016,1416,Shanxi,501151417.2,12160.1,0.254,0,0.787694846,-0.333376998,-0.540694731
11,2017,1417,Shanxi,506536389.1,14679.1,0.162,0,0.592325348,-0.397750807,-0.400453231
11,2018,1418,Shanxi,522573042.6,16153.1,0.245,0,1.110561561,-0.300935329,-0.367659488
11,2019,1419,Shanxi,529401520.2,17311,0.284,0,1.135584119,-0.342200403,-0.035260474
11,2020,1420,Shanxi,530238223.4,18202.7,0.299,0,1.23161322,-0.306097281,0.100169882
11,2021,1421,Shanxi,579007295.7,23087.8,0.346,0,1.708364963,-0.276820868,-0.227576185
11,2022,1422,Shanxi,589578338.1,25653.2,0.338,0,1.631478632,-0.296289036,-0.230925387
11,2023,1423,Shanxi,629094764.2,26050.8,0.367,0,1.692603046,-0.271762519,-0.20800844
12,2000,6100,Shaanxi,89410303.8,1823.3,0.361,0,-1.602397938,0.596107128,-0.006564543
12,2001,6101,Shaanxi,93520959.33,2034.1,0.373,0,-1.431552438,0.295981683,-0.131406598
12,2002,6102,Shaanxi,100035344.8,2281.1,0.352,0,-1.42890697,0.249710182,-0.032801793
12,2003,6103,Shaanxi,114939673.5,2618.8,0.339,0,-1.221986929,0.233521534,-0.10925143
12,2004,6104,Shaanxi,132745839.6,3178.4,0.411,0,-0.896697971,0.106924124,-0.265675667
12,2005,6105,Shaanxi,155551894.4,3857.4,0.314,0,-0.995907964,-0.118300292,-0.199055047
12,2006,6106,Shaanxi,165371253.1,4642.1,0.235,0,-0.876977438,-0.191206731,-0.307625971
12,2007,6107,Shaanxi,195688075.5,5739.7,0.262,0,-0.703502569,-0.238694422,-0.326818311
12,2008,6108,Shaanxi,216817366.6,7256.8,0.327,0,-0.417207354,-0.285535095,-0.360032201
12,2009,6109,Shaanxi,233338472.3,8094.9,0.389,0,-0.049958021,-0.272321031,-0.395033589
12,2010,6110,Shaanxi,251726499.8,9973,0.149,0,-0.447077394,-0.409935296,-0.200476912
12,2011,6111,Shaanxi,279156526.4,12320.1,0.249,0,-0.045385437,-0.404214055,-0.221911072
12,2012,6112,Shaanxi,278889075.5,14311.5,0.342,0,0.196401204,-0.34466276,-0.20350139
12,2013,6113,Shaanxi,296454483.6,16106.3,0.16,0,1.09E-05,-0.434112809,-0.024923427
12,2014,6114,Shaanxi,293576358.9,17635.6,0.372,0,0.662353812,-0.30929467,-0.276250639
12,2015,6115,Shaanxi,297184972.4,18188.3,0.318,0,0.536480666,-0.372055573,-0.083775238
12,2016,6116,Shaanxi,295280449.9,19354.6,0.249,0,0.67206945,-0.312824942,-0.21782302
12,2017,6117,Shaanxi,298113446.5,21776.1,0.184,0,0.545087791,-0.322028257,0.126391985
12,2018,6118,Shaanxi,327794510.8,24354.8,0.324,0,1.139081231,-0.266849217,0.021330207
12,2019,6119,Shaanxi,347842949.6,26214.5,0.201,0,0.774032441,-0.362942965,0.633351561
12,2020,6120,Shaanxi,360443411.2,26297,0.165,0,0.820516595,-0.266948768,0.537332086
12,2021,6121,Shaanxi,384606805.3,30476.6,0.18,0,1.051045524,-0.244318448,0.341885225
12,2022,6122,Shaanxi,385799154.6,33035.6,0.168,0,1.021229348,-0.252462539,0.354985749
12,2023,6123,Shaanxi,427613190.9,33976.5,0.215,0,1.13617774,-0.217186662,0.376785159
13,2000,4400,Guangdong,243059512.2,10958.4,0.147,0,-1.938792025,-0.705016164,-0.179859462
13,2001,4401,Guangdong,252345786.4,12319.2,0.107,0,-1.826026701,-0.703185467,-0.201744831
13,2002,4402,Guangdong,265486402.1,13848.6,0.314,0,-1.341707566,-0.643920558,-0.310405735
13,2003,4403,Guangdong,305345034.3,16286.6,0.231,0,-1.34289079,-0.672243475,-0.290847256
13,2004,4404,Guangdong,348366777.7,18994,0.299,0,-1.007810695,-0.637963292,-0.361294106
13,2005,4405,Guangdong,371462010.5,22366.1,0.323,0,-0.878286024,-0.645398699,-0.310389809
13,2006,4406,Guangdong,383360096.6,26403.1,0.37,0,-0.734227917,-0.632674802,-0.315494873
13,2007,4407,Guangdong,392957070.6,32308.5,0.157,0,-0.862387577,-0.668463844,-0.252726805
13,2008,4408,Guangdong,397043715.1,37351.5,0.157,0,-0.80490169,-0.673814005,-0.12115967
13,2009,4409,Guangdong,420275364.5,40215.7,0.198,0,-0.648929989,-0.665676668,0.246375714
13,2010,4410,Guangdong,462201726.2,46821.3,0.279,0,-0.52736775,-0.694183959,0.785575401
13,2011,4411,Guangdong,519080536.8,54009.6,0.258,0,-0.433139223,-0.681098239,0.954782517
13,2012,4412,Guangdong,528102851,58057.6,0.45,0,0.046121368,-0.539884562,0.895653153
13,2013,4413,Guangdong,551722950.7,63757.3,0.272,0,-0.223515359,-0.587562062,1.40677892
13,2014,4414,Guangdong,552862327.2,69593.4,0.239,0,-0.206059479,-0.517075348,1.36241415
13,2015,4415,Guangdong,546155407.9,75820.8,0.319,0,-0.084662607,-0.42486026,2.088633032
13,2016,4416,Guangdong,548850883.3,83493.4,0.26,0,-0.140961841,-0.250652666,2.806898969
13,2017,4417,Guangdong,550385185.1,93004.8,0.315,1,-0.513846433,-0.157399073,4.651887221
13,2018,4418,Guangdong,571610771.8,101875.9,0.448,1,-0.212986582,0.048872551,5.613909635
13,2019,4419,Guangdong,578728114.7,110468.1,0.307,1,-0.59849137,-0.07741335,6.510794151
13,2020,4420,Guangdong,600455997.4,113708.9,0.513,1,0.040680867,0.339519159,6.219545596
13,2021,4421,Guangdong,640688595.7,127577.4,0.346,1,-0.156183748,0.25254139,6.105410273
13,2022,4422,Guangdong,634197577.8,132547.1,0.326,1,-0.088267733,0.182747541,5.696613314
13,2023,4423,Guangdong,690722545.8,137905.4,0.319,1,-0.112364576,0.186527858,5.700101348
14,2000,4500,Guangxi,94638537.65,2096.7,0.109,0,-1.94617691,0.056889625,-0.104454177
14,2001,4501,Guangxi,99131711.52,2302.8,0.324,0,-1.465621625,0.194984652,-0.228246192
14,2002,4502,Guangxi,104441868.3,2552.8,0.198,0,-1.483318824,0.133541276,-0.196609846
14,2003,4503,Guangxi,119919257.2,2833.6,0.187,0,-1.328709095,0.149411992,-0.248557545
14,2004,4504,Guangxi,147368503.6,3348.9,0.289,0,-1.025049123,0.031051738,-0.328571632
14,2005,4505,Guangxi,166502112.2,3789.5,0.157,0,-1.086838085,-0.084424823,-0.363605839
14,2006,4506,Guangxi,178175351.7,4479.8,0.342,0,-0.615023587,-0.0231455,-0.446918742
14,2007,4507,Guangxi,212773709,5556.4,0.16,0,-0.704822851,-0.220881851,-0.509621859
14,2008,4508,Guangxi,215478454,6561.9,0.148,0,-0.69426312,-0.257995592,-0.452497948
14,2009,4509,Guangxi,231890162.2,7243.4,0.301,0,-0.165257624,-0.226757843,-0.47606081
14,2010,4510,Guangxi,245827226.4,8712,0.334,0,0.038597656,-0.291881918,-0.505528495
14,2011,4511,Guangxi,270331736.2,10472.7,0.098,0,-0.294030195,-0.442730216,-0.460519417
14,2012,4512,Guangxi,288017884.9,11496.6,0.202,0,0.079873337,-0.35603401,-0.478188689
14,2013,4513,Guangxi,296261237,12680.6,0.139,0,0.091638345,-0.391616495,-0.46025378
14,2014,4514,Guangxi,299701114.7,13856.7,0.269,0,0.457653657,-0.320269897,-0.469613322
14,2015,4515,Guangxi,293584696.5,15030.2,0.209,0,0.393909108,-0.352271852,-0.278729128
14,2016,4516,Guangxi,309446125.6,16417.2,0.131,0,0.435905407,-0.35030781,-0.237140003
14,2017,4517,Guangxi,312652722.9,18071.7,0.162,0,0.670579137,-0.244849103,-0.329885925
14,2018,4518,Guangxi,322487515.5,19951.7,0.362,0,1.477324066,-0.161257467,-0.61832162
14,2019,4519,Guangxi,322055421.5,21341.5,0.289,0,1.401642982,-0.182832824,-0.615682161
14,2020,4520,Guangxi,333517935,22250.7,0.308,0,1.535453603,-0.156803986,-0.544586224
14,2021,4521,Guangxi,350229253.8,25311.5,0.183,0,1.366061728,-0.203546137,-0.616488602
14,2022,4522,Guangxi,351706953.2,26419.7,0.191,0,1.382276078,-0.208775582,-0.621900867
14,2023,4523,Guangxi,371606525,27501.7,0.219,0,1.508217737,-0.194265297,-0.668105528
15,2000,6500,Xinjiang,69036445.42,1374.1,0.182,0,-1.832280311,-0.334080846,-0.188450345
15,2001,6501,Xinjiang,73178228.91,1506,0.202,0,-1.70253234,-0.088991915,-0.196430598
15,2002,6502,Xinjiang,77913871.28,1630.5,0.485,0,-1.09527103,-0.070580653,-0.347788047
15,2003,6503,Xinjiang,90159507.15,1909.3,0.403,0,-1.062156217,-0.085878208,-0.358507989
15,2004,6504,Xinjiang,104182146.6,2193.2,0.38,0,-0.869536593,-0.223697487,-0.452035172
15,2005,6505,Xinjiang,115253805.1,2543,0.285,0,-0.911292658,-0.238336636,-0.410292678
15,2006,6506,Xinjiang,127684527.8,2984.5,0.269,0,-0.743793379,-0.30428218,-0.474688549
15,2007,6507,Xinjiang,134008350.7,3536.4,0.229,0,-0.64123932,-0.246258891,-0.501420851
15,2008,6508,Xinjiang,145184808.2,4183.9,0.432,0,-0.187890837,-0.265493729,-0.615660006
15,2009,6509,Xinjiang,152750016.4,4289.5,0.381,0,0.011039308,-0.228768239,-0.629444038
15,2010,6510,Xinjiang,173836364.8,5425.4,0.156,0,-0.367790022,-0.451396027,-0.471190798
15,2011,6511,Xinjiang,213078279.2,6607.6,0.321,0,0.212436279,-0.320971457,-0.624152291
15,2012,6512,Xinjiang,241425313.4,7499.5,0.325,0,0.283277695,-0.417715062,-0.651245214
15,2013,6513,Xinjiang,274916757.4,8518.4,0.37,0,0.583785562,-0.386677399,-0.706581357
15,2014,6514,Xinjiang,323158537.9,9400.2,0.257,0,0.47636836,-0.375218414,-0.664967624
15,2015,6515,Xinjiang,343654905.8,9545.7,0.46,0,1.199734085,-0.261072086,-0.864464508
15,2016,6516,Xinjiang,360881132.2,9913.9,0.338,0,1.049949971,-0.186884716,-0.78832561
15,2017,6517,Xinjiang,391907132.5,11460.8,0.349,1,1.2481705,-0.211554904,-0.891530383
15,2018,6518,Xinjiang,419497542.1,13110.1,0.293,1,1.328401541,-0.250840944,-0.779459493
15,2019,6519,Xinjiang,432814780.4,14024.9,0.324,1,1.471671587,-0.284505619,-0.788661514
15,2020,6520,Xinjiang,445711027.8,14262.2,0.262,1,1.50279791,-0.253368538,-0.760361188
15,2021,6521,Xinjiang,482794940.9,16791.5,0.183,1,1.360329994,-0.255802294,-0.717863526
15,2022,6522,Xinjiang,484931166.4,18550.5,0.202,1,1.362802307,-0.264531467,-0.696247812
15,2023,6523,Xinjiang,522624165.4,19603.3,0.192,1,1.335397635,-0.272032659,-0.639543227
16,2000,3200,Jiangsu,279168196.9,8635.1,0.248,0,-1.874520452,-0.743861927,-0.104650174
16,2001,3201,Jiangsu,297308552.2,9554.3,0.225,0,-1.729195736,-0.691849122,-0.169367573
16,2002,3202,Jiangsu,312324741,10723.9,0.225,0,-1.560058446,-0.72120454,-0.192387665
16,2003,3203,Jiangsu,363877490,12588.2,0.274,0,-1.343073916,-0.697891454,-0.205233656
16,2004,3204,Jiangsu,434922548.6,14998.7,0.262,0,-1.273179312,-0.725892602,-0.170540168
16,2005,3205,Jiangsu,531706076,18345.9,0.247,0,-1.142731513,-0.712461157,-0.172615928
16,2006,3206,Jiangsu,597512846.8,21525.1,0.47,0,-0.574851428,-0.628823321,-0.315396976
16,2007,3207,Jiangsu,618783054.2,26373.8,0.275,0,-0.696995496,-0.67795762,-0.264061433
16,2008,3208,Jiangsu,630227213.2,31445.7,0.285,0,-0.71492198,-0.702924899,0.103604199
16,2009,3209,Jiangsu,669789622.9,35074.6,0.358,0,-0.382874439,-0.643840956,0.299859892
16,2010,3210,Jiangsu,731163827.6,42175.2,0.344,0,-0.335452325,-0.598335122,0.59551564
16,2011,3211,Jiangsu,796485956.1,49689.5,0.383,0,-0.105364117,-0.525166973,0.823587424
16,2012,3212,Jiangsu,819466358,54658.4,0.377,0,-0.177965831,-0.453195859,1.24426341
16,2013,3213,Jiangsu,861809498.4,60505.2,0.493,0,0.249188682,-0.380006801,1.400083887
16,2014,3214,Jiangsu,870495699.8,66228.3,0.265,0,-0.314306403,-0.403712374,1.884665443
16,2015,3215,Jiangsu,833144487.7,71876,0.225,0,-0.39942509,-0.372812015,2.578862028
16,2016,3216,Jiangsu,830689800.1,78261.2,0.339,0,0.087836992,-0.184851625,2.834540408
16,2017,3217,Jiangsu,848511603.7,86512.9,0.271,0,-0.270756171,-0.0848415,3.76039589
16,2018,3218,Jiangsu,884215524.3,93456.3,0.229,0,-0.329618853,0.047334769,4.480434696
16,2019,3219,Jiangsu,903868907.2,99836.9,0.313,0,-0.086494565,0.205213401,5.089460909
16,2020,3220,Jiangsu,894963263.8,104566.6,0.345,0,-0.194476435,0.397901727,6.08300681
16,2021,3221,Jiangsu,936367879,119853.2,0.254,0,-0.075241996,0.310567618,5.303680918
16,2022,3222,Jiangsu,919149783.2,124564.2,0.211,0,-0.103617639,0.209875183,4.836851501
16,2023,3223,Jiangsu,963665851.7,130924.3,0.182,0,-0.173197271,0.207242569,4.892310973
17,2000,3600,Jiangxi,80508714.03,2027.8,0.131,0,-1.82856939,-0.111588767,-0.207483303
17,2001,3601,Jiangxi,84728768.81,2207.1,0.318,0,-1.467254456,0.036769892,-0.294336516
17,2002,3602,Jiangxi,90491756.73,2487.1,0.328,0,-1.221649179,0.01345295,-0.360553654
17,2003,3603,Jiangxi,105181834.1,2854.7,0.15,0,-1.376839641,-0.224601055,-0.359460755
17,2004,3604,Jiangxi,117303726.8,3451.1,0.335,0,-0.84901515,-0.139643745,-0.495245678
17,2005,3605,Jiangxi,128496410.6,3991.8,0.227,0,-0.937124605,-0.217147885,-0.469994462
17,2006,3606,Jiangxi,135971300.6,4752.4,0.129,0,-0.981674811,-0.365014178,-0.468143999
17,2007,3607,Jiangxi,155131109.7,5847.3,0.158,0,-0.798470484,-0.398303774,-0.524936652
17,2008,3608,Jiangxi,158460285.5,7028.7,0.281,0,-0.395312508,-0.393309729,-0.634555234
17,2009,3609,Jiangxi,176529448.7,7733,0.291,0,-0.044970359,-0.353298985,-0.632135715
17,2010,3610,Jiangxi,184656623.1,9503.4,0.185,0,-0.255553414,-0.417039163,-0.568117189
17,2011,3611,Jiangxi,203036472.2,11717.4,0.171,0,-0.03206012,-0.438640071,-0.627507532
17,2012,3612,Jiangxi,209492684.2,12952.8,0.16,0,0.00057104,-0.44674925,-0.565208785
17,2013,3613,Jiangxi,213709041.9,14473.4,0.129,0,0.022694579,-0.482077342,-0.531650888
17,2014,3614,Jiangxi,211874325.3,15858.6,0.208,0,0.381901489,-0.439200868,-0.574142098
17,2015,3615,Jiangxi,212141056.6,17031.1,0.189,0,0.419800107,-0.410689154,-0.437107453
17,2016,3616,Jiangxi,214928058.8,18761.2,0.295,0,0.813141817,-0.369309766,-0.358429629
17,2017,3617,Jiangxi,215656927,20497.6,0.168,1,0.61363204,-0.421038646,-0.228931916
17,2018,3618,Jiangxi,225504245.6,23016.9,0.185,1,0.893123094,-0.357640069,-0.211129852
17,2019,3619,Jiangxi,226600831.2,24724,0.332,1,1.379981876,-0.309173041,-0.207413645
17,2020,3620,Jiangxi,232523996.4,25825.4,0.151,1,1.000928788,-0.316674147,-0.059150536
17,2021,3621,Jiangxi,252422344.1,29838.2,0.226,1,1.385977429,-0.305454288,-0.283833196
17,2022,3622,Jiangxi,262287917.2,31568.1,0.217,1,1.355692102,-0.32096834,-0.299740932
17,2023,3623,Jiangxi,273116317.6,32677.1,0.206,1,1.296681966,-0.310598873,-0.203126311
18,2000,1300,Hebei,253490019.9,4663.7,0.262,0,-1.802671658,-0.50057419,-0.150870437
18,2001,1301,Hebei,271754640.2,5107.8,0.233,0,-1.708441544,-0.538541913,-0.145988437
18,2002,1302,Hebei,308619335.8,5574.9,0.333,0,-1.385075146,-0.426565263,-0.245702316
18,2003,1303,Hebei,346976462.4,6406.6,0.285,0,-1.304913414,-0.521401029,-0.247442495
18,2004,1304,Hebei,394407975.8,7683,0.309,0,-1.087801526,-0.517307408,-0.324698131
18,2005,1305,Hebei,456920329.8,8886.2,0.297,0,-0.913264904,-0.523459306,-0.381181241
18,2006,1306,Hebei,494913641.5,10178.1,0.242,0,-0.899765396,-0.584235023,-0.340769857
18,2007,1307,Hebei,544309808.1,12317.6,0.263,0,-0.652058873,-0.543449561,-0.426263659
18,2008,1308,Hebei,561276016.1,14403.8,0.151,0,-0.840432845,-0.637848779,-0.197617269
18,2009,1309,Hebei,631064666.3,15540.3,0.279,0,-0.301459619,-0.579493573,-0.299515117
18,2010,1310,Hebei,671608212.2,18254.1,0.443,0,0.122388379,-0.545229402,-0.298029994
18,2011,1311,Hebei,721983402.6,21711.7,0.283,0,0.004561589,-0.555355588,-0.34059905
18,2012,1312,Hebei,743645280.2,23437.3,0.262,0,0.075062556,-0.557475382,-0.240969489
18,2013,1313,Hebei,782139407.4,24659.1,0.2,0,0.002599453,-0.588617082,-0.084964065
18,2014,1314,Hebei,802650737.3,25644.1,0.327,0,0.397530639,-0.523580374,-0.066484171
18,2015,1315,Hebei,763994082.6,26744.1,0.287,0,0.306001377,-0.586146341,0.334078953
18,2016,1316,Hebei,748779612.2,28879.7,0.286,0,0.553243312,-0.514624678,0.324839006
18,2017,1317,Hebei,754433716.1,31065.5,0.333,1,0.679119575,-0.549049616,0.797131477
18,2018,1318,Hebei,796202800.1,32947,0.391,1,0.923735095,-0.495679974,0.991737552
18,2019,1319,Hebei,828197199.5,35623.5,0.422,1,1.081681296,-0.458419732,1.413746569
18,2020,1320,Hebei,826743287.6,36821.5,0.438,1,1.204451406,-0.346158907,1.229817824
18,2021,1321,Hebei,820615047.8,41205.4,0.284,1,1.191970462,-0.299777874,0.74032928
18,2022,1322,Hebei,786684018.2,43198.3,0.271,1,1.168700857,-0.319523613,0.690418968
18,2023,1323,Hebei,810303188.5,45660,0.258,1,1.073250184,-0.323922043,0.796607819
19,2000,4100,Henan,223754241.6,5097.3,0.275,0,-1.842721747,-0.693200564,-0.117594593
19,2001,4101,Henan,241104222.2,5586.6,0.302,0,-1.547216044,-0.585514563,-0.28001968
19,2002,4102,Henan,257188779,6094.2,0.211,0,-1.542241719,-0.658723973,-0.261946976
19,2003,4103,Henan,297991142.9,7017.1,0.347,0,-1.260521053,-0.651166352,-0.273203117
19,2004,4104,Henan,362742660.4,8493.5,0.335,0,-1.012190518,-0.60675777,-0.373347708
19,2005,4105,Henan,411795162.2,10199.5,0.371,0,-0.808734161,-0.60593179,-0.402703718
19,2006,4106,Henan,456193034.3,11974.6,0.366,0,-0.731624174,-0.646723241,-0.385042885
19,2007,4107,Henan,501769723.4,14773.2,0.2,0,-0.762699085,-0.672652896,-0.437135295
19,2008,4108,Henan,518063559,17541.9,0.306,0,-0.465172289,-0.633162344,-0.353602861
19,2009,4109,Henan,542281258,19077.1,0.182,0,-0.524258318,-0.677269365,-0.265228725
19,2010,4110,Henan,582054604,22568.2,0.192,0,-0.404237024,-0.679630645,-0.117369465
19,2011,4111,Henan,632205846.7,26212.2,0.238,0,-0.06477093,-0.640706673,-0.233755973
19,2012,4112,Henan,652481297.8,28878.5,0.211,0,-0.10326315,-0.662797662,0.045664988
19,2013,4113,Henan,674562316.3,31621.4,0.346,0,0.293607403,-0.591117459,0.023175974
19,2014,4114,Henan,665211909,34611.2,0.289,0,0.381955407,-0.565452878,-0.091247487
19,2015,4115,Henan,659924911.4,36798.2,0.205,0,0.214392553,-0.594223584,0.25209465
19,2016,4116,Henan,647569257.4,40167.7,0.438,0,0.872933619,-0.490491243,0.380545904
19,2017,4117,Henan,650981464.4,44586.5,0.371,0,0.932869653,-0.422725633,0.444616337
19,2018,4118,Henan,674804784.7,50273.5,0.362,0,0.991584082,-0.409037008,0.796282648
19,2019,4119,Henan,691043674.5,53739.3,0.261,0,0.911535669,-0.417388616,0.729954375
19,2020,4120,Henan,697135595.1,54160.6,0.285,0,0.974944203,-0.335228991,0.919572351
19,2021,4121,Henan,729969987.7,57806.9,0.154,0,0.794442353,-0.40321249,0.844082411
19,2022,4122,Henan,713191350.2,58807.4,0.131,0,0.750333372,-0.426770988,0.755928896
19,2023,4123,Henan,736854465.7,60627.7,0.143,0,0.797148446,-0.395412439,0.835357447
20,2000,3300,Zhejiang,119013241.5,6218.9,0.306,0,-1.700151437,-0.56803139,-0.208643029
20,2001,3301,Zhejiang,126433723.4,7003.4,0.204,0,-1.700903078,-0.569943742,-0.225752377
20,2002,3302,Zhejiang,135158750.7,8144.1,0.173,0,-1.659150402,-0.64956423,-0.203083822
20,2003,3303,Zhejiang,157390352.8,9892.6,0.286,0,-1.279072253,-0.629910388,-0.286064796
20,2004,3304,Zhejiang,184446522.4,11660.7,0.286,0,-1.093673428,-0.626715662,-0.338395873
20,2005,3305,Zhejiang,212698735.4,13212.6,0.303,0,-0.979642577,-0.621253823,-0.323151424
20,2006,3306,Zhejiang,256460745.3,15516.4,0.346,0,-0.650053506,-0.571741874,-0.40436081
20,2007,3307,Zhejiang,273236958.5,18914.7,0.28,0,-0.576995359,-0.59281447,-0.397754104
20,2008,3308,Zhejiang,294301735.4,21607.9,0.145,0,-0.763141186,-0.657198349,-0.184526499
20,2009,3309,Zhejiang,314858882.5,23227.5,0.266,0,-0.337396902,-0.548642565,-0.210763313
20,2010,3310,Zhejiang,338328727.9,27902.2,0.115,0,-0.596231372,-0.613982516,0.024810237
20,2011,3311,Zhejiang,366433475.4,32353.1,0.238,0,-0.185252651,-0.538814266,0.05969665
20,2012,3312,Zhejiang,366509350.7,34978.5,0.15,0,-0.213744857,-0.490671073,0.213556342
20,2013,3313,Zhejiang,376790997.2,38023.3,0.258,0,0.124385096,-0.453012934,0.287658539
20,2014,3314,Zhejiang,388705304.7,40744.1,0.343,0,0.370107018,-0.396186527,0.440131394
20,2015,3315,Zhejiang,392447772,44222,0.254,0,0.112518216,-0.369808547,1.136769657
20,2016,3316,Zhejiang,388672337.8,48095.8,0.325,0,0.46352296,-0.242186909,1.311511749
20,2017,3317,Zhejiang,392599706.8,53135.2,0.378,1,0.670623698,-0.128904461,1.704039499
20,2018,3318,Zhejiang,403914618.8,59311.7,0.327,1,0.710458357,-0.030604655,2.014785355
20,2019,3319,Zhejiang,404079923.3,64632,0.339,1,0.639946246,-0.106637528,2.460479963
20,2020,3320,Zhejiang,407022336.1,67164.5,0.22,1,0.406246652,0.009231182,2.944562037
20,2021,3321,Zhejiang,425847150.8,76765.3,0.229,1,0.672702164,-0.025587175,2.456732147
20,2022,3322,Zhejiang,414972485.6,80770,0.263,1,0.794132811,-0.048509072,2.263252855
20,2023,3323,Zhejiang,441801707.7,85619.6,0.258,1,0.781212528,-0.042727167,2.342837182
21,2000,4600,Hainan,17811898.15,532,0.327,0,-1.322892212,3.617988717,0.20452151
21,2001,4601,Hainan,18656847.16,585.3,0.206,0,-1.34978938,3.660655006,0.239966786
21,2002,4602,Hainan,19812107.55,650,0.357,0,-0.995249011,3.654175102,0.118092517
21,2003,4603,Hainan,22071351.95,722.6,0.44,0,-0.764032842,3.603304687,0.054290881
21,2004,4604,Hainan,26591493.99,813.1,0.262,0,-0.891349935,3.061342776,0.010847278
21,2005,4605,Hainan,28531265.25,896.1,0.22,0,-0.7892418,2.706427343,-0.084602341
21,2006,4606,Hainan,31893762.37,1040.3,0.397,0,-0.443096526,2.431104072,-0.233843355
21,2007,4607,Hainan,35022420.19,1252.8,0.295,0,-0.409601168,2.355819138,-0.26522855
21,2008,4608,Hainan,35343724.97,1502,0.186,0,-0.451958049,1.649456905,-0.345376
21,2009,4609,Hainan,39964373.92,1652.2,0.351,0,0.090906841,1.557218171,-0.461243244
21,2010,4610,Hainan,42142585.3,2073.7,0.438,0,0.33730074,1.420327655,-0.583538266
21,2011,4611,Hainan,44204535.02,2525.1,0.254,0,0.125476412,1.032696872,-0.545746403
21,2012,4612,Hainan,47734274.54,2863.6,0.207,0,0.096120663,0.807182382,-0.562393168
21,2013,4613,Hainan,48572734.68,3201.9,0.377,0,0.634761333,0.873147392,-0.726388801
21,2014,4614,Hainan,47230960.2,3541.2,0.324,0,0.597730071,0.815975655,-0.702613666
21,2015,4615,Hainan,48005364.09,3782.7,0.449,0,1.029014485,0.826523014,-0.816337671
21,2016,4616,Hainan,48308301.98,4151,0.205,0,0.702222537,0.715427913,-0.679855069
21,2017,4617,Hainan,47958497.04,4552.9,0.333,0,1.250428099,0.813669556,-0.849331852
21,2018,4618,Hainan,48576370.11,5004.2,0.45,0,1.70754469,0.752081836,-0.911945828
21,2019,4619,Hainan,48492713.22,5442.1,0.335,0,1.400353404,0.612004856,-0.774977001
21,2020,4620,Hainan,50180102.12,5640.8,0.263,0,1.370240095,0.642646341,-0.765103507
21,2021,4621,Hainan,51004498.19,6508.9,0.377,0,1.898466044,0.543822822,-0.944437482
21,2022,4622,Hainan,50769413.96,6912.8,0.38,0,1.956087094,0.550376949,-0.987308123
21,2023,4623,Hainan,52930816.97,7590.2,0.416,0,2.017794716,0.534127836,-0.985513293
22,2000,4200,Hubei,170592907.4,3577.4,0.195,0,-1.844851646,-0.398289043,-0.167054532
22,2001,4201,Hubei,172244663.8,3921.5,0.356,0,-1.499000903,-0.303524386,-0.245995893
22,2002,4202,Hubei,181760737.3,4263,0.267,0,-1.483394786,-0.295599804,-0.168698017
22,2003,4203,Hubei,208491772.2,4818.8,0.427,0,-1.065146629,-0.222196865,-0.310882674
22,2004,4204,Hubei,243176720.6,5619.2,0.207,0,-1.261937558,-0.368561453,-0.251737001
22,2005,4205,Hubei,261770843.6,6548.8,0.325,0,-0.875702443,-0.351998745,-0.353286746
22,2006,4206,Hubei,302563951,7636.7,0.334,0,-0.7378041,-0.353074939,-0.40458966
22,2007,4207,Hubei,314925942.8,9601.8,0.274,0,-0.554760821,-0.418330779,-0.494136468
22,2008,4208,Hubei,323740891,11707.8,0.188,0,-0.649110823,-0.501440075,-0.374146739
22,2009,4209,Hubei,354625736.3,13422.6,0.251,0,-0.34333026,-0.459325817,-0.250407311
22,2010,4210,Hubei,382510132.7,16489.1,0.27,0,-0.2147144,-0.505064046,-0.225489978
22,2011,4211,Hubei,407045124.4,20228.3,0.299,0,0.032284654,-0.500874936,-0.257429056
22,2012,4212,Hubei,428483320.6,22921,0.11,0,-0.23809813,-0.55518081,-0.119268306
22,2013,4213,Hubei,442385246.1,25851.7,0.209,0,0.122405053,-0.51300226,-0.205635915
22,2014,4214,Hubei,456516122.1,28805.9,0.341,0,0.580364603,-0.418813814,-0.287118072
22,2015,4215,Hubei,455372275.1,30661.6,0.318,0,0.587698639,-0.428928074,-0.009309833
22,2016,4216,Hubei,449464277.8,33767.6,0.153,0,0.344524259,-0.428552624,0.183643369
22,2017,4217,Hubei,453294594.4,37624.2,0.168,0,0.546622031,-0.358152826,0.284859532
22,2018,4218,Hubei,470428512.5,42425.5,0.17,0,0.578137098,-0.37747697,0.587720326
22,2019,4219,Hubei,490417179.4,45557,0.297,0,1.06123351,-0.298720941,0.774488285
22,2020,4220,Hubei,494932839.5,43017.6,0.26,0,1.033673428,-0.23370935,0.790963943
22,2021,4221,Hubei,515799203.6,50093.3,0.313,0,1.555581373,-0.122378663,0.488253851
22,2022,4222,Hubei,503020384.4,53445.4,0.345,0,1.563072147,-0.107999366,0.565075011
22,2023,4223,Hubei,544823400.2,56794.3,0.337,0,1.462204445,-0.10932705,0.68586683
23,2000,4300,Hunan,93269514.41,3591,0.267,0,-1.80588617,-0.341488017,-0.096462387
23,2001,4301,Hunan,97550990.69,3877.1,0.223,0,-1.756750877,-0.315339762,-0.057500732
23,2002,4302,Hunan,102022503.3,4207.2,0.251,0,-1.604853017,-0.353821299,-0.070626942
23,2003,4303,Hunan,117842856.5,4726.9,0.193,0,-1.405927116,-0.306728649,-0.224028158
23,2004,4304,Hunan,140246996.4,5619.6,0.244,0,-1.208319622,-0.365688192,-0.250058132
23,2005,4305,Hunan,152720681.6,6451.7,0.319,0,-0.871452446,-0.369300298,-0.341002231
23,2006,4306,Hunan,178813507.7,7529.2,0.211,0,-0.961382366,-0.431229675,-0.314063619
23,2007,4307,Hunan,207796793.3,9409.9,0.141,0,-0.895914215,-0.484244201,-0.380157668
23,2008,4308,Hunan,205941936.9,11466.6,0.29,0,-0.487871179,-0.478659114,-0.442760413
23,2009,4309,Hunan,219384144.6,12965.9,0.229,0,-0.356343148,-0.515772755,-0.310692408
23,2010,4310,Hunan,228643763.6,15814.9,0.291,0,-0.14068884,-0.519585058,-0.288026643
23,2011,4311,Hunan,248157091.1,19176.4,0.255,0,-0.027935242,-0.511665301,-0.300575465
23,2012,4312,Hunan,255001733,21513.7,0.382,0,0.344621336,-0.460747914,-0.2976339
23,2013,4313,Hunan,261042897,23916.3,0.212,0,0.084869723,-0.539802595,-0.125022136
23,2014,4314,Hunan,256754054.1,26309.1,0.236,0,0.220546059,-0.52134188,-0.013533208
23,2015,4315,Hunan,253281451.3,28811.7,0.335,0,0.598268646,-0.444313137,-0.063476484
23,2016,4316,Hunan,255078574.9,31225,0.149,0,0.323503219,-0.484741831,0.208729464
23,2017,4317,Hunan,254634463.9,34127.7,0.257,0,0.756665558,-0.370917999,0.225330776
23,2018,4318,Hunan,259475240.6,36629.3,0.295,0,1.003840874,-0.3634555,0.272061659
23,2019,4319,Hunan,259868617.6,39930.7,0.279,0,0.995812542,-0.335949585,0.480047803
23,2020,4320,Hunan,256405104.6,41693.7,0.271,0,1.02175285,-0.307834344,0.624198107
23,2021,4321,Hunan,275916516.7,45751.9,0.324,0,1.672250014,-0.227556393,0.021157572
23,2022,4322,Hunan,274691729.3,47957.9,0.329,0,1.629208218,-0.243540462,0.016259535
23,2023,4323,Hunan,298513888.9,50667.5,0.33,0,1.64307403,-0.247179772,0.000914923
24,2000,6200,Gansu,67518991.03,1061.4,0.407,0,-1.426178863,1.411846771,0.021034592
24,2001,6201,Gansu,70594947.79,1135.1,0.28,0,-1.583505023,1.32593933,0.098700048
24,2002,6202,Gansu,74430493.31,1246.2,0.273,0,-1.370664912,1.504894339,0.025051059
24,2003,6203,Gansu,88248767.09,1417.3,0.272,0,-1.204138731,1.292538596,-0.046034737
24,2004,6204,Gansu,100285697.7,1675.7,0.5,0,-0.684665131,1.124323923,-0.208877213
24,2005,6205,Gansu,112641501.2,1890.9,0.36,0,-0.838332202,0.833299967,-0.151987123
24,2006,6206,Gansu,120987859.9,2230,0.163,0,-1.016501505,0.557047224,-0.197455219
24,2007,6207,Gansu,137407644.9,2707.3,0.386,0,-0.354193448,0.596271175,-0.385567875
24,2008,6208,Gansu,138662548.6,3112.5,0.359,0,-0.304858789,0.432967555,-0.39443485
24,2009,6209,Gansu,149775585,3313.8,0.245,0,-0.272055217,0.311260181,-0.365601371
24,2010,6210,Gansu,166121591.7,3987.7,0.378,0,0.078381324,0.268112209,-0.399021177
24,2011,6211,Gansu,185415514.6,4880.7,0.412,0,0.369022026,0.145337622,-0.50270206
24,2012,6212,Gansu,189696896.3,5469.1,0.41,0,0.507146779,0.154913395,-0.545957891
24,2013,6213,Gansu,196636684,6108.3,0.287,0,0.420228006,0.10387926,-0.530458742
24,2014,6214,Gansu,194817849.3,6629.4,0.388,0,0.774212687,0.050305785,-0.621774359
24,2015,6215,Gansu,194235262.7,6793.4,0.278,0,0.573473879,0.069898671,-0.544353957
24,2016,6216,Gansu,191818338.5,7207.1,0.418,0,1.134105394,0.158444613,-0.624347975
24,2017,6217,Gansu,199442438.6,7642.6,0.276,0,0.959097182,0.179364589,-0.57627926
24,2018,6218,Gansu,205464166.8,8364.7,0.281,0,1.097069841,0.116166597,-0.45220261
24,2019,6219,Gansu,208698425.8,9053.3,0.364,0,1.52988389,0.214229789,-0.667047291
24,2020,6220,Gansu,213700508.1,9323.1,0.247,0,1.337690155,0.126366301,-0.582886249
24,2021,6221,Gansu,226080748.7,10608,0.378,0,1.871059571,0.223641756,-0.849168806
24,2022,6222,Gansu,225000927.6,11553.6,0.372,0,1.893353644,0.229567454,-0.832497011
24,2023,6223,Gansu,246083672.9,12345.7,0.382,0,1.858722368,0.246233106,-0.777910776
25,2000,3500,Fujian,74605153.85,3804.6,0.215,0,-1.78955941,-0.387529664,-0.26542306
25,2001,3501,Fujian,85162161.4,4120.9,0.191,0,-1.63503847,-0.332440504,-0.310912321
25,2002,3502,Fujian,90278008.48,4524.4,0.336,0,-1.227125244,-0.300940346,-0.418869681
25,2003,3503,Fujian,100742479.7,5067,0.275,0,-1.178132095,-0.308515071,-0.427492458
25,2004,3504,Fujian,114755304.7,5792,0.32,0,-0.858273539,-0.306740023,-0.513986607
25,2005,3505,Fujian,128468333.6,6506.9,0.278,0,-0.8172248,-0.307844793,-0.523501919
25,2006,3506,Fujian,156057297.4,7586.2,0.106,0,-1.023558832,-0.396860944,-0.475676209
25,2007,3507,Fujian,163085433.4,9474.3,0.327,0,-0.361161311,-0.392061437,-0.644107225
25,2008,3508,Fujian,172245888.4,11104.2,0.4,0,-0.158821433,-0.384023031,-0.663956394
25,2009,3509,Fujian,182919859.6,12625.1,0.251,0,-0.171576078,-0.404211641,-0.546961905
25,2010,3510,Fujian,201986329,15236.6,0.234,0,-0.134425687,-0.435321805,-0.526962419
25,2011,3511,Fujian,223567888,18195.2,0.216,0,-0.058238447,-0.480143576,-0.521551382
25,2012,3512,Fujian,228852630.3,20510.8,0.144,0,-0.066521138,-0.489623941,-0.44103951
25,2013,3513,Fujian,232099096.8,22851.7,0.394,0,0.632522185,-0.376956369,-0.580084351
25,2014,3514,Fujian,235206846.7,25329.4,0.317,0,0.652130908,-0.370233376,-0.569822359
25,2015,3515,Fujian,231335072.3,27307.5,0.195,0,0.257131652,-0.446265675,-0.101703317
25,2016,3516,Fujian,228426945.8,30199.2,0.264,0,0.696527165,-0.339852853,0.04204486
25,2017,3517,Fujian,236281755.5,34432.2,0.274,0,0.842421552,-0.306946301,0.013413621
25,2018,3518,Fujian,247948702.5,39204.8,0.167,0,0.712808939,-0.321207454,0.352435384
25,2019,3519,Fujian,251683740.7,42479.1,0.353,0,1.318824079,-0.235457111,0.272511801
25,2020,3520,Fujian,251596524.3,43682,0.287,0,1.250511171,-0.234810413,0.2727354
25,2021,3521,Fujian,269332031.3,49602.6,0.208,0,1.240150979,-0.262806941,0.128338819
25,2022,3522,Fujian,267029803.7,52099.6,0.222,0,1.291226404,-0.268316355,0.097182084
25,2023,3523,Fujian,275303145.3,54801.7,0.221,0,1.289363074,-0.260124422,0.149821332
26,2000,5400,Xizang,9636722.678,118.9,0.731,0,-0.453909125,7.975910612,0.547363094
26,2001,5401,Xizang,10112565.34,140.7,0.683,0,-0.42865055,8.242693449,0.619550971
26,2002,5402,Xizang,10711058.08,164,0.59,0,-0.700708945,6.00118323,0.390530845
26,2003,5403,Xizang,12084338.15,188.2,0.433,0,-0.652214996,6.195117902,0.388300287
26,2004,5404,Xizang,14058027.11,220.9,0.63,0,-0.288176575,6.256143402,0.227480597
26,2005,5405,Xizang,15489941.87,247,0.713,0,-0.034968152,4.80275368,-0.097811523
26,2006,5406,Xizang,16749091.15,290.6,0.553,0,-0.211351776,5.409969512,0.172409254
26,2007,5407,Xizang,18077920.23,349.8,0.721,0,0.250530004,5.152442067,-0.015056782
26,2008,5408,Xizang,18992591.9,405.2,0.543,0,-0.019466558,3.394064129,-0.297612539
26,2009,5409,Xizang,20202580.51,453,0.663,0,0.423212682,4.437675702,-0.254614501
26,2010,5410,Xizang,21612995.28,521.4,0.539,0,0.148775564,3.407752631,-0.308625838
26,2011,5411,Xizang,23494689.85,620.8,0.762,0,0.729606601,3.065027554,-0.496914546
26,2012,5412,Xizang,24329255.95,721.1,0.66,0,0.688065049,2.986090887,-0.46876212
26,2013,5413,Xizang,25224624.18,840.3,0.7,0,0.931139303,1.976627974,-0.730594267
26,2014,5414,Xizang,25192019.16,954.8,0.65,0,0.777169968,1.722567801,-0.676102839
26,2015,5415,Xizang,25610347.9,1063.6,0.783,0,1.351182301,1.716273329,-0.765719423
26,2016,5416,Xizang,25929663.53,1197.4,0.656,0,1.225943685,1.82765897,-0.791220281
26,2017,5417,Xizang,26035363.94,1381,0.546,0,1.113345359,1.661036363,-0.713060646
26,2018,5418,Xizang,26454596,1583.5,0.64,0,1.623112957,1.928035251,-0.812157326
26,2019,5419,Xizang,26424956.93,1750.3,0.518,0,1.354012784,1.401254378,-0.833724
26,2020,5420,Xizang,25971325.68,1956.5,0.739,0,2.116904914,1.544389668,-1.004586134
26,2021,5421,Xizang,26450750.18,2145.1,0.588,0,1.770951955,1.056935371,-1.0325777
26,2022,5422,Xizang,25467563.56,2235.4,0.53,0,1.732965495,1.222480572,-0.988371948
26,2023,5423,Xizang,27146987.21,2532.9,0.545,0,1.763588251,1.344751344,-0.971631782
27,2000,5200,Guizhou,54241898.63,1040.4,0.307,0,-1.566820373,1.418236886,0.024878716
27,2001,5201,Guizhou,57076920.48,1147.1,0.234,0,-1.573585774,1.157872746,-0.003851067
27,2002,5202,Guizhou,63726952.31,1260.4,0.272,0,-1.340773502,1.39754696,-0.038508796
27,2003,5203,Guizhou,83217437.98,1449,0.228,0,-1.265651712,1.268012282,-0.035151932
27,2004,5204,Guizhou,98803239.19,1672.7,0.344,0,-0.953117278,1.08342566,-0.134784534
27,2005,5205,Guizhou,113341749.8,1964.2,0.259,0,-0.929358807,0.640124598,-0.218250629
27,2006,5206,Guizhou,131977353.7,2292.3,0.246,0,-0.866466051,0.699143293,-0.240101529
27,2007,5207,Guizhou,139363293.4,2883,0.336,0,-0.410140239,0.381138293,-0.431082805
27,2008,5208,Guizhou,134040848.9,3551.3,0.411,0,-0.180850811,0.336140535,-0.489464703
27,2009,5209,Guizhou,145971598.7,3910.7,0.13,0,-0.614571491,0.141446654,-0.26330718
27,2010,5210,Guizhou,148215300.6,4583.7,0.328,0,0.021767828,0.230984175,-0.498726644
27,2011,5211,Guizhou,161835215.3,5690.5,0.225,0,0.076092866,0.012926408,-0.545231945
27,2012,5212,Guizhou,164789853.2,6828.1,0.378,0,0.414816757,0.002293571,-0.608798999
27,2013,5213,Guizhou,184366876.9,8079.9,0.316,0,0.449145977,-0.042120244,-0.595402368
27,2014,5214,Guizhou,184466459,9297.5,0.32,0,0.587928419,-0.110994859,-0.522755049
27,2015,5215,Guizhou,178585224.5,10887.1,0.249,0,0.564113343,-0.168482675,-0.511794823
27,2016,5216,Guizhou,192573023,12133.9,0.262,0,0.746431556,-0.192877735,-0.373297427
27,2017,5217,Guizhou,199679779.2,14067.3,0.331,1,1.129635694,-0.17055369,-0.494737867
27,2018,5218,Guizhou,209301617.4,15886.6,0.153,1,0.8177028,-0.248508029,-0.295022941
27,2019,5219,Guizhou,214417494.6,17251.8,0.277,1,1.198692569,-0.248635884,-0.237311692
27,2020,5220,Guizhou,220897150.6,18308.3,0.356,1,1.520870054,-0.147141695,-0.494950244
27,2021,5221,Guizhou,226784891.7,19921.3,0.249,1,1.499659032,-0.186445312,-0.546724524
27,2022,5222,Guizhou,225588087.3,20579.5,0.227,1,1.461038947,-0.175738547,-0.528102713
27,2023,5223,Guizhou,233239900,21513.7,0.252,1,1.49270486,-0.141829428,-0.466633695
28,2000,2100,Liaoning,176690927.1,4703.7,0.281,0,-1.72419285,-0.487518782,-0.149115032
28,2001,2101,Liaoning,175640064.7,5074.9,0.371,0,-1.398296869,-0.444609982,-0.270238494
28,2002,2102,Liaoning,186956808.5,5507.8,0.264,0,-1.500028203,-0.473390113,-0.178131054
28,2003,2103,Liaoning,206153670.1,5973.6,0.389,0,-1.215913241,-0.442825278,-0.178125852
28,2004,2104,Liaoning,224856816.6,6547.7,0.365,0,-1.038744072,-0.409474999,-0.242591894
28,2005,2105,Liaoning,246833363.4,7342.2,0.323,0,-0.975826149,-0.467491946,-0.272016463
28,2006,2106,Liaoning,265732209.2,8489.3,0.445,0,-0.540058413,-0.426104375,-0.413340099
28,2007,2107,Liaoning,286832955.4,10422.8,0.211,0,-0.752049045,-0.508571184,-0.394611758
28,2008,2108,Liaoning,298983651.6,12303,0.376,0,-0.309020651,-0.46901799,-0.42861784
28,2009,2109,Liaoning,321139541.2,13003.2,0.281,0,-0.229025762,-0.464865878,-0.371405333
28,2010,2110,Liaoning,364659206.4,14105.8,0.351,0,0.023586522,-0.491808009,-0.401313905
28,2011,2111,Liaoning,388205915,16585.3,0.19,0,-0.118516921,-0.540124317,-0.340350155
28,2012,2112,Liaoning,407436664.7,18127.6,0.283,0,0.092824999,-0.508708787,-0.272295232
28,2013,2113,Liaoning,419151649.8,19534.3,0.332,0,0.376596007,-0.466411294,-0.283661097
28,2014,2114,Liaoning,426753234.9,20381.5,0.263,0,0.382469769,-0.481259399,-0.302919096
28,2015,2115,Liaoning,417136777.3,20657.8,0.386,0,0.78194803,-0.406992489,-0.286828362
28,2016,2116,Liaoning,398572946.9,20832,0.241,0,0.721288419,-0.32038982,-0.291090478
28,2017,2117,Liaoning,410853185.2,22105.4,0.348,0,1.069116378,-0.255585309,-0.301009662
28,2018,2118,Liaoning,434582947.7,24113.5,0.223,0,1.051725963,-0.249121048,-0.304550711
28,2019,2119,Liaoning,445691948.9,25665.9,0.335,0,1.369028452,-0.176154207,-0.220522278
28,2020,2120,Liaoning,442806243.7,25839,0.272,0,1.324721249,-0.153317222,-0.196148918
28,2021,2121,Liaoning,467131431.7,28471,0.339,0,1.817834656,-0.074757199,-0.429777843
28,2022,2122,Liaoning,458989463.3,29739.7,0.358,0,1.888993853,-0.095602824,-0.505163487
28,2023,2123,Liaoning,478343612.6,31389.8,0.388,0,1.954096175,-0.115853986,-0.54431416
29,2000,5000,Chongqing,52337772.92,1841.4,0.418,0,-1.478382077,0.537623367,-0.103031465
29,2001,5001,Chongqing,53914802.9,2038.9,0.299,0,-1.598023224,0.518769419,-0.032593147
29,2002,5002,Chongqing,56748344.53,2310.3,0.279,0,-1.419900124,0.512511347,-0.108086239
29,2003,5003,Chongqing,63289817.31,2654.4,0.298,0,-1.244218856,0.346996348,-0.164176456
29,2004,5004,Chongqing,71510102.29,3103.2,0.235,0,-1.232660803,0.254602605,-0.141964236
29,2005,5005,Chongqing,80021848.92,3491.6,0.156,0,-1.16269978,0.057297879,-0.236860377
29,2006,5006,Chongqing,97053858.97,3949,0.331,0,-0.781674767,-0.035896887,-0.316300057
29,2007,5007,Chongqing,104835053.5,4837.5,0.321,0,-0.53303698,0.006713816,-0.385366531
29,2008,5008,Chongqing,108779308.3,5978.8,0.165,0,-0.697886101,-0.192902769,-0.319364046
29,2009,5009,Chongqing,112666255.4,6744.1,0.309,0,-0.119758164,-0.10606584,-0.435371556
29,2010,5010,Chongqing,118286366.3,8186.5,0.209,0,-0.288998136,-0.264106994,-0.35925358
29,2011,5011,Chongqing,125844348.4,10314.1,0.165,0,-0.233405683,-0.357625267,-0.152294497
29,2012,5012,Chongqing,127918873,11797.8,0.275,0,0.085804556,-0.334371609,-0.236529209
29,2013,5013,Chongqing,138989805.5,13275.8,0.381,0,0.535643852,-0.27348879,-0.414201811
29,2014,5014,Chongqing,148431422.3,14911.7,0.387,0,0.73374199,-0.240195049,-0.439097042
29,2015,5015,Chongqing,150142926.7,16305.9,0.251,0,0.490358248,-0.32520031,-0.04971033
29,2016,5016,Chongqing,156090395.2,18271.1,0.321,0,0.897348058,-0.219203661,-0.326380359
29,2017,5017,Chongqing,158984946.3,20260.8,0.324,0,0.998996139,-0.260764405,-0.156623142
29,2018,5018,Chongqing,163651519.4,21866.8,0.318,0,1.264985016,-0.201762174,-0.273525071
29,2019,5019,Chongqing,165075533.4,23689.6,0.258,0,1.212936921,-0.246440415,-0.184484064
29,2020,5020,Chongqing,165423585.3,25158.1,0.274,0,1.292276955,-0.234952635,-0.073930349
29,2021,5021,Chongqing,170228892.5,28092.5,0.288,0,1.542756712,-0.174858948,-0.176883706
29,2022,5022,Chongqing,169049683.2,28771.8,0.291,0,1.538130366,-0.193737757,-0.186812293
29,2023,5023,Chongqing,181041879.5,30614.3,0.32,0,1.599063133,-0.190745999,-0.154865798
30,2000,6300,Qinghai,24196067.99,266.6,0.396,0,-1.299767515,2.440079438,-0.015582923
30,2001,6301,Qinghai,24703978.78,303.6,0.474,0,-1.067527363,3.246598521,0.04804097
30,2002,6302,Qinghai,26682478.88,345.1,0.568,0,-0.803869779,3.177481082,-0.029758426
30,2003,6303,Qinghai,30098376.2,390.4,0.57,0,-0.663021917,3.169848764,-0.029694956
30,2004,6304,Qinghai,35393047.14,450,0.649,0,-0.308207756,2.998421993,-0.193900181
30,2005,6305,Qinghai,38720132.95,506,0.422,0,-0.579390457,2.472844028,-0.177942915
30,2006,6306,Qinghai,46611283.6,592.7,0.617,0,-0.176762675,1.743292292,-0.405523392
30,2007,6307,Qinghai,53449352.23,729.4,0.426,0,-0.268584426,1.597166048,-0.387320109
30,2008,6308,Qinghai,53357597.69,909.2,0.371,0,-0.222677862,1.149846468,-0.456317471
30,2009,6309,Qinghai,54502298.42,953.3,0.466,0,0.138578112,1.330375634,-0.507908105
30,2010,6310,Qinghai,58616099.48,1160.8,0.489,0,0.216946484,0.918920763,-0.546478156
30,2011,6311,Qinghai,63463286.04,1388.3,0.5,0,0.386812818,0.818967648,-0.590042128
30,2012,6312,Qinghai,66443066.09,1547.9,0.401,0,0.368162678,0.573461747,-0.632759541
30,2013,6313,Qinghai,69862485.33,1736.1,0.531,0,0.723175518,0.413735477,-0.648079477
30,2014,6314,Qinghai,70323202.62,1875.1,0.378,0,0.497677693,0.487748354,-0.623582847
30,2015,6315,Qinghai,76254603.34,2054.3,0.303,0,0.495692855,0.382408191,-0.461773394
30,2016,6316,Qinghai,78591389.32,2310.7,0.288,0,0.658891457,0.386286034,-0.628054831
30,2017,6317,Qinghai,79881559.49,2517,0.499,0,1.370272014,0.49762631,-0.885262622
30,2018,6318,Qinghai,82721746.56,2799.9,0.272,0,1.107920069,0.376118808,-0.778319243
30,2019,6319,Qinghai,81588623.14,3020.2,0.431,0,1.398170659,0.653337348,-0.836778699
30,2020,6320,Qinghai,80617612.3,3080.6,0.465,0,1.665614711,0.630018682,-0.843309881
30,2021,6321,Qinghai,84550523.4,3446.3,0.615,0,2.099743066,0.724727707,-0.980553598
30,2022,6322,Qinghai,85118819.98,3677.4,0.624,0,2.134698824,0.74215288,-0.989174466
30,2023,6323,Qinghai,92762593.03,3849.2,0.662,0,2.188538185,0.777657314,-0.989635699
31,2000,2300,Heilongjiang,104881427.7,2881.9,0.439,0,-1.534454492,-0.158142495,-0.137396222
31,2001,2301,Heilongjiang,107979180.6,3074.1,0.247,0,-1.674755012,-0.230456801,-0.061773906
31,2002,2302,Heilongjiang,116042344.8,3278.2,0.255,0,-1.531950688,-0.278811943,-0.135003587
31,2003,2303,Heilongjiang,126214180,3649.8,0.393,0,-1.17802283,-0.222104501,-0.189184671
31,2004,2304,Heilongjiang,135344002,4180.3,0.263,0,-1.256793469,-0.280461897,-0.161619669
31,2005,2305,Heilongjiang,143425719.1,4804.5,0.413,0,-0.723379837,-0.279815494,-0.369482964
31,2006,2306,Heilongjiang,148843955,5386.1,0.176,0,-1.044181963,-0.328373235,-0.26671706
31,2007,2307,Heilongjiang,156932291.5,6193.7,0.219,0,-0.722235904,-0.305307279,-0.364288683
31,2008,2308,Heilongjiang,159526424.4,7215.1,0.437,0,-0.256048472,-0.297343868,-0.438176391
31,2009,2309,Heilongjiang,162761801.6,7315.8,0.336,0,-0.119771212,-0.300093187,-0.441997419
31,2010,2310,Heilongjiang,173373789,8434.7,0.292,0,-0.058346474,-0.357827477,-0.412149499
31,2011,2311,Heilongjiang,180515957.8,10074,0.312,0,0.116465979,-0.393508657,-0.435146389
31,2012,2312,Heilongjiang,182531440.4,11171,0.247,0,0.047063853,-0.397383665,-0.320773974
31,2013,2313,Heilongjiang,187451366.9,12017,0.242,0,0.173703643,-0.394442145,-0.256857013
31,2014,2314,Heilongjiang,182866174.1,12357.1,0.428,0,0.823404397,-0.265129264,-0.448811799
31,2015,2315,Heilongjiang,180800977.2,12023.2,0.286,0,0.488396386,-0.335014123,-0.15596832
31,2016,2316,Heilongjiang,180166854.6,12280.9,0.176,0,0.508107811,-0.294148583,-0.364962033
31,2017,2317,Heilongjiang,187998552,12659.5,0.27,0,0.930643289,-0.257768342,-0.234736225
31,2018,2318,Heilongjiang,192378913.7,13205.7,0.207,0,0.978167759,-0.23831397,-0.396612587
31,2019,2319,Heilongjiang,192659861.7,13962.5,0.374,0,1.466135975,-0.050959514,-0.224941333
31,2020,2320,Heilongjiang,195478907.6,14000.1,0.246,0,1.146520933,-0.141314269,-0.016169985
31,2021,2321,Heilongjiang,205439885.6,15292.8,0.317,0,1.696502737,-0.012804953,-0.46320986
31,2022,2322,Heilongjiang,203734318.9,16359.2,0.345,0,1.75274669,-0.047991026,-0.516519339
31,2023,2323,Heilongjiang,214795337.2,16470.7,0.336,0,1.691210683,-0.073204225,-0.492478908