year,id,GDP（亿元）,地方一般公共预算支出（亿元）,环境保护支出（亿元）,占比
2007,北京,9353.32,1649.5023,29.5827,0.017934319
2007,天津,5050.4,674.3262,5.9143,0.008770681
2007,河北,13709.5,1506.6482,43.7978,0.029069693
2007,山西,5733.35,1049.9228,44.9696,0.04283134
2007,内蒙古,6091.12,1082.3054,61.7283,0.057034087
2007,辽宁,11023.49,1764.2805,30.729,0.017417298
2007,吉林,5284.69,883.7597,30.4523,0.03445767
2007,黑龙江,7065,1187.2711,44.3402,0.037346315
2007,上海,12188.85,2181.678,20.0373,0.009184353
2007,江苏,25741.15,2553.7217,48.3065,0.018916118
2007,浙江,18780.44,1806.7928,31.3847,0.017370392
2007,安徽,7364.18,1243.8342,37.6495,0.030268906
2007,福建,9249.13,910.6446,9.7019,0.010653882
2007,江西,5500.25,905.0582,13.8809,0.015337025
2007,山东,25965.91,2261.8495,33.9445,0.015007409
2007,河南,15012.46,1870.6135,60.9191,0.032566375
2007,湖北,9230.68,1277.3257,28.0528,0.021962135
2007,湖南,9200,1357.031,29.8387,0.021988223
2007,广东,31084.4,3159.5703,26.71,0.008453681
2007,广西,5955.65,985.9433,14.1009,0.014301938
2007,海南,1223.28,245.1967,5.3236,0.021711548
2007,重庆,4122.51,768.3886,38.6191,0.050259855
2007,四川,10505.3,1759.1304,71.163,0.04045351
2007,贵州,2741.9,795.399,27.2324,0.034237408
2007,云南,4741.31,1135.2175,31.3816,0.027643689
2007,西藏,342.19,275.3682,4.7651,0.017304467
2007,陕西,5465.79,1053.9665,48.7457,0.046249762
2007,甘肃,2702.4,675.3372,33.601,0.049754404
2007,青海,783.61,282.1993,18.9848,0.06727444
2007,宁夏,889.2,241.8545,12.7629,0.052770984
2007,新疆,3523.16,795.154,22.6175,0.028444176
2008,北京,10488.03,1959.2857,35.4688,0.018102924
2008,天津,6354.38,867.7245,10.9789,0.012652518
2008,河北,16188.61,1881.6696,76.3556,0.040578644
2008,山西,6938.73,1315.0175,64.2863,0.04888627
2008,内蒙古,7761.8,1454.5732,79.6815,0.054779986
2008,辽宁,13461.57,2153.4348,48.1798,0.022373466
2008,吉林,6424.06,1180.1223,45.6067,0.03864574
2008,黑龙江,8310,1542.3004,48.5105,0.031453341
2008,上海,13698.15,2593.9161,25.0758,0.009667159
2008,江苏,30312.61,3247.4927,95.1795,0.029308611
2008,浙江,21486.92,2208.5756,46.5183,0.02106258
2008,安徽,8874.17,1647.1253,54.7367,0.033231655
2008,福建,10823.11,1137.7159,14.0264,0.012328561
2008,江西,6480.33,1210.073,31.8377,0.026310561
2008,山东,31072.06,2704.6613,58.6002,0.021666373
2008,河南,18407.78,2281.6093,75.851,0.033244517
2008,湖北,11330.38,1650.2763,40.9194,0.024795484
2008,湖南,11156.64,1765.2249,41.7066,0.023626791
2008,广东,35696.46,3778.5681,47.0878,0.012461811
2008,广西,7171.58,1297.11,27.974,0.021566405
2008,海南,1459.23,357.9708,6.8058,0.019012165
2008,重庆,5096.66,1016.0112,52.9297,0.052095587
2008,四川,12506.25,2948.8269,79.1451,0.02683952
2008,贵州,3333.4,1053.7922,40.4391,0.038374833
2008,云南,5700.1,1470.2388,58.4582,0.039761024
2008,西藏,395.91,380.6589,5.7068,0.0149919
2008,陕西,6851.32,1428.5208,58.7158,0.041102517
2008,甘肃,3176.11,968.4336,46.8469,0.04837389
2008,青海,961.53,363.595,19.5484,0.053764216
2008,宁夏,1098.51,324.6064,17.5067,0.053932085
2008,新疆,4203.41,1059.3638,30.4671,0.028759808
2009,北京,12153.03,2319.3658,54.0459,0.023302016
2009,天津,7521.85,1124.2778,13.3551,0.011878826
2009,河北,17235.48,2347.5894,104.1989,0.044385488
2009,山西,7358.31,1561.7047,70.6122,0.045214822
2009,内蒙古,9740.25,1926.8365,97.8972,0.050807217
2009,辽宁,15212.49,2682.3864,55.7077,0.020767962
2009,吉林,7278.75,1479.2092,49.4809,0.033450914
2009,黑龙江,8587,1877.738,59.0693,0.03145769
2009,上海,15046.45,2989.65,33.9565,0.011358018
2009,江苏,34457.3,4017.364,147.6025,0.036741132
2009,浙江,22990.35,2653.3486,55.421,0.020887191
2009,安徽,10062.82,2141.9217,59.2653,0.027669219
2009,福建,12236.53,1411.8238,33.825,0.023958372
2009,江西,7655.18,1562.3742,43.1419,0.027613039
2009,山东,33896.65,3267.6716,76.1698,0.023310115
2009,河南,19480.46,2905.763,92.9762,0.031997173
2009,湖北,12961.1,2090.9225,74.1536,0.035464538
2009,湖南,13059.69,2210.4442,73.6307,0.033310364
2009,广东,39482.56,4334.3727,100.7979,0.023255476
2009,广西,7759.16,1621.8218,49.9221,0.030781495
2009,海南,1654.21,486.0624,18.5107,0.03808297
2009,重庆,6530.01,1292.0928,50.0481,0.038734137
2009,四川,14151.28,3590.7175,114.4732,0.031880314
2009,贵州,3912.68,1372.2654,55.3084,0.040304448
2009,云南,6169.75,1952.3395,82.1579,0.042081769
2009,西藏,441.36,470.1322,9.7535,0.020746292
2009,陕西,8169.8,1841.6388,79.5011,0.043168671
2009,甘肃,3387.56,1246.2817,53.1503,0.0426471
2009,青海,1081.27,486.7457,28.9845,0.059547521
2009,宁夏,1353.31,432.3624,22.5874,0.052241823
2009,新疆,4277.05,1346.9125,36.4226,0.027041549
2010,北京,14113.58,2717.3174,60.8541,0.022394918
2010,天津,9224.46,1376.8395,27.099,0.019682033
2010,河北,20394.26,2820.2439,115.1556,0.040831788
2010,山西,9200.86,1931.3641,82.3735,0.042650425
2010,内蒙古,11672,2273.5046,107.9897,0.047499222
2010,辽宁,18457.27,3195.8156,77.4426,0.0242325
2010,吉林,8667.58,1787.2484,71.5473,0.040032096
2010,黑龙江,10368.6,2253.2694,88.9983,0.039497408
2010,上海,17165.98,3302.8862,47.3051,0.014322352
2010,江苏,41425.48,4914.0598,139.8948,0.028468274
2010,浙江,27722.31,3207.883,82.0725,0.02558463
2010,安徽,12359.33,2587.6135,64.7203,0.025011579
2010,福建,14737.12,1695.0906,39.7865,0.023471607
2010,江西,9451.26,1923.2633,49.1411,0.025550896
2010,山东,39169.92,4145.032,112.9334,0.027245483
2010,河南,23092.36,3416.1426,96.3782,0.028212581
2010,湖北,15967.61,2501.4027,96.3058,0.038500718
2010,湖南,16037.96,2702.4752,90.82,0.033606229
2010,广东,46013.06,5421.5432,239.1606,0.044113012
2010,广西,9569.85,2007.5907,63.9887,0.031873379
2010,海南,2064.5,581.3379,14.8874,0.025608858
2010,重庆,7925.58,1709.0353,69.0101,0.040379564
2010,四川,17185.48,4257.9806,112.9947,0.026537157
2010,贵州,4602.16,1631.4792,54.3197,0.033294755
2010,云南,7224.18,2285.7234,86.406,0.037802474
2010,西藏,507.46,551.0362,11.7746,0.021368106
2010,陕西,10123.48,2218.8283,82.8806,0.037353318
2010,甘肃,4120.75,1468.581,68.307,0.046512245
2010,青海,1350.43,743.4033,36.1484,0.048625558
2010,宁夏,1689.65,557.5285,30.7857,0.055218164
2010,新疆,5437.47,1698.9126,51.0155,0.030028325
2011,北京,16251.93,3245.23,94.51,0.029122743
2011,天津,11307.28,1796.33,32.24,0.017947704
2011,河北,24515.76,3537.39,105.48,0.029818595
2011,山西,11237.55,2363.85,82.18,0.034765319
2011,内蒙古,14359.88,2989.21,117.55,0.039324771
2011,辽宁,22226.7,3905.85,74.2,0.018997145
2011,吉林,10568.83,2201.74,102.42,0.046517754
2011,黑龙江,12582,2794.08,92.27,0.033023392
2011,上海,19195.69,3914.88,51.62,0.013185589
2011,江苏,49110.27,6221.72,170.37,0.027383103
2011,浙江,32318.85,3842.59,78.11,0.020327435
2011,安徽,15300.65,3302.99,81.96,0.024813881
2011,福建,17560.18,2198.18,37.95,0.017264282
2011,江西,11702.82,2534.6,43.76,0.017265052
2011,山东,45361.85,5002.07,113.95,0.022780569
2011,河南,26931.03,4248.82,95.6,0.022500365
2011,湖北,19632.26,3214.74,101.11,0.031451999
2011,湖南,19669.56,3520.76,85.26,0.024216362
2011,广东,53210.28,6712.4,232.62,0.034655265
2011,广西,11720.87,2545.28,53.9,0.021176452
2011,海南,2522.66,778.8,23.97,0.03077812
2011,重庆,10011.37,2570.24,100.81,0.039222018
2011,四川,21026.68,4674.92,115.8,0.024770477
2011,贵州,5701.84,2249.4,55.45,0.024651018
2011,云南,8893.12,2929.6,95.86,0.032721191
2011,西藏,605.83,758.11,16.05,0.02117107
2011,陕西,12512.3,2930.81,96.13,0.032799806
2011,甘肃,5020.37,1791.24,84.99,0.047447578
2011,青海,1670.44,967.47,41.76,0.043164129
2011,宁夏,2102.21,705.91,35.23,0.049907212
2011,新疆,6610.05,2284.49,53.67,0.023493209
2012,北京,17879.4,3685.3076,113.537,0.030808012
2012,天津,12893.88,2143.2125,38.4869,0.017957575
2012,河北,26575.01,4079.4366,127.9295,0.0313596
2012,山西,12112.83,2759.4582,88.1725,0.03195283
2012,内蒙古,15880.58,3425.9895,131.5865,0.03840832
2012,辽宁,24846.43,4558.5851,93.2663,0.020459484
2012,吉林,11939.24,2471.1956,113.8468,0.046069522
2012,黑龙江,13691.58,3171.5236,104.8634,0.033064045
2012,上海,20181.72,4184.017,55.1842,0.013189287
2012,江苏,54058.22,7027.6665,193.8259,0.027580407
2012,浙江,34665.33,4161.8779,77.698,0.018668976
2012,安徽,17212.05,3961.008,95.5189,0.024114796
2012,福建,19701.78,2607.502,48.5982,0.018637838
2012,江西,12948.88,3019.2244,66.9129,0.022162281
2012,山东,50013.24,5904.5188,154.4192,0.026152715
2012,河南,29599.31,5006.399,109.4525,0.02186252
2012,湖北,22250.45,3759.7915,95.634,0.025435985
2012,湖南,22154.23,4119.0015,109.4342,0.026568138
2012,广东,57067.92,7387.8565,235.4391,0.031868391
2012,广西,13035.1,2985.2261,60.009,0.020101995
2012,海南,2855.54,911.673,21.2315,0.023288504
2012,重庆,11409.6,3046.3599,128.6852,0.042242284
2012,四川,23872.8,5450.9893,135.9422,0.024938996
2012,贵州,6852.2,2755.6818,65.731,0.023852899
2012,云南,10309.47,3572.6574,101.1156,0.02830263
2012,西藏,701.03,905.3384,23.6654,0.026139839
2012,陕西,14453.68,3323.802,94.1427,0.028323799
2012,甘肃,5650.2,2059.5638,72.0006,0.03495915
2012,青海,1893.54,1159.0499,43.9919,0.037955139
2012,宁夏,2341.29,864.3616,35.3727,0.040923498
2012,新疆,7505.31,2720.0673,64.1211,0.023573351
2013,北京,19500.56,4173.6563,138.1672,0.033104595
2013,天津,14370.16,2549.2061,48.437,0.019000818
2013,河北,28301.41,4409.5849,171.8643,0.038975165
2013,山西,12602.24,3030.1263,98.1575,0.032393864
2013,内蒙古,16832.38,3686.516,132.1085,0.035835597
2013,辽宁,27077.65,5197.4158,108.5925,0.020893556
2013,吉林,12981.46,2744.8114,126.8326,0.046208129
2013,黑龙江,14382.93,3369.1827,115.7524,0.034356225
2013,上海,21602.12,4528.6079,56.4273,0.012460187
2013,江苏,59161.75,7798.4737,229.1832,0.029388212
2013,浙江,37568.49,4730.4659,98.1384,0.020746033
2013,安徽,19038.87,4349.6871,108.4246,0.024926988
2013,福建,21759.64,3068.8006,58.6029,0.019096353
2013,江西,14338.5,3470.3013,74.1652,0.021371401
2013,山东,54684.33,6688.8,212.8095,0.031815797
2013,河南,32155.86,5582.3139,111.9228,0.020049535
2013,湖北,24668.49,4371.6467,109.7196,0.025098003
2013,湖南,24501.67,4690.8853,128.6696,0.027429705
2013,广东,62163.97,8410.9995,307.7778,0.036592298
2013,广西,14378,3208.6656,64.2258,0.020016358
2013,海南,3146.46,1011.1713,23.1774,0.022921339
2013,重庆,12656.69,3062.2848,114.5459,0.037405371
2013,四川,26260.77,6220.9097,159.9491,0.025711529
2013,贵州,8006.79,3082.6578,66.4429,0.021553771
2013,云南,11720.91,4096.513,105.2946,0.02570347
2013,西藏,807.67,1014.3128,17.2143,0.016971392
2013,陕西,16045.21,3665.0665,109.7656,0.029949143
2013,甘肃,6268.01,2309.623,69.8222,0.030230994
2013,青海,2101.05,1228.0484,66.7797,0.05437872
2013,宁夏,2565.06,922.4819,32.9285,0.035695551
2013,新疆,8360.24,3067.1241,68.9919,0.022494003
2014,北京,21330.83,4524.669,213.3553,0.047153792
2014,天津,15726.93,2884.6993,57.9312,0.020082232
2014,河北,29421.15,4677.2981,193.4322,0.041355542
2014,山西,12761.49,3085.2826,95.2555,0.030874157
2014,内蒙古,17770.19,3879.9789,142.7534,0.036792313
2014,辽宁,28626.58,5080.4858,106.0954,0.020882924
2014,吉林,13803.14,2913.2468,140.3017,0.048159909
2014,黑龙江,15039.38,3434.2184,111.5668,0.03248681
2014,上海,23567.7,4923.4372,77.3187,0.015704212
2014,江苏,65088.32,8472.4466,237.7844,0.028065612
2014,浙江,40173.03,5159.568,120.653,0.023384322
2014,安徽,20848.75,4664.0973,104.7646,0.022461924
2014,福建,24055.76,3306.6986,61.7958,0.018688065
2014,江西,15714.63,3882.7011,68.1277,0.01754647
2014,山东,59426.59,7177.3136,166.6733,0.02322224
2014,河南,34938.24,6028.694,119.9451,0.019895702
2014,湖北,27379.22,4934.1457,103.7752,0.02103205
2014,湖南,27037.32,5017.3828,137.4932,0.027403371
2014,广东,67809.85,9152.6351,259.0367,0.028301871
2014,广西,15672.89,3479.7922,83.9981,0.024138826
2014,海南,3500.72,1099.7444,23.2786,0.021167282
2014,重庆,14262.6,3304.3884,105.5083,0.031929751
2014,四川,28536.66,6796.6109,168.6939,0.024820297
2014,贵州,9266.39,3542.8029,85.3406,0.024088441
2014,云南,12814.59,4437.9771,108.8821,0.024534173
2014,西藏,920.83,1185.5107,29.2349,0.024660174
2014,陕西,17689.94,3962.5042,112.5076,0.028393055
2014,甘肃,6836.82,2541.4935,73.2115,0.028806487
2014,青海,2303.32,1347.4303,56.7286,0.042101324
2014,宁夏,2752.1,1000.4526,34.5962,0.034580549
2014,新疆,9273.46,3317.7872,70.8598,0.021357548
2015,北京,23014.59,5737.7,303.26,0.052853931
2015,天津,16538.19,3232.35,73.1,0.022615125
2015,河北,29806.11,5632.19,282.72,0.05019717
2015,山西,12766.49,3422.97,99.46,0.029056638
2015,内蒙古,17831.51,4252.96,175.25,0.041206595
2015,辽宁,28669.02,4481.61,116.79,0.026059831
2015,吉林,14063.13,3217.1,117.7,0.036585745
2015,黑龙江,15083.67,4020.66,155.52,0.038680217
2015,上海,25123.45,6191.56,104.35,0.016853588
2015,江苏,70116.38,9687.58,308.45,0.031839737
2015,浙江,42886.49,6645.98,167.89,0.025261888
2015,安徽,22005.63,5239.01,124.83,0.023827021
2015,福建,25979.82,4001.58,95.57,0.023883066
2015,江西,16723.78,4412.55,87.43,0.01981394
2015,山东,63002.33,8250.01,217.08,0.026312695
2015,河南,37002.16,6799.35,177.77,0.026145146
2015,湖北,29550.19,6132.84,145.84,0.023780174
2015,湖南,28902.21,5728.72,149,0.026009301
2015,广东,72812.55,12827.8,322.33,0.025127458
2015,广西,16803.12,4065.51,98.68,0.024272477
2015,海南,3702.76,1239.43,31.54,0.025447181
2015,重庆,15717.27,3792,140.73,0.037112342
2015,四川,30053.1,7497.51,169.31,0.022582164
2015,贵州,10502.56,3939.5,96.49,0.024492956
2015,云南,13619.17,4712.83,134.08,0.028449997
2015,西藏,1026.39,1381.46,56.83,0.041137637
2015,陕西,18021.86,4376.06,150.77,0.034453367
2015,甘肃,6790.32,2958.31,95.35,0.03223124
2015,青海,2417.05,1515.16,87.36,0.057657277
2015,宁夏,2911.77,1138.49,45.49,0.039956434
2015,新疆,9324.8,3804.87,71.51,0.018794335
2016,北京,25669.13,6406.77,363.38,0.056718128
2016,天津,17885.39,3699.43,65.63,0.017740571
2016,河北,32070.45,6049.53,262.8,0.043441391
2016,山西,13050.41,3428.86,115.54,0.033696331
2016,内蒙古,18128.1,4512.71,159.39,0.03532024
2016,辽宁,22246.9,4577.47,87.24,0.019058563
2016,吉林,14776.8,3586.09,122.14,0.034059379
2016,黑龙江,15386.09,4227.34,113.44,0.026834842
2016,上海,28178.65,6918.94,134.41,0.019426386
2016,江苏,77388.28,9981.96,285.11,0.028562527
2016,浙江,47251.36,6974.26,161.4,0.02314224
2016,安徽,24407.62,5522.95,133.64,0.024197213
2016,福建,28810.58,4275.4,130.35,0.030488375
2016,江西,18499,4617.4,117.88,0.025529519
2016,山东,68024.49,8755.21,239.28,0.027330013
2016,河南,40471.79,7453.74,195.72,0.026257959
2016,湖北,32665.38,6422.98,145.64,0.022674833
2016,湖南,31551.37,6339.16,170.85,0.02695152
2016,广东,80854.91,13446.09,297.45,0.022121673
2016,广西,18317.64,4441.7,90.7,0.020420109
2016,海南,4053.2,1376.48,37.31,0.02710537
2016,重庆,17740.59,4001.81,136.2,0.034034599
2016,四川,32934.54,8008.89,166.35,0.020770669
2016,贵州,11776.73,4262.36,127.09,0.029816815
2016,云南,14788.42,5018.86,150.13,0.029913168
2016,西藏,1151.41,1587.98,33.05,0.020812605
2016,陕西,19399.59,4389.37,126.79,0.028885694
2016,甘肃,7200.37,3150.03,95.25,0.030237807
2016,青海,2572.49,1524.8,73.41,0.048144019
2016,宁夏,3168.59,1254.54,36.69,0.029245779
2016,新疆,9649.7,4138.25,65.07,0.015724038
2017,北京,28014.94,6824.53,458.44,0.067175322
2017,天津,18549.19,3282.54,110.22,0.033577656
2017,河北,34016.32,6639.18,353.45,0.053236996
2017,山西,15528.42,3756.42,128.87,0.0343066
2017,内蒙古,16096.21,4529.93,143.67,0.031715722
2017,辽宁,23409.24,4879.42,106.53,0.021832513
2017,吉林,14944.53,3725.72,115.12,0.030898726
2017,黑龙江,15902.68,4641.08,193.2,0.041628242
2017,上海,30632.99,7547.62,224.66,0.029765674
2017,江苏,85869.76,10621.03,292.1,0.027502041
2017,浙江,51768.26,7530.32,190.15,0.025251251
2017,安徽,27018,6203.81,198.64,0.032019033
2017,福建,32182.09,4684.15,120.65,0.025757074
2017,江西,20006.31,5111.47,143.4,0.028054552
2017,山东,72634.15,9258.4,236.84,0.025581094
2017,河南,44552.83,8215.52,241.65,0.029413841
2017,湖北,35478.09,6801.26,139.71,0.020541782
2017,湖南,33902.96,6869.39,173.28,0.025224947
2017,广东,89705.23,15037.48,433.23,0.028810013
2017,广西,18523.26,4908.55,85.11,0.017339133
2017,海南,4462.54,1443.97,35.72,0.024737356
2017,重庆,19424.73,4336.28,154.95,0.035733394
2017,四川,36980.22,8694.76,197.75,0.022743583
2017,贵州,13540.83,4612.52,125.39,0.027184706
2017,云南,16376.34,5712.97,179.48,0.031416234
2017,西藏,1310.92,1681.94,46.64,0.027729883
2017,陕西,21898.81,4833.19,162.52,0.033625825
2017,甘肃,7459.9,3304.44,102.2,0.030928085
2017,青海,2624.83,1530.44,60.93,0.03981208
2017,宁夏,3443.56,1372.78,57.61,0.041965938
2017,新疆,10881.96,4637.24,54.66,0.011787184
2018,北京,30319.98,7471.4332,399.45,0.053463638
2018,天津,18809.64,3103.1579,66.46,0.021416893
2018,河北,36010.27,7726.2086,433.55,0.056114198
2018,山西,16818.11,4283.9099,170.29,0.039751069
2018,内蒙古,17289.22,4831.4587,162.72,0.03367927
2018,辽宁,25315.35,5337.715,94.21,0.017649875
2018,吉林,15074.62,3789.5894,120.79,0.031874166
2018,黑龙江,16361.62,4676.7503,154.09,0.032948092
2018,上海,32679.87,8351.5376,233.39,0.027945752
2018,江苏,92595.4,11657.3521,317.99,0.027278064
2018,浙江,56197.15,8629.5256,194.75,0.022567869
2018,安徽,30006.82,6572.1484,209.32,0.031849555
2018,福建,35804.04,4832.693,124.04,0.025666849
2018,江西,21984.78,5667.5207,162.55,0.028680972
2018,山东,76469.67,10100.9606,287.2,0.028432939
2018,河南,48055.86,9217.7286,358.7,0.038914142
2018,湖北,39366.55,7258.2663,211.3,0.029111635
2018,湖南,36425.78,7479.6148,190.89,0.025521368
2018,广东,97277.77,15729.2571,567.41,0.036073541
2018,广西,20352.51,5310.741,79.45,0.014960248
2018,海南,4832.05,1691.3027,61.24,0.036208776
2018,重庆,20363.19,4540.9487,160.19,0.035276769
2018,四川,40678.13,9707.5048,226.9,0.023373669
2018,贵州,14806.45,5029.6774,134.38,0.026717419
2018,云南,17881.12,6075.0283,169.81,0.027952133
2018,西藏,1477.63,1970.6768,44.93,0.022799274
2018,陕西,24438.32,5302.443,176.02,0.033196019
2018,甘肃,8246.07,3772.233,127.82,0.033884439
2018,青海,2865.23,1647.4296,63.51,0.038550964
2018,宁夏,3705.18,1419.0592,72.38,0.051005624
2018,新疆,12199.08,5012.4518,94.33,0.018819134
2019,北京,35371.28,7408.1876,308.8057,0.041684379
2019,天津,14104.28,3555.7052,242.2857,0.068139985
2019,河北,35104.52,8309.0391,502.4972,0.06047597
2019,山西,17026.68,4710.7629,226.1475,0.048006555
2019,内蒙古,17212.53,5100.9101,154.4824,0.030285262
2019,辽宁,24909.45,5745.0884,129.7274,0.022580575
2019,吉林,11726.82,3933.4231,147.9673,0.037617947
2019,黑龙江,13612.68,5011.5589,211.0589,0.042114421
2019,上海,38155.32,8179.284,184.0737,0.022504867
2019,江苏,99631.52,12573.5537,372.7726,0.029647354
2019,浙江,62351.74,10053.0335,269.5485,0.026812653
2019,安徽,37113.98,7392.2226,312.115,0.042222078
2019,福建,42395,5077.9329,179.5465,0.035358187
2019,江西,24757.5,6386.8022,194.2833,0.030419495
2019,山东,71067.53,10739.756,306.4956,0.028538414
2019,河南,54259.2,10163.9304,352.2869,0.034660499
2019,湖北,45828.31,7970.207,282.1321,0.03539834
2019,湖南,39752.12,8034.4155,242.6823,0.030205346
2019,广东,107671.07,17297.8532,747.4388,0.043209917
2019,广西,21237.14,5850.9609,99.8405,0.017063949
2019,海南,5308.93,1858.597,64.9827,0.034963308
2019,重庆,23605.77,4847.6795,172.9521,0.035677297
2019,四川,46615.82,10348.1712,267.0062,0.02580226
2019,贵州,16769.34,5948.7444,188.53,0.031692402
2019,云南,23223.75,6770.0881,205.1577,0.03030355
2019,西藏,1697.82,2187.7492,40.9062,0.018697847
2019,陕西,25793.17,5718.5163,245.4839,0.042927901
2019,甘肃,8718.3,3951.5991,106.516,0.026955164
2019,青海,2965.95,1863.6676,69.3826,0.037229064
2019,宁夏,3748.48,1438.2916,54.0388,0.037571519
2019,新疆,13597.11,5315.49,87.8639,0.016529784
2020,北京,36102.55,7116.1764,236.9031,0.033290785
2020,天津,14083.73,3151.3505,60.7182,0.019267359
2020,河北,36206.89,9022.7941,509.2682,0.056442405
2020,山西,17651.93,5110.8746,260.2773,0.050926176
2020,内蒙古,17359.82,5270.1616,149.3671,0.028342034
2020,辽宁,25114.96,6014.1675,97.9393,0.016284764
2020,吉林,12311.32,4127.1714,131.5335,0.031870133
2020,黑龙江,13698.5,5449.411,220.2687,0.040420644
2020,上海,38700.58,8102.112,181.8848,0.02244906
2020,江苏,102718.98,13681.5522,336.9007,0.02462445
2020,浙江,64613.34,10082.008,220.5855,0.021879124
2020,安徽,38680.63,7473.5925,190.8277,0.025533597
2020,福建,43903.89,5216.0979,156.4246,0.029988816
2020,江西,25691.5,6674.0791,218.2654,0.032703448
2020,山东,73129,11233.5163,291.5357,0.02595231
2020,河南,54997.07,10372.6749,272.628,0.026283288
2020,湖北,43443.46,8442.8818,219.1782,0.025960117
2020,湖南,41781.49,8403.1337,245.579,0.029224693
2020,广东,110760.94,17430.7853,517.7555,0.02970351
2020,广西,22156.69,6179.4664,100.7442,0.016303058
2020,海南,5532.39,1972.4636,57.8371,0.029322265
2020,重庆,25002.79,4893.9461,179.7129,0.036721471
2020,四川,48598.76,11198.5355,264.0163,0.023575967
2020,贵州,17826.56,5739.4958,146.1511,0.025464101
2020,云南,24521.9,6974.0176,163.9681,0.023511283
2020,西藏,1902.74,2210.9192,48.9349,0.022133283
2020,陕西,26181.86,5930.3198,190.3374,0.032095638
2020,甘肃,9016.7,4163.399,114.025,0.027387478
2020,青海,3005.92,1932.8396,73.5086,0.038031402
2020,宁夏,3920.55,1480.3577,49.478,0.033423003
2020,新疆,13797.58,5533.1576,82.5899,0.01492636
2021,北京,40269.55,7205.1201,249.2374,0.034591707
2021,天津,15695.0458,3152.5478,47.135,0.014951399
2021,河北,40391.27,8848.2078,351.6498,0.039742489
2021,山西,22590.1608,5046.6207,214.7856,0.042560282
2021,内蒙古,20514.1947,5239.5652,143.8673,0.02745787
2021,辽宁,27584.075,5879.2118,80.3924,0.01367401
2021,吉林,13235.5152,3696.8416,112.2708,0.030369383
2021,黑龙江,14879.19,5104.8145,140.5411,0.027531089
2021,上海,43214.85,8430.8562,159.301,0.018894997
2021,江苏,116364.2,14585.2591,336.7963,0.023091554
2021,浙江,73515.7577,11014.5878,203.5597,0.018480919
2021,安徽,42959.1753,7591.0502,199.4541,0.026274902
2021,福建,48810.3558,5204.7168,139.966,0.026892145
2021,江西,29619.673,6778.872,229.5946,0.033869145
2021,山东,83095.9,11713.1607,266.7867,0.022776662
2021,河南,58887.4053,9784.2947,210.4065,0.021504514
2021,湖北,50012.9369,7933.6739,167.1023,0.021062411
2021,湖南,46063.0863,8325.501,194.6204,0.023376419
2021,广东,124369.6716,18247.0084,493.5502,0.02704828
2021,广西,24740.86,5806.542,83.4964,0.014379712
2021,海南,6475.2,1971.3662,50.5462,0.025640188
2021,重庆,27894.02,4835.0551,163.7451,0.033866232
2021,四川,53850.79,11215.6881,218.5494,0.019486045
2021,贵州,19586.4224,5590.008,158.7386,0.028396847
2021,云南,27146.7644,6634.3622,136.1013,0.020514602
2021,西藏,2080.1728,2027.012,27.4494,0.013541804
2021,陕西,29800.97929,6069.22,176.2496,0.02903991
2021,甘肃,10243.3051,4032.5582,82.099,0.020359037
2021,青海,3346.6341,1854.5235,72.1726,0.038917059
2021,宁夏,4522.3088,1427.8927,47.7084,0.033411754
2021,新疆,15983.6469,5376.9051,93.4783,0.01738515
2022,北京,41610.9,7469.1547,222.897,0.029842333
2022,天津,16311.3,2729.8298,29.0568,0.01064418
2022,河北,42370.4,9305.6424,318.6318,0.03424071
2022,山西,25642.6,5876.4956,241.1817,0.041041756
2022,内蒙古,23158.6,5887.6967,141.5623,0.024043749
2022,辽宁,28975.1,6261.4294,75.2066,0.012011091
2022,吉林,13070.2,4044.0093,106.0688,0.026228624
2022,黑龙江,15901,5451.9886,159.1477,0.029190762
2022,上海,44652.8,9393.1579,203.8126,0.021697985
2022,江苏,122875.6,14901.3694,279.2016,0.01873664
2022,浙江,77715.4,12017.7842,223.155,0.018568731
2022,安徽,45045,8379.784,200.6851,0.02394872
2022,福建,53109.9,5691.2173,122.6221,0.021545847
2022,江西,32074.7,7289.0652,237.6336,0.032601382
2022,山东,87435.1,12128.634,218.095,0.017981827
2022,河南,61345.1,10646.7497,183.1855,0.017205768
2022,湖北,53734.9,8623.8734,169.2226,0.019622575
2022,湖南,48670.4,8991.6135,166.5518,0.018523016
2022,广东,129118.6,18533.08,464.887,0.025084174
2022,广西,26300.9,5893.3203,90.8143,0.0154097
2022,海南,6818.2,2097.3669,50.7301,0.024187518
2022,重庆,29129,4892.7688,175.982,0.035967774
2022,四川,56749.8,11914.6585,237.5849,0.019940555
2022,贵州,20164.6,5851.3568,117.9962,0.020165614
2022,云南,28954.2,6699.7942,146.9509,0.021933644
2022,西藏,2132.6,2592.9751,39.1943,0.015115571
2022,陕西,32772.7,6760.9759,232.0137,0.034316599
2022,甘肃,11201.6,4257.157,113.2117,0.026593264
2022,青海,3610.1,1975.098,85.3604,0.043218311
2022,宁夏,5069.6,1587.8471,58.2049,0.036656489
2022,新疆,17741.3,6835.3987,124.987,0.018285254
2023,北京,43760.7,7971.25,220.67,0.027683237
2023,天津,16737.3,3280.42,33.79,0.01030051
2023,河北,43944.1,9606.21,320.6,0.033374244
2023,山西,25698.2,6345.61,241.65,0.038081445
2023,内蒙古,24627,6836.24,178.06,0.026046482
2023,辽宁,30209.4,6574.78,87.06,0.013241508
2023,吉林,13531.2,4406.85,152.38,0.034577987
2023,黑龙江,15883.9,5776.44,153.82,0.026628858
2023,上海,47218.7,9638.51,254.97,0.026453259
2023,江苏,128222.2,15242.28,247.22,0.016219358
2023,浙江,82553.2,12353.09,187.98,0.015217245
2023,安徽,47050.6,8643.57,193.59,0.022396996
2023,福建,54355.1,5859.39,120.49,0.020563574
2023,江西,32200.1,7492.88,249.37,0.033280928
2023,山东,92068.7,12581.74,209.31,0.016636014
2023,河南,59132.4,11052.54,178.61,0.016160086
2023,湖北,55803.6,9299.07,188.34,0.020253638
2023,湖南,50012.9,9581.12,170.41,0.017786021
2023,广东,135673.2,18527.03,444.65,0.024000069
2023,广西,27202.4,6101.37,70.43,0.011543309
2023,海南,7551.2,2248.96,44.52,0.019795817
2023,重庆,30145.8,5304.56,184.85,0.034847377
2023,四川,60132.9,12732.79,253.9,0.019940641
2023,贵州,20913.3,6203.7,128.85,0.020769863
2023,云南,30021.1,6730.08,154,0.022882343
2023,西藏,2392.7,2809.02,62.21,0.022146514
2023,陕西,33786.1,7175.08,245.01,0.034147354
2023,甘肃,11863.8,4521.82,146.34,0.032363075
2023,青海,3799.1,2188.72,109.13,0.049860192
2023,宁夏,5315,1751.38,76.33,0.043582775
2023,新疆,19125.9,7566.98,132.72,0.017539362
,,,,,
,,,,,
,,,,,
,,,,,