地区,所属地域,id,年份,规模以上工业企业平均用工人数（万人）,规模以上工业企业固定资产净值（亿元）,能源投入（万吨标准煤）,工业增加值(亿元),工业废水排放量（万吨）,工业固体废弃物排放量（万吨）,,GML指数,工业绿色全要素生产率
北京,东部,1,2000,113.13,1824.99,4144,831,23164,14.552,,1,1
天津,东部,2,2000,120.19,1808.84,2794,716.7,17604,15.013,,1,1
河北,东部,3,2000,269.75,2762.46,11196,1868.4,89600,148.484,,1,1
山西,中部,4,2000,183.56,1707.34,6728,748.7,32406,129.543,,1,1
内蒙古,西部,5,2000,85.34,1063.61,3549,484.2,21844,47.894,,1,1
辽宁,东部,6,2000,295.18,3911.98,10656,2114.9,109044,97.645,,1,1
吉林,中部,7,2000,134.85,1528.2,3766,565.5,37386,40.68,,1,1
黑龙江,中部,8,2000,195.17,2284.7,6166,1566.4,52644,51.319,,1,1
上海,东部,9,2000,204.94,3758.04,5499,2022.5,72446,11.009,,1,1
江苏,东部,10,2000,518.19,4653.25,8612,3848.5,201923,63.153,,1,1
浙江,东部,11,2000,323.22,2947.13,6560,2964.7,136433,73.672,,1,1
安徽,中部,12,2000,162.61,1473.13,4879,841.5,63106,52.847,,1,1
福建,东部,13,2000,155.55,1599.04,3463,1422.3,57617,29.062,,1,1
江西,中部,14,2000,108.85,891.81,2505,543.9,41956,57.741,,1,1
山东,东部,15,2000,522.37,4581.28,11362,3620.1,110324,128.866,,1,1
河南,中部,16,2000,345.2,2615.61,7919,2000,109210,150.835,,1,1
湖北,中部,17,2000,230.36,2281.64,6269,1243.2,106733,73.175,,1,1
湖南,中部,18,2000,166.71,1451.99,4071,1094.8,112563,102.094,,1,1
广东,东部,19,2000,572.89,5884.78,9448,4518.7,114055,84.435,,1,1
广西,西部,20,2000,91.25,1039.73,2669,612.3,81571,115.872,,1,1
海南,东部,21,2000,12,208.87,480,70.5,7064,3.155,,1,1
重庆,西部,22,2000,90.79,893.7,2428,644,84344,34.191,,1,1
四川,西部,23,2000,208,2291.64,6518,1170.6,116979,135.87,,1,1
贵州,西部,24,2000,68.34,742.34,4279,328.7,20598,74.869,,1,1
云南,西部,25,2000,77.07,1156.65,3468,707,35117,35.538,,1,1
陕西,西部,26,2000,124.98,1379.2,2731,629.9,30903,74.915,,1,1
甘肃,西部,27,2000,91.25,935.19,3012,327.6,23795,27.112,,1,1
青海,西部,28,2000,15.87,422.98,897,50.9,4661,10.547,,1,1
宁夏,西部,29,2000,22.41,271.78,1179,96.7,10942,25.832,,1,1
新疆,西部,30,2000,46.52,1044.87,3328,418.6,15365,19.657,,1,1
北京,东部,1,2001,108.02,1838.48,4313,920.2,21165,19.657,,1.11308538,1.11308538
天津,东部,2,2001,123.44,1916.13,2918,768.6,21250,10.651,,1.023147988,1.023147988
河北,东部,3,2001,272.98,3020.15,10391,2011.2,103041,10.805,,1.032596595,1.032596595
山西,中部,4,2001,178.57,1902.03,7968,832.5,31093,122.54,,1.020918434,1.020918434
内蒙古,西部,5,2001,81.44,1095.33,4073,541,20960,133.467,,1.089951009,1.089951009
辽宁,东部,6,2001,260.68,4354.16,10656,2190.1,99505,38.516,,1.012841995,1.012841995
吉林,中部,7,2001,124.52,1628.97,3863,624.7,35574,86.866,,1.081993834,1.081993834
黑龙江,中部,8,2001,177.36,2328.39,6037,1592,49444,36.338,,1.035286972,1.035286972
上海,东部,9,2001,208.44,4006.02,5818,2194.1,68012,50.252,,1.03204052,1.03204052
江苏,东部,10,2001,514.8,4971.11,8881,4270.9,271029,8.055,,1.074985459,1.074985459
浙江,东部,11,2001,366.62,3300.99,6530,3205.4,158113,67.627,,0.992392736,0.992392736
安徽,中部,12,2001,149.73,1509.07,5118,1007.3,63229,49.544,,1.191366511,1.191366511
福建,东部,13,2001,161.93,1792.51,3163,1586.5,69724,47.913,,1.064888366,1.064888366
江西,中部,14,2001,100.65,942.67,2329,603.2,41507,24.945,,1.107146933,1.107146933
山东,东部,15,2001,523.08,4916.05,9955,3911,115233,36.694,,1.07434533,1.07434533
河南,中部,16,2001,335.73,2791.78,8244,2182.8,110152,117.108,,1.045394066,1.045394066
湖北,中部,17,2001,218.32,2343.15,6052,1360.1,97714,135,,1.098574552,1.098574552
湖南,中部,18,2001,155.2,1521.05,4622,1180.4,107175,63.707,,1.037626084,1.037626084
广东,东部,19,2001,578.94,6211.69,10179,5012.2,112812,100.579,,1.055309317,1.055309317
广西,西部,20,2001,88.86,1056.43,2669,639.5,90512,54.102,,1.041486275,1.041486275
海南,东部,21,2001,11.78,203.28,520,97.9,7001,94.721,,1.398676104,1.398676104
重庆,西部,22,2001,84.19,898.36,3016,707.6,81214,2.169,,1.07806962,1.07806962
四川,西部,23,2001,195.97,2370.4,6810,1270.9,114920,32.425,,1.07209815,1.07209815
贵州,西部,24,2001,66.36,830.7,4438,360.7,20812,129.804,,1.029750721,1.029750721
云南,西部,25,2001,70.96,1172.09,3490,734.5,32713,53.166,,1.053194703,1.053194703
陕西,西部,26,2001,115.46,1590.06,3257,706.6,28634,29.239,,1.01715961,1.01715961
甘肃,西部,27,2001,85.98,993.08,2905,355.5,20722,58.835,,1.070122187,1.070122187
青海,西部,28,2001,14.1,442.85,930,58,4385,25.102,,1.152519993,1.152519993
宁夏,西部,29,2001,22.02,318.54,1278.5,106.8,10450,8.815,,1.000225319,1.000225319
新疆,西部,30,2001,42.37,1145.58,3496,445.6,16797,20.449,,1.024402082,1.024402082
北京,东部,1,2002,107.56,1892.75,4436,999.6,18044,7.955,,1.074580581,1.196099935
天津,东部,2,2002,120.95,1935.51,3022,830.5,21959,10.351,,1.071533345,1.096337186
河北,东部,3,2002,261.86,3143.8,11588,2175.3,106772,117.56,,1.043891425,1.077918731
山西,中部,4,2002,181.54,2112.5,9340,991.4,30777,131.05,,1.090177853,1.112982666
内蒙古,西部,5,2002,78.87,1154.05,4560,614.9,22737,39.28,,1.096215429,1.194821113
辽宁,东部,6,2002,250.49,4514.29,10602,2332,92001,76.349,,1.058485677,1.072078745
吉林,中部,7,2002,114.3,1722.61,4531,653.5,34783,32.937,,1.005124512,1.087538525
黑龙江,中部,8,2002,168.82,2426.43,6004,1650.8,47983,47.644,,1.029340803,1.065663122
上海,东部,9,2002,208.97,4067.17,6249,2399.1,64857,7.102,,1.075298534,1.109751658
江苏,东部,10,2002,531.67,5499.58,9609,4880.1,262715,59.569,,1.041571654,1.119674383
浙江,东部,11,2002,412.73,3806.5,8280,3670.4,168048,51.332,,0.974536966,0.967123406
安徽,中部,12,2002,149.36,1611.53,5316,1055.3,64577,44.797,,1.001095042,1.192671108
福建,东部,13,2002,178.96,1936.49,3762,1809,78511,22.232,,1.025398084,1.09193449
江西,中部,14,2002,95.72,984.82,2933,702.4,46119,38.831,,1.093168788,1.210298471
山东,东部,15,2002,556.37,5459.06,14599,4364.4,106668,110.568,,0.950549158,1.021218049
河南,中部,16,2002,322.47,2994.13,9055,2476.7,114431,130.554,,1.07624591,1.125101088
湖北,中部,17,2002,205.82,2466.61,6713,1473,98481,60.492,,1.04458614,1.147555751
湖南,中部,18,2002,152.26,1641.9,5045,1265.7,111788,97.552,,1.01199066,1.050067905
广东,东部,19,2002,644.39,6832.75,11355,5628.7,145236,51.38,,1.013515903,1.069572774
广西,西部,20,2002,82.31,1081.18,3120,699.2,97126,88.066,,1.061635093,1.105678378
海南,东部,21,2002,13.1,206.51,602,111.4,7170,2.326,,1.073746701,1.501823852
重庆,西部,22,2002,82.01,937.1,2662,803,79872,31.395,,1.13081653,1.219098947
四川,西部,23,2002,191.62,2514.49,7510,1392.1,117638,114.069,,1.0460022,1.121417024
贵州,西部,24,2002,65.16,905.34,4470,395.5,17117,50.35,,1.051997084,1.083294756
云南,西部,25,2002,68.59,1239.53,4131,796.5,33696,21.003,,1.03324715,1.088210426
陕西,西部,26,2002,113.87,1694.41,3713,819.5,30496,53.681,,1.09400308,1.112775747
甘肃,西部,27,2002,81.83,1033.55,3174,389.4,19677,23.234,,1.067691384,1.142560239
青海,西部,28,2002,13.48,460.24,989,66.5,3583,7.972,,1.125354888,1.296994007
宁夏,西部,29,2002,21.47,315.51,1378,120.5,11534,21.161,,1.130150701,1.130405346
新疆,西部,30,2002,41.36,1238.1,3723,463.6,16426,19.164,,0.993184838,1.017420615
北京,东部,1,2003,100.81,1940.85,4648,1195.1,13107,6.136,,1.217861944,1.456684592
天津,东部,2,2003,115.28,1953.25,3215,1021.3,21605,10.851,,1.225397626,1.343448985
河北,东部,3,2003,270.24,3454.34,13483,2563.2,108324,119.389,,1.08234725,1.166682374
山西,中部,4,2003,182.49,2372.26,10386,1364,30929,151.329,,1.269994006,1.413481316
内蒙古,西部,5,2003,72.15,1339.42,5778,663,23577,65.313,,0.977123154,1.167487374
辽宁,东部,6,2003,241.99,4367.12,11253,2532.7,89186,75.25,,1.10657555,1.186336127
吉林,中部,7,2003,101.48,1711.57,5174,660.1,31365,31.696,,1.020606139,1.109948495
黑龙江,中部,8,2003,133.14,2426.25,6714,1874.8,50286,52.636,,1.193768972,1.27215557
上海,东部,9,2003,220.01,4375.48,6796,3001.6,61112,6.665,,1.178103876,1.30740273
江苏,东部,10,2003,569.33,6420.01,11060,6004.7,247524,82.06,,1.079107782,1.208249339
浙江,东部,11,2003,481.96,4624.76,9523,4501.6,168088,56.22,,1.033790897,0.999803374
安徽,中部,12,2003,148.94,1811.03,5457,1185.7,63525,66.682,,1.046021737,1.247559904
福建,东部,13,2003,221.35,2170.21,4121,2059.3,98388,26.062,,1.000727564,1.092728943
江西,中部,14,2003,96.12,1091.18,3426,863.3,50135,52.197,,1.123833605,1.360174094
山东,东部,15,2003,595.42,6564.01,16837,4995.7,115933,126.403,,0.985334133,1.006241001
河南,中部,16,2003,317.32,3262.85,10595,2833.9,114224,136.749,,1.06014905,1.192774849
湖北,中部,17,2003,198.6,3606.75,7708,1682.2,96498,60.27,,0.910818417,1.045214912
湖南,中部,18,2003,158.44,1840.95,5562,1475.8,124132,111.303,,1.061541388,1.114690542
广东,东部,19,2003,741.17,7537.32,13099,6991.5,148867,65.773,,1.106967329,1.183982117
广西,西部,20,2003,82.93,1133.8,3523,788.4,119291,102.42,,1.068857512,1.18181264
海南,东部,21,2003,12,211.44,684,132.3,7181,2.342,,1.176999485,1.7676459
重庆,西部,22,2003,84.47,989.46,3009,953.1,81973,34.213,,1.117201375,1.36197902
四川,西部,23,2003,201.62,2846.42,9204,1627.9,120160,120.974,,1.036079871,1.161877606
贵州,西部,24,2003,65.53,935.45,5534,474.5,16815,47.551,,1.151080775,1.246959767
云南,西部,25,2003,66.36,1346.85,4450,895.6,34655,25.323,,1.072706141,1.167330006
陕西,西部,26,2003,112.12,1872.42,4170,1006.9,33526,59.695,,1.145939998,1.275174237
甘肃,西部,27,2003,77.82,1189.44,3525,452.3,20899,28.771,,1.069016212,1.221415418
青海,西部,28,2003,14.24,389.57,1066,79,3453,9.72,,1.252477388,1.624455665
宁夏,西部,29,2003,22.8,386.26,2015,150.2,10740,28.966,,1.038403135,1.173816455
新疆,西部,30,2003,39.66,1336.51,4177,563.7,16417,26.748,,1.160924755,1.181148778
北京,东部,1,2004,113.54,3045.2,5140,1483.2,12617,6.5,,0.951754838,1.386406607
天津,东部,2,2004,124.2,2275.86,3697,1207.2,22628,8.8,,1.045309564,1.404320073
河北,东部,3,2004,282.77,4003.95,15782,3047.8,127386,126.6,,1.054018288,1.229704558
山西,中部,4,2004,210.13,2962.97,11251,1757.8,31393,155,,1.082324101,1.529844894
内蒙古,西部,5,2004,81.44,1700.92,7623,823.4,22848,85.8,,1.000995964,1.168650149
辽宁,东部,6,2004,262.58,5026.97,13074,2629.7,91810,73.4,,0.91504144,1.085546718
吉林,中部,7,2004,104.59,1992.53,5603,735.1,33568,36.6,,1.001470982,1.111581209
黑龙江,中部,8,2004,141.38,2704.03,7466,2175.7,45190,54.5,,1.064026994,1.353607868
上海,东部,9,2004,260.82,5438.12,7406,3621.8,56359,7,,1.029436166,1.345887654
江苏,东部,10,2004,717.59,8972.97,13652,7407.8,263538,75.1,,0.938003328,1.133341901
浙江,东部,11,2004,620.99,6616.72,10825,5428.7,165274,54.1,,0.919711946,0.919531106
安徽,中部,12,2004,155.84,2025.22,6017,1378.2,64054,68.1,,1.06113102,1.323824514
福建,东部,13,2004,272.31,2537.77,4625,2422.2,115228,27.2,,1.008599485,1.102125849
江西,中部,14,2004,101.77,1220.26,3814,1149.8,54949,56.3,,1.209887593,1.645657761
山东,东部,15,2004,690.15,8355.02,19624,6497.7,128706,85.6,,1.068852438,1.075523147
河南,中部,16,2004,336.37,4036.15,13074,3536.8,117328,142.5,,1.048830457,1.251018591
湖北,中部,17,2004,176.8,3640.01,9120,1955.6,97451,61.7,,1.156378026,1.208663556
湖南,中部,18,2004,165.51,1994.23,7134,1768.8,123126,117.8,,1.085917721,1.210462213
广东,东部,19,2004,996.44,8693.16,15210,8433.2,164728,64.6,,1.018857077,1.206308559
广西,西部,20,2004,87.25,1331.13,4203,953.6,122731,105,,1.054864796,1.246652549
海南,东部,21,2004,11.6,280.57,742,147.6,6894,2.1,,0.954646558,1.687477075
重庆,西部,22,2004,90.05,1099.82,3590,1146.4,83031,34.5,,1.080958522,1.472242829
四川,西部,23,2004,209.78,3103.79,10700,1990,119223,120,,1.12587716,1.30813146
贵州,西部,24,2004,66.87,1320.13,6282,565.1,16119,43.4,,0.937969358,1.169610052
云南,西部,25,2004,65.69,1546.83,5210,1060.4,38402,26.1,,1.063166493,1.241066149
陕西,西部,26,2004,118.71,2282.93,4776,1269.9,36833,64,,1.096683862,1.398463007
甘肃,西部,27,2004,70.36,1377.05,3908,549.5,18293,27.6,,1.139089244,1.391301166
青海,西部,28,2004,14.02,603.74,1364,98.4,3544,13.9,,0.961053278,1.561188442
宁夏,西部,29,2004,25.7,446.32,2322,190.3,9510,16.7,,1.113050583,1.30651709
新疆,西部,30,2004,44.98,1533.71,4910,734.5,17671,31,,1.138287483,1.34448687
北京,东部,1,2005,116.97,3324.66,5522,1600.5,12813,5.1,,1.011126304,1.401832189
天津,东部,2,2005,122.17,2476.97,4085,1451.3,30081,9.6,,1.131894545,1.58954223
河北,东部,3,2005,292.21,4669.77,19836,3638.5,124533,127.3,,1.053758451,1.295811571
山西,中部,4,2005,213.2,3645.84,12750,2192.3,32099,160.5,,1.093701331,1.673193397
内蒙古,西部,5,2005,83.7,2621.52,9666,1101.7,24967,106,,1.000047392,1.168705534
辽宁,东部,6,2005,276.55,5493.1,13611,3081.2,105072,97,,1.093521704,1.187068896
吉林,中部,7,2005,101.83,2182.09,5315,819.8,41189,46.4,,1.078091307,1.198386038
黑龙江,中部,8,2005,136.85,2772.96,8050,2556.6,45158,57.8,,1.152563858,1.560119506
上海,东部,9,2005,259.63,6071.47,8225,4038.7,51097,6.1,,1.045548119,1.407190306
江苏,东部,10,2005,704.24,10322.64,17167,9155,296318,78.1,,1.087970831,1.23304293
浙江,东部,11,2005,659.12,7506.14,12032,6177.6,192426,43,,1.023487488,0.941128582
安徽,中部,12,2005,155.21,2358.8,6506,1664.6,63487,71.5,,1.09910777,1.45502581
福建,东部,13,2005,290.41,2807.07,6142,2744.7,130939,31.1,,0.982244448,1.082556996
江西,中部,14,2005,112.11,1465.51,4286,1468.7,53972,58,,1.103336249,1.81571386
山东,东部,15,2005,738.23,9943.37,24162,7875.6,139071,85.8,,1.041063767,1.119688179
河南,中部,16,2005,362.79,4612.12,14625,4563.4,123476,156.1,,1.15355127,1.443114085
湖北,中部,17,2005,188.3,4504.98,10082,2410.4,92432,60.4,,1.073353642,1.29732343
湖南,中部,18,2005,169.25,2286.83,9709,2075.4,122440,122.2,,1.030214394,1.247035595
广东,东部,19,2005,1085.65,9996.7,17921,10231.1,231568,59.2,,1.055137783,1.272821739
广西,西部,20,2005,91.21,1520.28,4869,1098.4,145609,109.4,,1.028009676,1.281570883
海南,东部,21,2005,12.1,427.56,822,168.9,7428,2.1,,0.896261803,1.512421245
重庆,西部,22,2005,92.42,1285.6,4943,1294.9,84885,34.4,,0.973925733,1.433855176
四川,西部,23,2005,218.99,3563.39,11816,2454.3,122590,101.8,,1.11149709,1.453984311
贵州,西部,24,2005,68.08,1472.95,5641,679,14850,39.6,,1.143688266,1.337669292
云南,西部,25,2005,68.83,1588.3,6024,1144.6,32928,32.6,,1.027116941,1.274720067
陕西,西部,26,2005,118.97,2615.98,5571,1532.2,42819,63.2,,1.089721565,1.523935297
甘肃,西部,27,2005,68.62,1295.08,4368,633.3,16798,29,,1.185420697,1.649277198
青海,西部,28,2005,14.04,736.05,1670,133,7619,15,,1.184274641,1.848875882
宁夏,西部,29,2005,25.58,580.27,2536,214.4,21411,19.2,,0.940348433,1.228581298
新疆,西部,30,2005,46.7,1728.52,5506,962.3,20052,32.3,,1.197936187,1.610609474
北京,东部,1,2006,117.36,3762.49,5904,1713.8,10170,4.5,,1.01011849,1.416016614
天津,东部,2,2006,116.33,2807.39,4500,1644.6,22978,7.7,,1.080613986,1.717681565
河北,东部,3,2006,303.35,5520.14,21794,4239.5,130340,119.9,,1.030713819,1.335610893
山西,中部,4,2006,220.59,4510.78,14098,2578.9,44091,148.8,,1.008693597,1.687739466
内蒙古,西部,5,2006,90.72,3092.2,11221,1395.8,27823,75.8,,1.108426123,1.295423744
辽宁,东部,6,2006,302.02,6453.31,14987,3643.6,94724,87.6,,1.05537951,1.25280819
吉林,中部,7,2006,105.21,2540.13,5908,904.4,39321,45.6,,0.995188527,1.192620036
黑龙江,中部,8,2006,140.31,3067.09,8731,2890.2,44801,56.8,,1.046976539,1.633408522
上海,东部,9,2006,266.84,6709.89,8876,4621.2,48336,5.7,,1.077485165,1.516226679
江苏,东部,10,2006,774.5,12284.59,19041,10812,287181,70.4,,1.037118903,1.278812131
浙江,东部,11,2006,726.94,8817.64,13219,7419,199593,41.5,,1.060752253,0.998304264
安徽,中部,12,2006,164.81,2977.65,7069,2031.2,70119,66.2,,1.047192771,1.523692509
福建,东部,13,2006,324.89,3267.59,6828,3189.5,127583,28.5,,1.020374178,1.104613205
江西,中部,14,2006,125.8,1690.82,4660,1923,64074,56,,1.157770768,2.102180431
山东,东部,15,2006,788.11,12000.95,26759,9467.5,144365,74.1,,1.053594453,1.179697255
河南,中部,16,2006,365.28,5551.16,16232,5584.8,130158,128.9,,1.086009412,1.567235478
湖北,中部,17,2006,190.85,5069.01,11049,2863.5,91146,59.5,,1.096318801,1.422280067
湖南,中部,18,2006,178.15,2751.26,10581,2547.4,100024,115,,1.079559549,1.346249185
广东,东部,19,2006,1203.58,12133.5,19971,12259.4,234713,55,,1.040436478,1.324290167
广西,西部,20,2006,91.37,1751.04,5390,1343.2,128932,90.8,,1.113585783,1.427139114
海南,东部,21,2006,12.2,549.14,920,221.3,7351,2,,1.141169571,1.725929103
重庆,西部,22,2006,96.1,1528.28,5368,1573.1,86496,33.2,,1.074329758,1.540433284
四川,西部,23,2006,233.53,4115.03,12986,3059.5,115348,80.3,,1.121062053,1.630006637
贵州,西部,24,2006,67.23,1788.09,6172,807,13928,33.8,,1.055018995,1.411266512
云南,西部,25,2006,71.55,1988.92,6621,1387.8,34286,30.8,,1.042035278,1.328303279
陕西,西部,26,2006,122.53,3050.44,6129,1944,40479,57.6,,1.15070037,1.753592909
甘肃,西部,27,2006,68.93,1716.69,4743,818.3,16570,27.5,,1.085980174,1.791082338
青海,西部,28,2006,14.64,860.4,1903,166.2,7168,14.1,,1.127357239,2.08434361
宁夏,西部,29,2006,24.64,685,2830,268.6,18500,18.5,,1.131312209,1.389909023
新疆,西部,30,2006,47.93,2073.43,6047,1242.6,20558,36.3,,1.159839597,1.868048644
北京,东部,1,2007,119.25,4541.29,6285,1989.1,9134.251,3.984,,1.070705803,1.516137206
天津,东部,2,2007,120.76,3205.59,4943,1888.6,21444.35,7.215,,1.048164981,1.800413666
河北,东部,3,2007,303.21,6302.02,23585,5267.4,123537.263,99.628,,1.135354923,1.516392402
山西,中部,4,2007,216.34,5413.94,15601,3350.9,41140.309,131.384,,1.16487162,1.965999807
内蒙古,西部,5,2007,93.28,3842.32,12777,1737.8,25020.842,70.445,,1.092310415,1.415004847
辽宁,东部,6,2007,328.02,7141.43,16544,4565.4,95196.709,89.984,,1.14228474,1.431063678
吉林,中部,7,2007,109.33,2832.54,6557,1255.1,39666.334,39.853,,1.278327087,1.524558496
黑龙江,中部,8,2007,142.94,3551.23,9377,3254.1,38388.299,55.052,,1.027511213,1.678345572
上海,东部,9,2007,282.12,7125.62,9670,5357.9,47569.531,4.876,,1.100287362,1.668285053
江苏,东部,10,2007,861.05,14679.11,20948,13137.9,268761.995,60.994,,1.072257042,1.371215313
浙江,东部,11,2007,790.93,9938.34,14524,9094,201210.552,37.512,,1.115730175,1.113838192
安徽,中部,12,2007,178.21,3611.64,7739,2604.9,73555.553,56.163,,1.126111784,1.715848089
福建,东部,13,2007,359.16,3837.44,7587,3956.4,136407.773,26.842,,1.087947182,1.201760824
江西,中部,14,2007,140.73,2116.68,5053,2435.5,71410.313,50.918,,1.075499691,2.260894405
山东,东部,15,2007,830.48,14643.55,29177,11233.1,166573.554,64.54,,1.047524618,1.235761917
河南,中部,16,2007,382.23,6605.55,17838,7067.2,134344.317,105.203,,1.126952956,1.766200654
湖北,中部,17,2007,200.35,6237.91,12143,3597.4,91001.129,48.579,,1.098619326,1.562544369
湖南,中部,18,2007,195.47,3319.17,11629,3260.6,100112.705,103.143,,1.111585198,1.496470667
广东,东部,19,2007,1307.4,13644.02,22217,14990.8,246331.036,50.241,,1.103536188,1.461402123
广西,西部,20,2007,99.52,2340.5,5997,1762.1,183980.858,73.173,,1.076220183,1.535915919
海南,东部,21,2007,12.33,554.26,1057,268.4,5960.123,2.003,,1.172226091,2.023179127
重庆,西部,22,2007,108.27,1851.44,5947,1862.3,69002.828,29.82,,1.02198587,1.574301049
四川,西部,23,2007,257.46,5065.56,14214,3896.5,114687.188,52.488,,1.101390584,1.795273961
贵州,西部,24,2007,66.62,1771.62,6800,1000.9,12101.085,33.681,,1.242833638,1.753969493
云南,西部,25,2007,82.06,2570.59,7133,1728.3,35352.282,29.027,,1.035843094,1.375913778
陕西,西部,26,2007,124.11,3755,6775,2449.8,48522.758,55.019,,1.106335273,1.94006169
甘肃,西部,27,2007,66.74,1827.76,5109,1070.2,15856.314,18.898,,1.26519678,2.266071607
青海,西部,28,2007,15.56,933.21,2095,207.5,7318.022,12.583,,1.160117259,2.418082996
宁夏,西部,29,2007,25.45,825.41,3077,357.6,21089.041,17.067,,1.176190943,1.634798404
新疆,西部,30,2007,53.79,2513.27,6576,1406.8,20959.519,39.347,,0.982693177,1.835718656
北京,东部,1,2008,123.38,4890.78,6327,2030.8,8367,3.523,,0.992496832,1.504761373
天津,东部,2,2008,133.12,3939.05,5364,2370.2,20433,6.59,,1.103323012,1.986437828
河北,东部,3,2008,316.85,7844.79,24322,6296.9,121172,90.381,,1.041139299,1.578775724
山西,中部,4,2008,214.93,6062.56,15675,4092.3,41150,99.678,,1.160250596,2.281052448
内蒙古,西部,5,2008,104.57,5194.07,14100,2090.6,29167,63.794,,0.988428864,1.398631633
辽宁,东部,6,2008,366.23,9705.4,17801,5706,83073,73.695,,1.033120872,1.478461754
吉林,中部,7,2008,126.99,3551.92,7221,1474.8,38353,32.43,,0.990079964,1.509434822
黑龙江,中部,8,2008,155.99,3909.25,9979,3765.6,38910,49.037,,1.067568191,1.791748347
上海,东部,9,2008,304.01,8109.47,10207,5832,41871,4.862,,1.006272782,1.678749842
江苏,东部,10,2008,1104.06,19144.21,22232,15336,259999,51.154,,0.961859682,1.318916725
浙江,东部,11,2008,814.55,11887.99,15107,10317,200488,33.624,,1.026646296,1.143517854
安徽,中部,12,2008,210.8,4785.98,8325,3238.4,67007,56.391,,1.027186828,1.762496556
福建,东部,13,2008,380.06,4488.86,8254,4676.9,139997,24.6,,1.055846115,1.268874497
江西,中部,14,2008,178.56,3390.15,5383,2936.9,68681,45.781,,0.889991584,2.012176994
山东,东部,15,2008,912.7,16953.17,30570,13310.8,176977,58.793,,1.067050618,1.318620517
河南,中部,16,2008,417.36,8213.51,18976,8687.4,133144,81.894,,1.069179072,1.888384776
湖北,中部,17,2008,235.9,7886.75,12845,4406.9,93687,40.808,,1.042313863,1.628661658
湖南,中部,18,2008,225.55,4096.42,12355,4110.8,92340,86.164,,1.075205711,1.609013807
广东,东部,19,2008,1493.38,16002.09,23476,17356.7,213314,48.312,,1.031766871,1.507826295
广西,西部,20,2008,114.6,2907.16,6497,2088,205745,64.93,,1.004187187,1.542347087
海南,东部,21,2008,12.61,585.58,1135,303.9,5991,1.698,,1.082907467,2.190915782
重庆,西部,22,2008,132.13,2404.27,6472,2188.6,67027,25.428,,0.956001578,1.505034288
四川,西部,23,2008,297.54,6251.91,15145,4912.4,108700,35.93,,1.078171692,1.935613564
贵州,西部,24,2008,73.53,2299.26,7084,1207,11695,27.462,,1.020135208,1.789286033
云南,西部,25,2008,84.34,2757.89,7511,2092.6,32996,27.347,,1.154698024,1.58876492
陕西,西部,26,2008,131.83,4626.96,7417,3122,48477,37.234,,1.11735187,2.167731557
甘肃,西部,27,2008,69.13,2117.66,5346,1197.1,16405,17.376,,1.019565012,2.310407325
青海,西部,28,2008,17.42,1260.26,2279,271.3,7098,13.078,,1.099144847,2.657823465
宁夏,西部,29,2008,25.89,1065.61,3229,476.5,20448,13.717,,1.158909456,1.89458333
新疆,西部,30,2008,57.84,2727.7,7069,1757.9,22875,39.753,,1.162538998,2.134094526
北京,东部,1,2009,120.41,4989.83,6570,2182.6,8712.533,3.64,,1.065265945,1.602971046
天津,东部,2,2009,136.82,4971.19,5874,2478.7,19441.053,6.663,,0.917516649,1.82258978
河北,东部,3,2009,319.94,9920.69,25419,6337.5,110057.998,75.681,,0.880784018,1.390560425
山西,中部,4,2009,211.11,6804.98,15576,3739.8,39720.212,86.602,,0.865838701,1.975023489
内蒙古,西部,5,2009,110.4,6013.96,15344,2345.6,28616.225,48.466,,1.021101773,1.42814524
辽宁,东部,6,2009,386.62,11022.98,19112,5891.6,75158.589,62.837,,0.944400135,1.39625948
吉林,中部,7,2009,137.05,4347.74,7698,1705,37563.483,34.304,,1.016005145,1.533593546
黑龙江,中部,8,2009,144.48,4754.45,10467,3470.2,34188.222,42.035,,0.843866371,1.511996175
上海,东部,9,2009,284.12,8401.25,10367,5740.8,41192.029,4.477,,0.979040495,1.643564076
江苏,东部,10,2009,1026.16,20308.82,23709,16570.3,256159.97,46.518,,1.056745887,1.393759824
浙江,东部,11,2009,787.64,13228.05,15567,10491.3,203441.709,34.805,,0.967971034,1.10689216
安徽,中部,12,2009,232.06,5756.93,8896,3743.7,73441.473,51.437,,1.021641354,1.800639368
福建,东部,13,2009,379.47,5204.83,8916,5218.6,142746.985,22.733,,1.017656608,1.291278517
江西,中部,14,2009,174.94,3432.67,5813,3232.5,67192.445,40.26,,1.083153633,2.17949682
山东,东部,15,2009,926.6,20220.89,32420,13998.5,182672.636,52.258,,0.954184858,1.258207731
河南,中部,16,2009,449.14,9840.72,19751,9064.9,140324.565,76.966,,0.931337385,1.758723339
湖北,中部,17,2009,272.39,9210.24,13708,5212.7,91324.093,36.244,,1.045645888,1.703003365
湖南,中部,18,2009,241.01,5106.06,13331,4565.7,96395.69,85.071,,0.954693039,1.536114282
广东,东部,19,2009,1436.02,17654.15,24654,18128.5,188843.887,35.335,,0.996026498,1.501834944
广西,西部,20,2009,122.88,3369.23,7075,2241.4,161596.431,71.33,,0.966513549,1.490699357
海南,东部,21,2009,12,612.99,1233,291.9,7031.297,1.659,,0.937375757,2.05371134
重庆,西部,22,2009,137.29,2688.32,7030,2470.8,65683.845,21.642,,1.042978207,1.569717963
四川,西部,23,2009,311.76,8063.93,16322,5621.3,105909.552,30.928,,0.976667997,1.890451822
贵州,西部,24,2009,74.97,2771.5,7566,1297,13477.622,21.653,,0.957463936,1.713176848
云南,西部,25,2009,84.2,3711.02,8032,2135,32375.205,22.538,,0.876785729,1.39300641
陕西,西部,26,2009,137.69,5765.09,8044,3339.8,49136.763,29.877,,0.940596924,2.038961634
甘肃,西部,27,2009,69.03,2702.64,5482,1214,16363.607,17.529,,0.898973555,2.076995086
青海,西部,28,2009,17.8,1416.71,2348,273.7,8403.91,12.317,,0.950953687,2.527467024
宁夏,西部,29,2009,27.28,1167.5,3388,484.8,21542.367,11.573,,0.948466155,1.796948166
新疆,西部,30,2009,58.25,3754.98,7526,1558.5,24200.709,40.444,,0.762972897,1.628256284
北京,东部,1,2010,124.15,5551.31,6954,2607.5,8198,3.8,,1.155197921,1.851748819
天津,东部,2,2010,148.91,5732.66,6818,2837.3,19680,6.2,,1.013850636,1.847833808
河北,东部,3,2010,344.67,11495.76,27531,7495.1,114232,64.4,,1.061919086,1.476662656
山西,中部,4,2010,219.88,7709.02,16808,4923.9,49881,79.7,,1.207060531,2.383972901
内蒙古,西部,5,2010,125.19,7485.68,16820,2720.8,39536,63.6,,0.985691197,1.407710191
辽宁,东部,6,2010,401.74,12230.66,20947,6371.4,71521,56.5,,0.998920025,1.394751555
吉林,中部,7,2010,139.81,4800.34,8297,2029.6,38656,26.3,,1.112445928,1.706039895
黑龙江,中部,8,2010,147.6,5300.12,11234,3894.1,38921,35.4,,1.041495939,1.574737877
上海,东部,9,2010,291.62,8279.45,11201,6943.9,36696,5.2,,1.208777024,1.986702493
江苏,东部,10,2010,1153.88,24066.75,25774,19382.2,263760,45,,1.034708048,1.442134507
浙江,东部,11,2010,857.58,14275.22,16865,12432.1,217426,30.4,,1.100192593,1.217794556
安徽,中部,12,2010,264.87,7072.38,9707,4949.2,70971,47.1,,1.148393234,2.067842067
福建,东部,13,2010,411.75,5824,9809,6532.3,124168,24,,1.143136918,1.476108145
江西,中部,14,2010,199.16,4076.54,6355,4327.3,72526,36.3,,1.174877427,2.560641616
山东,东部,15,2010,931.5,22788.11,34808,15450,208257,48,,1.02997041,1.295916732
河南,中部,16,2010,479.27,11431.44,21438,10584.6,150406,70.1,,1.046323999,1.840194438
湖北,中部,17,2010,294.97,9611.91,15138,6750.7,94593,29.1,,1.221457036,2.080145442
湖南,中部,18,2010,272.44,6382.45,14880,5913.4,95605,62.9,,1.096071198,1.68369062
广东,东部,19,2010,1568,22407.53,26908,21387.7,187031,35.7,,1.015466129,1.525062516
广西,西部,20,2010,150.51,4062.12,7919,2875.5,165211,56.8,,1.081402519,1.612046039
海南,东部,21,2010,12.44,649.53,1359,347.6,5782,1.4,,1.133284843,2.327439934
重庆,西部,22,2010,146.56,3414.95,7856,2945.5,45180,18.6,,1.018601463,1.598917014
四川,西部,23,2010,351.67,9612.28,17892,7032.9,93444,40.1,,1.099110992,2.077816377
贵州,西部,24,2010,80.3,3077.16,8175,1484.9,14130,19.9,,1.053160642,1.804250429
云南,西部,25,2010,92.6,4475.91,8674,2675,30926,18.1,,1.111070555,1.547728405
陕西,西部,26,2010,151.08,5253.92,8882,4271.8,45487,30,,1.278967408,2.607765475
甘肃,西部,27,2010,71.34,3346.83,5923,1613.8,15352,19.1,,1.193079805,2.478020892
青海,西部,28,2010,20.09,1657.06,2568,326.7,9031,15,,1.053532411,2.662768428
宁夏,西部,29,2010,29.04,1424.11,3681,597.8,21977,19.7,,1.087609438,1.954377785
新疆,西部,30,2010,60.18,4428.65,8290,2165.6,25413,43.3,,1.276219324,2.078012135
北京,东部,1,2011,117.32,5137.66,6995,2859.6,8633,2.941,,1.160358375,2.148692251
天津,东部,2,2011,149.32,6232.49,7598,3231.3,19795,6.533,,1.072135081,1.981127451
河北,东部,3,2011,356.03,13019.72,29498,9132.8,118505,122.35,,1.124859026,1.661037317
山西,中部,4,2011,212.64,8960.31,18315,6251,39665,100.841,,1.206174339,2.875486938
内蒙古,西部,5,2011,123.57,8384.36,18737,3169.8,39409,60.453,,1.105450405,1.556153802
辽宁,东部,6,2011,368.92,12456.53,22712,7499.4,90457,59.115,,1.163118519,1.622261363
吉林,中部,7,2011,139.51,5265.72,9103,2376,41884,36.128,,1.097840693,1.872960022
黑龙江,中部,8,2011,134.23,5551.74,12119,4624.4,44072,41.981,,1.179447471,1.857320606
上海,东部,9,2011,269.34,8360.57,11270,7673.3,44626,6.645,,1.106836018,2.198953876
江苏,东部,10,2011,1091.86,24693.42,27589,22313.5,246298,48.639,,1.141087357,1.645601453
浙江,东部,11,2011,734.37,14615.98,17827,14277.8,182240,30.275,,1.174494011,1.430292413
安徽,中部,12,2011,264.08,8017.19,10570,6424.7,70720,41.059,,1.205865297,2.493538988
福建,东部,13,2011,403.82,6403.56,10653,7823.2,177186,20.985,,1.176068272,1.736003956
江西,中部,14,2011,202.96,4494.68,6928,5462.3,71196,35.909,,1.221165575,3.126967391
山东,东部,15,2011,859.77,24335.75,37132,17280.8,187245,61.274,,1.093941468,1.417657052
河南,中部,16,2011,547.1,13693.89,23062,12153.7,138654,57.566,,1.008916592,1.8566027
湖北,中部,17,2011,279.64,10324.46,16579,8551.2,104434,30.736,,1.218589466,2.534843323
湖南,中部,18,2011,289.67,7212.51,16161,7535.5,97197,35.52,,1.170874249,1.971389991
广东,东部,19,2011,1463.86,20665.39,28480,24460.7,178626,26.392,,1.228524084,1.873576032
广西,西部,20,2011,147.11,4250.33,8591,3504.1,101234,26.001,,1.192686781,1.922666002
海南,东部,21,2011,11.65,643.34,1601,440.1,6820,1.105,,1.26689299,2.948617337
重庆,西部,22,2011,145.76,3470.56,8792,3700.2,33954,17.122,,1.250256459,1.999056324
四川,西部,23,2011,380.48,10226.17,19696,8457.4,80420,35.758,,1.131081873,2.350180439
贵州,西部,24,2011,84.48,2458.04,9068,1822.9,20626,25.716,,1.320868624,2.383177781
云南,西部,25,2011,90.62,4633.23,9540,3076.5,47228,35.282,,1.107003765,1.713341171
陕西,西部,26,2011,156.41,7605.83,9761,5513.9,40806,39.7,,1.082541777,2.82301507
甘肃,西部,27,2011,59.61,3445.75,6496,1947.2,19720,18.776,,1.244313151,3.083433984
青海,西部,28,2011,18.11,1730.34,3189,415.4,8677,11.763,,1.272338043,3.387941569
宁夏,西部,29,2011,29.91,1939.22,4316,751.2,19285,19.822,,1.068977845,2.089186553
新疆,西部,30,2011,61.19,4789.03,9927,2718.9,28769,44.053,,1.178211833,2.448338487
北京,东部,1,2012,120.2,5945.59,7178,3090.1,9190,3.084,,1.01175729,2.173955048
天津,东部,2,2012,160.227,7195.81,8208,3575.2,19117,5.904,,1.012700016,2.006287801
河北,东部,3,2012,376.627,15563.95,30250,9665.1,122645,105.573,,0.954890198,1.586108252
山西,中部,4,2012,222.369,9693.35,19336,6330.4,48108,94.812,,0.940962922,2.705726592
内蒙古,西部,5,2012,129.79,9712.94,19786,3568.2,33618,66.769,,1.045758553,1.627361148
辽宁,东部,6,2012,405.8,13152.82,23526,7816.2,87168,62.634,,0.984574286,1.597236823
吉林,中部,7,2012,149.989,6103.02,9443,2649.7,44842,19.551,,1.013839274,1.898880429
黑龙江,中部,8,2012,141.35,6088.4,12758,4776,58355,45.01,,0.95357104,1.771087143
上海,东部,9,2012,264.97,8190.34,11362,7661.3,46359,6.373,,1.006505332,2.213258802
江苏,东部,10,2012,1131.77,27740.05,28850,23942.2,236094,39.598,,1.008906803,1.660258501
浙江,东部,11,2012,719.01,15386.64,18076,14853.3,175416,23.323,,1.02742018,1.469511288
安徽,中部,12,2012,299.303,9470.71,11358,7279.7,67175,35.164,,1.008697416,2.515226335
福建,东部,13,2012,396.592,7124.41,11185,8711.2,106319,23.399,,1.078028839,1.871462329
江西,中部,14,2012,209.031,5187.12,7233,5889.2,67871,32.183,,0.971724305,3.038550216
山东,东部,15,2012,918.465,27312.93,38899,18421.9,183634,52.59,,0.987179504,1.399481985
河南,中部,16,2012,584.05,15707.68,23647,12868.7,137356,49.277,,0.975243099,1.810638971
湖北,中部,17,2012,311.13,10770,17675,9771,91609,28.158,,1.082326307,2.743527612
湖南,中部,18,2012,303.79,7986.63,16744,8423.1,97133,29.883,,1.04871899,2.067434121
广东,东部,19,2012,1452.16,21208.93,29144,25526.2,186126,26.75,,1.072744419,2.009868231
广西,西部,20,2012,152.873,4992.17,9155,3643.8,110671,26.852,,0.937571619,1.802637076
海南,东部,21,2012,12.35,720.17,1688,478.3,7465,1.066,,1.004229434,2.961088319
重庆,西部,22,2012,154.97,4040.35,9278,4291.4,30611,16.614,,1.059777197,2.118554308
四川,西部,23,2012,391.44,12055.57,20575,9408.5,69984,26.782,,1.024699517,2.408228761
贵州,西部,24,2012,84.378,3661.49,9878,2185.8,23399,25.654,,0.969115074,2.309573512
云南,西部,25,2012,101.04,5301.08,10434,3557.4,42811,35.952,,1.039184286,1.780477223
陕西,西部,26,2012,165.519,9317.97,10626,6505.2,38037,38.552,,1.065134872,3.006891796
甘肃,西部,27,2012,63.484,4048.65,7007,2107.1,19188,15.665,,0.979951613,3.021616106
青海,西部,28,2012,18.894,1986.74,3524,462.7,8917,13.37,,1.028416675,3.484215603
宁夏,西部,29,2012,31.584,2361.38,4562,802,16548,18.072,,0.963198685,2.012301741
新疆,西部,30,2012,66.48,5679.83,11831,2873.2,29738,60.6,,0.929848081,2.276582843
北京,东部,1,2013,119.15,6060.28,6724,3336.6,9486,2.718,,1.122973641,2.441294216
天津,东部,2,2013,163.15,7993.28,7882,3814.7,18692,6.277,,1.044140164,2.094845673
河北,东部,3,2013,369.72,16764.62,29664,9847.5,109876,118.72,,1.003123761,1.591062875
山西,中部,4,2013,218.32,11010.12,19761,6113.9,47795,89.794,,0.915834163,2.477996849
内蒙古,西部,5,2013,127.7,11078.63,17681,3823.6,36986,68.405,,1.0523867,1.712613228
辽宁,东部,6,2013,400.6,15137.56,21721,8039.6,78286,57.277,,1.000968028,1.598782994
吉林,中部,7,2013,150.1,6739.17,8645,2852.7,42656,25.093,,1.063557146,2.019567851
黑龙江,中部,8,2013,138.22,6531.53,11853,4857.5,47796,52.014,,1.021684525,1.809492325
上海,东部,9,2013,259.67,8448.43,11346,7765.3,45426,6.717,,1.007683869,2.230265193
江苏,东部,10,2013,1150.76,31249.18,29205,25564.4,220559,45.557,,1.017350055,1.689064077
浙江,东部,11,2013,719.38,16149.64,18640,15835.8,163674,29.659,,1.037680247,1.524882837
安徽,中部,12,2013,314.68,10681.91,11696,8045.3,70972,35.176,,1.031491458,2.594434479
福建,东部,13,2013,424.15,7930.44,11190,9650.2,104658,24.058,,1.040284246,1.946852777
江西,中部,14,2013,236.22,6055.81,7583,6523.3,68230,32.469,,0.989233238,3.00583487
山东,东部,15,2013,948.23,30512.77,35358,19475.3,181179,54.237,,1.040926185,1.456757444
河南,中部,16,2013,631.74,18603.16,21909,13441.5,130789,54.721,,0.97630216,1.767730738
湖北,中部,17,2013,346.29,12044.51,15703,10227.4,84993,29.479,,1.008663191,2.767295315
湖南,中部,18,2013,330.32,8531.09,14919,9179.7,92311,31.677,,1.074120447,2.220673263
广东,东部,19,2013,1455.81,22385.82,28480,27142.1,170463,29.666,,1.077860101,2.166356774
广西,西部,20,2013,165.6,5253.6,9100,3699.7,89508,26.003,,0.976883621,1.760966634
海南,东部,21,2013,12.69,924.33,1720,441.6,6744,1.403,,0.826954888,2.44868646
重庆,西部,22,2013,169.42,5156.25,8049,4775.7,33451,17.984,,0.995565274,2.109159102
四川,西部,23,2013,385.05,14505.83,19212,10309,64864,26.887,,1.045160496,2.516985566
贵州,西部,24,2013,91.61,4326.55,9299,2533.3,22898,26.207,,1.067099034,2.464543663
云南,西部,25,2013,103.32,6764.19,10072,3903.4,41844,35.477,,1.002268881,1.784516913
陕西,西部,26,2013,171.01,8237.81,10610,7156.9,34871,46.851,,1.158263434,3.482772817
甘肃,西部,27,2013,61.77,4716.27,7287,2262.6,20171,17.456,,1.020769043,3.084372181
青海,西部,28,2013,21.39,2369.1,3768,502,8395,14.924,,0.956568317,3.332890257
宁夏,西部,29,2013,33.13,2487.44,4781,846.3,15708,21.291,,1.006998042,2.026383913
新疆,西部,30,2013,70.32,7314.22,13632,2951.6,34718,66.326,,0.893542779,2.03422416
北京,东部,1,2014,116.77,6277.84,6831,3522.8,9174,2.271,,1.0877866,2.655607136
天津,东部,2,2014,167.51,8248.22,8145,3972.4,19011,11.219,,1.009592412,2.114940297
河北,东部,3,2014,389.15,19804.45,29320,10056.3,108562,145.072,,0.944274265,1.502399727
山西,中部,4,2014,210.05,12611.5,19863,5769.2,49250,114.511,,0.903539547,2.23896815
内蒙古,西部,5,2014,128.41,12446.32,18309,4008.3,39325,81.875,,1.000333279,1.713184006
辽宁,东部,6,2014,369.4,14954.25,21803,7811.3,90631,95.792,,0.989930976,1.582684809
吉林,中部,7,2014,151.17,7630.59,8560,3065,42192,36.803,,1.028188351,2.076496138
黑龙江,中部,8,2014,134.25,6822.96,11955,4527.9,41984,53.471,,0.925958245,1.675514338
上海,东部,9,2014,247.18,8287.91,11085,8099.9,43939,13.143,,1.073956482,2.395207762
江苏,东部,10,2014,1147.96,34449.12,29863,27154.5,204890,72.048,,1.021784395,1.725859315
浙江,东部,11,2014,722.78,17801.63,18826,16955.3,149380,35.878,,1.030855431,1.571933754
安徽,中部,12,2014,335.45,11167.4,12011,8595.2,69580,58.528,,1.02799708,2.667071068
福建,东部,13,2014,433.95,9246.62,12110,10682.2,102052,34.92,,0.96222972,1.873319603
江西,中部,14,2014,250.45,6872.47,8055,6930.7,64856,42.876,,0.978532429,2.941306897
山东,东部,15,2014,929.694,36419.85,36511,20178.2,180022,102.447,,0.950882597,1.385205302
河南,中部,16,2014,689.85,22126.93,22890,14229.3,128048,71.548,,0.95378817,1.686040666
湖北,中部,17,2014,359.45,12605.1,16320,11174.2,81657,43.829,,1.055571606,2.921078359
湖南,中部,18,2014,335.11,9478.16,15317,9859.9,82271,45.23,,1.01706077,2.25855966
广东,东部,19,2014,1455.78,25305.19,29593,29497.8,177554,39.533,,0.947361096,2.052322127
广西,西部,20,2014,169.26,5587.07,9515,4023.8,72936,37.602,,1.044404701,1.839161832
海南,东部,21,2014,11.65,995.46,1820,485.9,7956,1.885,,1.101314082,2.69677288
重庆,西部,22,2014,183.29,6113.97,8593,5369.9,34968,21.477,,1.006049161,2.121917744
四川,西部,23,2014,374.1,16045.08,19879,10703.8,67577,39.873,,0.992249525,2.497477732
贵州,西部,24,2014,102.42,4807.09,9709,2840.3,32674,34.304,,1.010155633,2.489572664
云南,西部,25,2014,99.75,7943.69,10455,4085,40443,32.996,,0.999941479,1.784412481
陕西,西部,26,2014,188.02,11632.19,11222,7632.4,36163,53.775,,0.900743404,3.137084642
甘肃,西部,27,2014,68.6,5275.55,7521,2374.3,19742,26.09,,0.961392255,2.965291527
青海,西部,28,2014,21.64,2823.17,3992,504.5,8214,17.588,,0.943160777,3.143451364
宁夏,西部,29,2014,33.81,2842.22,4946,881,15147,21.175,,0.980284959,1.986433671
新疆,西部,30,2014,75.24,8825.36,14926,3211.2,32799,67.596,,0.983828447,2.001327597
北京,东部,1,2015,110.44,6660.18,6803,3458.9,8978,1.299,,0.996554861,2.646458201
天津,东部,2,2015,159.83,8452.57,8319,3815.1,18973,7.38,,0.957359925,2.024759083
河北,东部,3,2015,380.64,19745.87,31037,10026.4,94110,111.105,,0.996804094,1.497598199
山西,中部,4,2015,198.14,12749.59,19029,4597.2,41356,107.296,,0.814997198,1.824752769
内蒙古,西部,5,2015,124.57,12880.19,18784,4121.2,35753,65.674,,1.034537618,1.772353301
辽宁,东部,6,2015,305.2,14251.63,21362,7115.7,83140,83.672,,0.990265043,1.567277442
吉林,中部,7,2015,149.01,7366.03,7020,3090.7,38772,33.823,,1.101148303,2.286530199
黑龙江,中部,8,2015,124.92,6975.82,11104,3593.9,36410,37.317,,0.817192012,1.369216933
上海,东部,9,2015,233.71,8680.63,10931,7888.6,46939,11.137,,0.968051601,2.318684709
江苏,东部,10,2015,1138.22,36790.78,30374,28802.6,206427,61.221,,1.041522578,1.797521443
浙江,东部,11,2015,705.17,18480.92,19610,17803.3,147353,31.112,,1.036712221,1.629642934
安徽,中部,12,2015,339.84,12386.88,12301,8360.5,71436,47.796,,0.920405541,2.454786989
福建,东部,13,2015,436.17,9657.01,11863,11008.7,90741,32.176,,1.022585445,1.91562936
江西,中部,14,2015,263.41,8292.85,8423,7026.2,76412,44.601,,0.914515883,2.689871874
山东,东部,15,2015,915.12,39913.79,39332,21156.5,186440,90.295,,0.991286507,1.373135325
河南,中部,16,2015,717.31,24065.68,22343,14797.6,129809,66.635,,1.005853411,1.695909755
湖北,中部,17,2015,352.64,13328.9,15477,11677.3,80817,37.813,,1.049103243,3.06451278
湖南,中部,18,2015,330.29,9903.94,14514,10458.8,76888,41.242,,1.073306193,2.42412607
广东,东部,19,2015,1439.33,26943.69,30117,31315.5,161455,29.957,,1.054438053,2.164046548
广西,西部,20,2015,171.86,5749.81,9806,4159.1,63253,32.939,,1.012573747,1.862286987
海南,东部,21,2015,11.64,1222.1,1916,492.9,6879,1.611,,0.94763488,2.555556045
重庆,西部,22,2015,191.99,7092.53,7747,5621.5,35524,19.642,,1.009682838,2.14246393
四川,西部,23,2015,354.47,16768.95,18306,10735,71647,37.557,,1.025396959,2.560906071
贵州,西部,24,2015,102.18,5440.98,9344,3196,29174,23.062,,1.091051,2.716250746
云南,西部,25,2015,94.71,8350.96,10425,4044.5,45933,26.137,,0.992733618,1.771446258
陕西,西部,26,2015,176.55,12874.63,11746,7103.3,37730,45.49,,0.898679797,2.819234591
甘肃,西部,27,2015,63.83,5833.88,7489,2031.6,18760,20.78,,0.852344954,2.527451269
青海,西部,28,2015,20.94,3412.13,4125,516.4,8546,17.982,,0.99138374,3.116366571
宁夏,西部,29,2015,32.8,3407.62,5438,874.7,16443,18.534,,0.933282788,1.853904356
新疆,西部,30,2015,72.01,9421.34,15666,2770.9,28402,46.255,,0.862422303,1.725989556
北京,东部,1,2016,104.45,6833.06,6917,3635.5,8515.44,1.695,,1.102181586,2.916877498
天津,东部,2,2016,146.98,9191.81,8078,3773,13992.8,2.883,,1.057733832,2.141656183
河北,东部,3,2016,367.32,20087.82,31458,10755.9,67790,61.294,,1.103500433,1.65260026
山西,中部,4,2016,190.72,12901.36,18974,4441.2,28513.4,94.76,,0.998066273,1.821224196
内蒙古,西部,5,2016,120.71,13292.94,19310,4357.1,21536,107.486,,1.102853843,1.954646648
辽宁,东部,6,2016,212.3,12038,20847,6617.5,57639.2,74.312,,1.150614941,1.803332841
吉林,中部,7,2016,143.47,7611.72,6886,3148.2,16665,27.221,,1.080294048,2.470124964
黑龙江,中部,8,2016,117.4,6752.1,11070,3367.3,23934.675,45.021,,0.991017789,1.356918337
上海,东部,9,2016,215.34,8612.13,11242,8045.5,36600,4.152,,1.084203692,2.513926523
江苏,东部,10,2016,1111.84,38880.97,31210,30291.4,179400,73.357,,1.045433364,1.879188889
浙江,东部,11,2016,690.3,18993.74,20276,18661.5,129913,37.435,,1.069419079,1.742771246
安徽,中部,12,2016,314.58,11782.43,12663,8909.4,49625,92.663,,1.127693925,2.768248374
福建,东部,13,2016,421.66,9931.69,12036,11712,68872.15,66.09,,1.093024696,2.093830199
江西,中部,14,2016,269.13,9333.45,8730,7349.3,85527,64.948,,0.981702309,2.64065343
山东,东部,15,2016,869.374,41145.21,40138,21696,156599,45.225,,1.037463405,1.42457765
河南,中部,16,2016,724.19,25763.17,22323,15536.8,64509.82,32.363,,1.08144283,1.834029444
湖北,中部,17,2016,339.51,13642.5,15897,12480.5,49090,36.999,,1.122868113,3.441043683
湖南,中部,18,2016,336.31,10202.62,14845,10540.1,47548,45.926,,1.019880937,2.472319967
广东,东部,19,2016,1417.84,27217.9,31211,32677.9,134000,75.555,,1.114952195,2.412808449
广西,西部,20,2016,174.62,6018.15,10110,4307.3,36187,37.662,,1.027471751,1.91344727
海南,东部,21,2016,10.87,1315.46,1984,482.5,547,2.2,,3.687002136,9.422340595
重庆,西部,22,2016,194.95,8000.15,7982,5896.2,27837,15.674,,1.016969937,2.178821409
四川,西部,23,2016,335.48,17881.21,18756,10790.9,50788.613,38.678,,1.022212369,2.617789862
贵州,西部,24,2016,103.41,5541.54,9606,3501.7,16400,48.32,,1.130786497,3.071499665
云南,西部,25,2016,90.18,8422.86,10726,4087.5,49157.809,47.854,,1.021375043,1.809310998
陕西,西部,26,2016,175.01,15087.7,12146,7226.9,28416.76,50.606,,0.997434666,2.812002311
甘肃,西部,27,2016,59.71,5922.68,7300,1995.5,13023,53.439,,1.036693094,2.620191275
青海,西部,28,2016,20.13,3411.35,4101,597.4,8878,12.209,,1.190799985,3.710969266
宁夏,西部,29,2016,31.12,3689.09,5591,925.4,13564.4,24.614,,1.065597306,1.975515487
新疆,西部,30,2016,71.57,10244.7,16302,2686.8,6063,46.319,,1.083147316,1.869500956
北京,东部,1,2017,99.5,7258.42,7088,3885.9,8494.16,1.301,,1.132927208,3.304609881
天津,东部,2,2017,105.264,6430.49,7832,3942.5,14077,2.593,,1.34702242,2.884858895
河北,东部,3,2017,280.445,17906.77,32083,11015.7,44325,37.052,,1.234431745,2.040022222
山西,中部,4,2017,194.43,12518.11,19581,5887.3,24041,58.686,,1.383718764,2.520062093
内蒙古,西部,5,2017,102.605,12159.37,19763,4672,20048,88.301,,1.213658821,2.372274148
辽宁,东部,6,2017,199.1,11391.31,21365,7039,51284.1,74.417,,1.118950102,2.017839466
吉林,中部,7,2017,123.939,6773.85,6881,3235.2,17959,26.67,,1.114929632,2.754015516
黑龙江,中部,8,2017,102.735,6066.15,11258,3226.1,18058.969,41.666,,1.067766922,1.448872516
上海,东部,9,2017,204.67,8585.19,11382,8977.4,31600,1.789,,1.368769795,3.440986692
江苏,东部,10,2017,1031.37,36428.29,31602,33782.6,151900,57.114,,1.202958779,2.260586771
浙江,东部,11,2017,670.51,18337.58,21030,20038.7,122917,30.228,,1.108141884,1.931237811
安徽,中部,12,2017,298.097,10384.96,13019,9739.9,43010,54.439,,1.184225016,3.278228975
福建,东部,13,2017,447.659,10530.68,12555,12864.9,69860.45,35.66,,1.149988357,2.407880349
江西,中部,14,2017,263.485,8073.07,8972,7969.6,41206.56,52.252,,1.186788295,3.133896583
山东,东部,15,2017,811.179,38449.59,40098,22515.8,142495,34.803,,1.111313079,1.583151774
河南,中部,16,2017,676.53,24699.6,22162,16741.4,51133.81,21.829,,1.200316549,2.201415892
湖北,中部,17,2017,327.53,12498.49,16180,13431.6,44158.22,27.494,,1.186429255,4.082554892
湖南,中部,18,2017,335.88,10214.36,15200,10709.8,33421,33.751,,1.056806953,2.61276493
广东,东部,19,2017,1403.19,26540.42,32309,35344,130264.85,51.612,,1.689581118,4.076635598
广西,西部,20,2017,164.622,6123.95,10456,4680.1,36187,37.224,,1.092086278,2.089649508
海南,东部,21,2017,9.7,1090.45,2080,528.3,690,1.69,,0.588344207,5.543579507
重庆,西部,22,2017,169.01,7241.17,8279,6202.4,21301,14.908,,1.166192871,2.540925994
四川,西部,23,2017,318.97,16969.9,19229,11437.8,43157.17,38.484,,1.118792381,2.928763352
贵州,西部,24,2017,96.21,5395.98,9846,3821.4,17380,38.349,,1.129946893,3.470631505
云南,西部,25,2017,87.1,8687.17,11164,4347.8,20613.43,39.806,,1.127689679,2.040341339
陕西,西部,26,2017,153.275,13120.9,12549,8232.9,30875.52,36.397,,1.248080902,3.509606382
甘肃,西部,27,2017,53.841,5474.76,7504,2020.5,9885,45.297,,1.109874067,2.908082346
青海,西部,28,2017,20.238,3036.81,4193,683.2,9210,9.867,,1.169732519,4.340841427
宁夏,西部,29,2017,30.824,3727.24,6461,1129.2,12373.4,22.536,,1.206720198,2.383894439
新疆,西部,30,2017,70.627,10624.31,17386,3266.1,4870,46.023,,1.253998552,2.344351492
北京,东部,1,2018,92.74,7923.871,7270,4139.9,8422.15,1.575,,1.098578681,3.630373965
天津,东部,2,2018,98.85,6978.091,7973,4276.9,14891,2.242,,1.092952744,3.153014444
河北,东部,3,2018,288.42,20058.289,32185,10930.3,38000,35.038,,0.960743367,1.959937818
山西,中部,4,2018,201.59,14107.368,20199,6260.2,21872,37.912,,1.014714483,2.557143503
内蒙古,西部,5,2018,84.5,14130.54,23068,5104.2,19750,76.314,,1.161640277,2.755729199
辽宁,东部,6,2018,183.2,12198.037,22321,7728.7,39554.7,72.92,,1.127293143,2.274696594
吉林,中部,7,2018,97.42,7418.84,7000,3287.2,16532,19.043,,1.079051612,2.971724881
黑龙江,中部,8,2018,88.07,6439.8,11436,3266.7,19965.66,35.802,,1.047279124,1.517373939
上海,东部,9,2018,199.62,9030.287,11454,9763.5,29100,1.623,,1.438050963,4.948314226
江苏,东部,10,2018,952.16,41282.068,31635,36113.2,143600,48.119,,1.080762016,2.443156317
浙江,东部,11,2018,669.45,20498.212,21675,21621.2,119936,26.374,,1.046398472,2.020844295
安徽,中部,12,2018,290.98,11705.01,13295,10639.8,42582,45.503,,1.053767504,3.454491165
福建,东部,13,2018,445.34,11774.835,13131,14781,147005.37,41.058,,1.593216177,3.836273925
江西,中部,14,2018,236.28,9256.701,9286,8264.2,39556.67,40.839,,1.015675414,3.183021708
山东,东部,15,2018,696,43687.171,40581,22613,145052,26.742,,0.997543404,1.579262609
河南,中部,16,2018,641.75,28247.065,22659,17323.4,47163.82,18.292,,1.016179307,2.237033276
湖北,中部,17,2018,315.55,13895.039,16682,14849.6,45849,25.095,,1.102678983,4.501747476
湖南,中部,18,2018,312.32,11482.834,15544,10785.6,32240,26.162,,0.978203332,2.555815361
广东,东部,19,2018,1341.31,29085.181,33330,37651.1,122499.77,59.363,,0.999422021,4.074279388
广西,西部,20,2018,128.24,6819.024,10823,5101.9,36057,37.222,,1.124404814,2.349611965
海南,东部,21,2018,10.42,1213.851,2170,582,756,1.555,,1.105514009,6.128504805
重庆,西部,22,2018,162.51,8224.035,8557,6268.1,28387,15.403,,0.932915601,2.370469501
四川,西部,23,2018,299.18,19146.136,19916,12360.1,43461.089,32.221,,1.060569684,3.106157623
贵州,西部,24,2018,89.01,6123.661,10036,4165.5,18000,31.469,,1.072647844,3.7227654
云南,西部,25,2018,88.85,9823.119,11590,4911.7,19814.83,43.2,,1.091386702,2.226801405
陕西,西部,26,2018,174.56,15121.838,12900,9088.1,21722.42,26.38,,1.102729669,3.870147084
甘肃,西部,27,2018,50.86,6102.289,7823,2253.4,9737,47.407,,1.119729472,3.256265511
青海,西部,28,2018,16.92,3443.124,4364,777.5,9542,9.351,,1.236702588,5.368329829
宁夏,西部,29,2018,28.28,4363.405,7100,1191,12642.3,18.937,,1.052602676,2.509293666
新疆,西部,30,2018,67.96,12210.411,17694,3758.5,4755,40.481,,1.660042513,3.891723141
北京,东部,1,2019,86.81,8689.618,7360,4243.3,7716.14,1.151,,1.053571805,3.824859652
天津,东部,2,2019,98.4,7582.932,8241,4372.3,15066.7,1.938,,0.99583442,3.13988031
河北,东部,3,2019,276.65,22500.018,32545,11310.4,31053.31,34.184,,1.066703508,2.090672546
山西,中部,4,2019,187.04,15909.119,20859,6582.7,14394,30.339,,1.158633792,2.962792874
内蒙古,西部,5,2019,89.01,16531.217,25346,5458.6,19452,80.312,,0.975787483,2.689006058
辽宁,东部,6,2019,192,13031.606,23749,8052.2,32799.6,71.022,,1.008593863,2.294245025
吉林,中部,7,2019,89.01,8138.02,7132,3347.8,15733,19.546,,1.02916316,3.05838977
黑龙江,中部,8,2019,85.49,6852.556,11614,3334,17611.28,29.808,,1.020021429,1.547753933
上海,东部,9,2019,192.69,9490.947,11696,9565.1,34100,1.353,,0.735939723,3.641660999
江苏,东部,10,2019,846.58,46940.252,32526,37225.7,137500,37.186,,1.044925689,2.552916797
浙江,东部,11,2019,678.93,22910.716,22393,22520.9,119583,23.215,,0.977938293,1.976261019
安徽,中部,12,2019,267.38,13263.576,13870,11181.7,48265,54.825,,1.003866942,3.46784948
福建,东部,13,2019,439.86,13164.01,13718,15654,156646.25,47.681,,0.751405598,2.882597703
江西,中部,14,2019,234.93,10662.65,9665,8774.2,48029.61,36.8,,0.983633435,3.130926576
山东,东部,15,2019,550.26,49800.486,41390,22755.1,144039,26.699,,1.053508352,1.663766348
河南,中部,16,2019,489.14,32430.763,22300,17938.2,45922.98,15,,1.117906724,2.500794541
湖北,中部,17,2019,335.87,15516.929,17316,15707.6,57088,26.762,,0.91799734,4.132592209
湖南,中部,18,2019,308.41,12960.59,16001,11995.8,28534,23.646,,1.136733695,2.90528144
广东,东部,19,2019,1315.8,31942.942,34142,39141.8,129870.48,56.42,,0.839578068,3.420675617
广西,西部,20,2019,125.02,7632.075,11270,5246.6,37165,38.149,,0.984571005,2.313359813
海南,东部,21,2019,10.61,1361.207,2264,597.9,1474,2.273,,0.586077659,3.591779748
重庆,西部,22,2019,154.8,9403.448,8889,6551.8,29760,14.957,,1.003442319,2.378629414
四川,西部,23,2019,298.86,21707.179,20791,13165.9,46619.259,32.25,,1.01003191,3.137318318
贵州,西部,24,2019,80.27,6955.175,10423,4459,18400,18.191,,1.072577129,3.992953023
云南,西部,25,2019,84.79,11175.452,12158,5400.5,22858.828,44.95,,1.096801366,2.442358823
陕西,西部,26,2019,168.64,17427.577,13478,9459.9,23937.45,25.503,,0.982417081,3.802098602
甘肃,西部,27,2019,48.86,6820.67,7818,2319.8,7845,45.922,,1.056510171,3.440277633
青海,西部,28,2019,16.07,3921.386,4235,821.9,9874,9.053,,1.064562563,5.71492296
宁夏,西部,29,2019,29.67,5107.798,7648,1272.5,12599.6,19.064,,0.992681521,2.490929452
新疆,西部,30,2019,70.69,14071.299,18490,3831,5004,44.338,,0.822767022,3.201981458
北京,东部,1,2020,83.13,9563.673,6762.1,4255.1,7345.7,0.438,,1.042283739,3.98658902
天津,东部,2,2020,107.62,8274.349,8104.6,4296.4,11160.3,1.005,,1.02240127,3.210217615
河北,东部,3,2020,272.19,25345.91,32782.76,11664.1,29851.54,16.818,,1.020239659,2.132987046
山西,中部,4,2020,192.06,17956.952,20980.55,6768.5,15859,35.299,,0.957744957,2.837599935
内蒙古,西部,5,2020,87.72,19452.83,27133.65,5597.6,19154,46.197,,0.971590355,2.61261235
辽宁,东部,6,2020,190.5,13946.332,24849.5,7906,29029.5,12.832,,0.972761167,2.231752468
吉林,中部,7,2020,76.24,8945.806,7185.7,3501.2,14934,18.297,,1.106175003,3.383114314
黑龙江,中部,8,2020,83.63,7300.629,11525.1,3121.8,15256.9,11.923,,0.936211163,1.44902451
上海,东部,9,2020,183.71,9995.065,11099.59,9625.5,31200,0.79,,1.179585152,4.295649242
江苏,东部,10,2020,856.32,53458.872,32672.49,38198.1,114700,13.981,,1.108320876,2.829450982
浙江,东部,11,2020,683.75,25559.387,24660,22627.8,100263,7.704,,0.978195633,1.933169898
安徽,中部,12,2020,282.81,15080.585,14697.9,11235.5,40448,8.832,,0.962483097,3.337746509
福建,东部,13,2020,414.33,14746.237,13905.19,15615.5,155188.73,9.442,,0.826144862,2.381443281
江西,中部,14,2020,238.34,12349.36,9808.6,8991.6,36487.94,11.087,,1.009207071,3.15975324
山东,东部,15,2020,543.77,56855.614,43649,22986.5,133359,13.152,,0.996765785,1.658385369
河南,中部,16,2020,465.32,37378.392,22752,17147.2,43231.67,6.079,,0.952972896,2.383189416
湖北,中部,17,2020,274.51,17386.582,16251.46,13174.7,45538,9.334,,0.894839498,3.698006737
湖南,中部,18,2020,313.05,14666.063,16274.617,12401.4,24828,11.729,,1.057004109,3.07089442
广东,东部,19,2020,1277.06,35078.245,34502.919,39353.9,137241.19,10.821,,0.857425622,2.93297492
广西,西部,20,2020,125.82,8585.079,12081,5172.8,30559,9.604,,0.94390385,2.183589234
海南,东部,21,2020,11.09,1534.901,2270.64,557.4,2192,0.921,,0.830343766,2.982411923
重庆,西部,22,2020,161.76,10807.474,7621.87,6990.8,21491,5.905,,1.141073613,2.714191258
四川,西部,23,2020,302.16,24703.976,16355,13401,43739.49,16.116,,1.085449955,3.405402028
贵州,西部,24,2020,77.04,7918.391,10621.44,4666.2,20000,14.238,,1.042142973,4.161227934
云南,西部,25,2020,80.4,12766.634,12981.94,5579.4,41064.97,24.301,,0.986345015,2.40900845
陕西,西部,26,2020,163,20173.923,13512.26,8740.2,26080.38,19.66,,0.876117536,3.33108526
甘肃,西部,27,2020,46.58,7654.505,8104.71,2265.4,5953,6.863,,0.984141192,3.385718931
青海,西部,28,2020,14.6,4489.064,4150.36,792.2,10206,6.158,,0.983527348,5.62078302
宁夏,西部,29,2020,29.75,6033.3,8581.8,1306.5,11118.7,8.315,,0.983490391,2.44980518
新疆,西部,30,2020,72.2,16275.087,18981.81,3683,9705.25,42.229,,0.652244478,2.088474725
北京,东部,1,2021,80.97,10567.937,7103.62,5855.1,8006.9,0.218,,1.757566177,7.006694021
天津,东部,2,2021,96.83,9068.73,8205.69,5056.5,11014.9,0.819,,1.217339166,3.907923633
河北,东部,3,2021,274.67,28593.069,33085.852,14132.3,30666.02,12.81,,1.195800901,2.550627831
山西,中部,4,2021,198.56,20274.464,21643.94,10543.6,18603,18.533,,1.533061658,4.350215659
内蒙古,西部,5,2021,91.57,22909.219,26900.46,8443.8,18856,62.079,,2.144468335,5.602664457
辽宁,东部,6,2021,186.34,15009.593,24930.8,9386.5,30296.5,11.537,,1.198187564,2.674058053
吉林,中部,7,2021,75.35,9889.379,7287.6,3839.5,14135,9.271,,1.09846045,3.716217273
黑龙江,中部,8,2021,86.05,7806.114,12191.6,3751,17965.42,8.515,,1.155254817,1.673992545
上海,东部,9,2021,187.63,10512.619,11683.02,10676.7,32100,0.756,,1.162707296,4.994582713
江苏,东部,10,2021,906.48,60793.135,34679.94,45730.7,121700,10.56,,1.453374927,4.112253115
浙江,东部,11,2021,745.65,28364.885,26623.7,26996,103863,6.574,,1.172214727,2.266090225
安徽,中部,12,2021,279.7,17158.218,15342.63,12790.8,32631,7.623,,1.187050163,3.962072536
福建,东部,13,2021,434.13,16518.203,15157.51,18292.8,153731.21,7.529,,1.623350704,3.865917627
江西,中部,14,2021,232.51,14339.347,10517.8,10862.9,39593.17,7.518,,1.179240862,3.726110134
山东,东部,15,2021,562.58,64707.089,45935.1,26894.1,133854,10.285,,1.1297076,1.873490556
河南,中部,16,2021,441.73,43218.934,23501,18113.7,43889.85,5.58,,1.025963752,2.445065956
湖北,中部,17,2021,288.6,19132.002,18191.596,16040.7,33988,5.034,,1.815241394,6.712774903
湖南,中部,18,2021,317.02,16604.893,16909.327,13959,21122,6.228,,1.664121747,5.110342189
广东,东部,19,2021,1354.17,38511.047,36821.421,45510.3,144611.91,8.521,,1.395568879,4.093168522
广西,西部,20,2021,132.1,9695.563,13189.02,6439.8,30588,7.606,,1.175820914,2.567509888
海南,东部,21,2021,11.52,1740.123,2446.19,693.1,2910,0.887,,1.166922374,3.480243201
重庆,西部,22,2021,157.66,12480.534,8046.31,7940.5,16268,4.618,,1.231024408,3.341235687
四川,西部,23,2021,310.15,28123.287,17241.3,15546.1,40859.721,14.217,,1.154148557,3.930339836
贵州,西部,24,2021,81.02,9064.017,11263.82,5231.3,21400,7.875,,1.063450478,4.425259835
云南,西部,25,2021,80.58,14626.277,13426.35,6555.8,40021.45,15.291,,1.274983052,3.071444945
陕西,西部,26,2021,160.8,23415.393,14515.23,11538.1,31690.42,15.759,,1.271948488,4.236968861
甘肃,西部,27,2021,48.56,8577.408,8434.23,2835.4,4061,5.701,,1.258224602,4.259994854
青海,西部,28,2021,15.55,5217.694,4694.47,980.2,10538,4.148,,1.130077395,6.351919836
宁夏,西部,29,2021,32.37,7111.221,8636.8,1762.2,9637.8,6.159,,1.244634314,3.049111591
新疆,西部,30,2021,72.94,18897.866,19661.223,5057.9,14406.5,42.415,,1.292968499,2.70033203
北京,东部,1,2022,79.775,11550.488,6896.89,5115.5,7922.424,0.188,,0.860750898,6.031018167
天津,东部,2,2022,96.223,9848.938,8121.77,5329,10142.636,0.743,,1.053711201,4.117822904
河北,东部,3,2022,275.52,32050.175,32538.48,13864.3,26093.919,17.451,,0.952387515,2.429186101
山西,中部,4,2022,199.513,22852.91,21918.5,12759.9,17236.802,17.289,,2.05509314,8.940098361
内蒙古,西部,5,2022,92.177,26664.485,27980.98,9761.2,24394.821,68.841,,1.416656762,7.937052485
辽宁,东部,6,2022,183.355,16074.216,24707.3,9929.6,29230.1,11.345,,1.067534387,2.854648925
吉林,中部,7,2022,73.572,10838.568,7027.8,3528.8,16115.949,9.247,,0.899535487,3.342869316
黑龙江,中部,8,2022,82.995,8292.118,12035,4198.3,12466.29,8.044,,1.200397781,2.009456937
上海,东部,9,2022,187.174,11057.831,10951.01,10736.9,32300,0.814,,0.991632691,4.952791497
江苏,东部,10,2022,935.057,68932.127,35823.95,47688.4,112921.83,12.842,,0.985876014,4.054171709
浙江,东部,11,2022,778.705,31692.927,29112.3,28649.9,101700,6.031,,0.988085183,2.239090176
安徽,中部,12,2022,287.717,19360.945,15882.66,13400.2,33682.536,7.553,,0.992175669,3.931071969
福建,东部,13,2022,457.012,18472.824,14326.6,18013.3,78178.664,7.715,,0.755425436,2.920412508
江西,中部,14,2022,241.82,16463.127,10785.7,10974.3,39725.34,7.222,,0.950577008,3.541954621
山东,东部,15,2022,566.538,73555.463,48166.9,28297,131142,10.198,,1.015659518,1.902828514
河南,中部,16,2022,448.498,49479.843,24371,17134.2,42937.39,4.92,,0.886521374,2.16760323
湖北,中部,17,2022,292.801,21271.942,18627,16240.8,43843.399,4.694,,0.651781798,4.375264494
湖南,中部,18,2022,327.345,18682.732,17027.692,13837,32729.155,5.68,,0.581660824,2.972485851
广东,东部,19,2022,1415.928,42215.725,36519.054,47356.9,101116.529,8.385,,0.998029988,4.085104931
广西,西部,20,2022,134.937,10811.231,13207,6727.8,38521,7.144,,0.985382969,2.529980517
海南,东部,21,2022,11.516,1940.624,2424,755.9,6722.784,2.058,,1.016505778,3.537687323
重庆,西部,22,2022,162.266,14198.52,8022.76,7966.3,15720,7.052,,0.950746091,3.176666769
四川,西部,23,2022,316.677,31764.003,17196.117,16188.7,42119.387,14.39,,1.008481103,3.963673453
贵州,西部,24,2022,81.803,10292.564,10980.64,5437.3,24200,7.568,,0.997600067,4.414639508
云南,西部,25,2022,80.882,16562.118,14158.53,6959,18100,15.632,,1.430624452,4.394084241
陕西,西部,26,2022,163.041,27001.004,16099.28,13266,31607.99,15.269,,1.719712452,7.286368107
甘肃,西部,27,2022,47.214,9567.381,8667.894,3274.7,8832.986,6.001,,1.046081581,4.456302154
青海,西部,28,2022,15.583,5926.882,4798.04,1250.3,9312.054,4.237,,1.295140608,8.226629321
宁夏,西部,29,2022,32.98,8331.199,9283.7,2084,8389.925,6.249,,1.119104758,3.412275287
新疆,西部,30,2022,74.625,21739.193,19764.3,6228.2,17169.153,44.43,,1.366840492,3.69092316
北京,东部,1,2023,78.713,12671.464,7571.35,5008.5,7870.28,0.158,,1.187588768,7.162369434
天津,东部,2,2023,95.468,10708.801,8493.12,5359,9620.128,0.68,,0.981381091,4.041153536
河北,东部,3,2023,276.255,35967.43,32546.6,13968.7,23301.83,24.846,,0.97749915,2.374527348
山西,中部,4,2023,200.774,25773.581,22002.7,12263.3,16179.614,16.117,,0.997455855,8.917353455
内蒙古,西部,5,2023,93.018,31205.579,28830.4,9889.8,24909.797,70.839,,0.997482388,7.91707007
辽宁,东部,6,2023,181.298,17182.125,24856.5,10220.2,26609.53,11.474,,1.045145846,2.983524466
吉林,中部,7,2023,72.022,11894.365,7434,3705,15651.304,8.722,,1.037087599,3.466848311
黑龙江,中部,8,2023,80.268,8825.414,12067.495,3963.6,11363.96,7.69,,0.95111047,1.911215533
上海,东部,9,2023,186.545,11623.881,11543.2,10846.2,31536.879,0.741,,1.000831498,4.956909733
江苏,东部,10,2023,966.229,78376.002,35645.3,49244.6,105381.984,16.284,,1.023214102,4.148285663
浙江,东部,11,2023,809.89,35407.312,29345.5,29412.1,96604.2,5.533,,1.031933631,2.310592456
安徽,中部,12,2023,297.442,21942.318,15987.2,14021.1,31762.698,7.503,,1.020987472,4.013575233
福建,东部,13,2023,481.355,20656.399,15012.3,18548.3,76994.434,7.676,,0.919715817,2.685949574
江西,中部,14,2023,252.832,18972.859,11533.9,11180.7,38680.534,7.12,,0.940955349,3.332821147
山东,东部,15,2023,570.676,83836.828,52589.3,29191.2,127210.109,10.455,,0.983927214,1.872244759
河南,中部,16,2023,456.283,56830.37,24432,16915,39391.495,4.362,,0.952554874,2.064761022
湖北,中部,17,2023,297.994,23737.229,19112,16357,40880.135,4.174,,0.985030605,4.30976943
湖南,中部,18,2023,339.589,21089.592,17732.3,14567.1,30088.16,5.258,,1.026969005,3.052650835
广东,东部,19,2023,1482.865,46358.495,37001.3,48712.9,96226.09,8.168,,1.009096638,4.122265651
广西,西部,20,2023,138.141,12106.25,13306,6918.3,36099.822,6.87,,0.992580137,2.511208408
海南,东部,21,2023,11.523,2177.349,3027.77,861.4,6774.571,2.06,,1.1389555,4.029268435
重庆,西部,22,2023,167.795,16242.537,8122,8333.4,15065.163,11.262,,0.999830601,3.176128643
四川,西部,23,2023,324.531,36019.857,17234.4,16705.2,40022.875,15.095,,1.016052978,4.027302218
贵州,西部,24,2023,82.745,11695.723,11011.2,5682.8,25086.617,6.994,,1.002509767,4.425719223
云南,西部,25,2023,81.505,18848.03,14232.2,7202.8,17077.615,15.629,,1.251246281,5.498081566
陕西,西部,26,2023,166.012,31135.997,17169.59,13258.7,31253.178,15.215,,0.988509956,7.202647419
甘肃,西部,27,2023,45.973,10695.993,9088.69,3389.6,8473.389,5.997,,1.042658214,4.646400046
青海,西部,28,2023,15.701,6757.565,5035.1,1272.4,9394.81,4.054,,0.983070929,8.087360129
宁夏,西部,29,2023,33.659,9760.277,9345,2130.1,7842.414,6.54,,0.972217866,3.317474996
新疆,西部,30,2023,76.748,25063.584,19873.2,6434.7,17108.194,46.556,,1.00690945,3.71642541