省,省代码,年份,CO2排放量_吨
安徽省,340000,1970,32424993.18
澳门特别行政区,820000,1970,178299.0981
北京市,110000,1970,23066813.11
福建省,350000,1970,13801377.16
甘肃省,620000,1970,26025616.63
广东省,440000,1970,33022070.93
广西壮族自治区,450000,1970,21374831.09
贵州省,520000,1970,14015955.91
海南省,460000,1970,3267966.738
河北省,130000,1970,55643879.08
河南省,410000,1970,58730702.82
黑龙江省,230000,1970,41111547.03
湖北省,420000,1970,33137006.28
湖南省,430000,1970,24499078.76
吉林省,220000,1970,28331181.26
江苏省,320000,1970,57102183.32
江西省,360000,1970,18443032.6
辽宁省,210000,1970,51504451.15
内蒙古自治区,150000,1970,32422826.93
宁夏回族自治区,640000,1970,8815461.559
青海省,630000,1970,4698939.31
山东省,370000,1970,126673257.7
山西省,140000,1970,34763080.71
陕西省,610000,1970,26898628.04
上海市,310000,1970,21694990.55
四川省,510000,1970,31503490.95
台湾省,710000,1970,32152896.85
天津市,120000,1970,16377252.86
西藏自治区,540000,1970,2786964.102
香港特别行政区,810000,1970,8843916.106
新疆维吾尔自治区,650000,1970,28066640.64
云南省,530000,1970,17303915.94
浙江省,330000,1970,16328207.05
重庆市,500000,1970,10602051.51
安徽省,340000,1971,32628575.92
澳门特别行政区,820000,1971,181688.1264
北京市,110000,1971,22999233.21
福建省,350000,1971,13955660.48
甘肃省,620000,1971,26050577.12
广东省,440000,1971,33240173.86
广西壮族自治区,450000,1971,21582920.79
贵州省,520000,1971,14285959.65
海南省,460000,1971,3322621.351
河北省,130000,1971,55669522.19
河南省,410000,1971,59483651.47
黑龙江省,230000,1971,40943907.36
湖北省,420000,1971,33417027.74
湖南省,430000,1971,24542155.64
吉林省,220000,1971,28173345.43
江苏省,320000,1971,57241878.4
江西省,360000,1971,18474969.29
辽宁省,210000,1971,51310844.82
内蒙古自治区,150000,1971,32350310.18
宁夏回族自治区,640000,1971,8818602.417
青海省,630000,1971,4676636.038
山东省,370000,1971,126846864.2
山西省,140000,1971,35680481.99
陕西省,610000,1971,26867784.99
上海市,310000,1971,21707192.01
四川省,510000,1971,31406145.81
台湾省,710000,1971,32303722.31
天津市,120000,1971,16699214.5
西藏自治区,540000,1971,2809295.595
香港特别行政区,810000,1971,8888706.843
新疆维吾尔自治区,650000,1971,28050358.62
云南省,530000,1971,17477676.62
浙江省,330000,1971,16472787.33
重庆市,500000,1971,10654928.37
安徽省,340000,1972,36414050.99
澳门特别行政区,820000,1972,197399.8495
北京市,110000,1972,24255047.31
福建省,350000,1972,14955725.51
甘肃省,620000,1972,27525650.27
广东省,440000,1972,35755070.86
广西壮族自治区,450000,1972,23030821.11
贵州省,520000,1972,15326901.6
海南省,460000,1972,3584761.179
河北省,130000,1972,59707292.65
河南省,410000,1972,62831856.66
黑龙江省,230000,1972,43523988.83
湖北省,420000,1972,35601103.34
湖南省,430000,1972,26743876.04
吉林省,220000,1972,29629423.55
江苏省,320000,1972,60463697.85
江西省,360000,1972,19577933.54
辽宁省,210000,1972,57810144.41
内蒙古自治区,150000,1972,33872625.29
宁夏回族自治区,640000,1972,9309917.065
青海省,630000,1972,4980941.814
山东省,370000,1972,133055928.3
山西省,140000,1972,37183832.04
陕西省,610000,1972,28119683.34
上海市,310000,1972,23457596.12
四川省,510000,1972,33349529.84
台湾省,710000,1972,36226680.89
天津市,120000,1972,17582510.16
西藏自治区,540000,1972,2984402.586
香港特别行政区,810000,1972,9157199.281
新疆维吾尔自治区,650000,1972,29975437.3
云南省,530000,1972,18529414.72
浙江省,330000,1972,17631597.29
重庆市,500000,1972,11373648.55
安徽省,340000,1973,38236524.82
澳门特别行政区,820000,1973,221600.1904
北京市,110000,1973,25519791.09
福建省,350000,1973,15645326.03
甘肃省,620000,1973,28266660.38
广东省,440000,1973,37644429.46
广西壮族自治区,450000,1973,23906929.54
贵州省,520000,1973,15838982.05
海南省,460000,1973,3771431.735
河北省,130000,1973,61963579.08
河南省,410000,1973,65003001.47
黑龙江省,230000,1973,45891011.92
湖北省,420000,1973,36915751.43
湖南省,430000,1973,28362641.3
吉林省,220000,1973,30170790.71
江苏省,320000,1973,62921321.42
江西省,360000,1973,20215453.06
辽宁省,210000,1973,61432180.06
内蒙古自治区,150000,1973,34969398.3
宁夏回族自治区,640000,1973,9524302.508
青海省,630000,1973,5190707.038
山东省,370000,1973,135688048
山西省,140000,1973,38909968.1
陕西省,610000,1973,28737312.16
上海市,310000,1973,24325049.59
四川省,510000,1973,34293897.89
台湾省,710000,1973,40088718.99
天津市,120000,1973,18026053.89
西藏自治区,540000,1973,3119895.179
香港特别行政区,810000,1973,9283686.105
新疆维吾尔自治区,650000,1973,31138454.72
云南省,530000,1973,19284284.17
浙江省,330000,1973,18492843.72
重庆市,500000,1973,11752866.01
安徽省,340000,1974,38557562.02
澳门特别行政区,820000,1974,241987.2335
北京市,110000,1974,26577875.75
福建省,350000,1974,15874221.42
甘肃省,620000,1974,28804967.55
广东省,440000,1974,38857071.98
广西壮族自治区,450000,1974,24467920.16
贵州省,520000,1974,16266617.69
海南省,460000,1974,3789534.706
河北省,130000,1974,63369410.28
河南省,410000,1974,65526142.79
黑龙江省,230000,1974,47183085.48
湖北省,420000,1974,37463759.69
湖南省,430000,1974,29345313.09
吉林省,220000,1974,30250400.07
江苏省,320000,1974,63353589.03
江西省,360000,1974,20321271.98
辽宁省,210000,1974,60850459.83
内蒙古自治区,150000,1974,35408223.16
宁夏回族自治区,640000,1974,9566797.841
青海省,630000,1974,5321682.984
山东省,370000,1974,131995200.7
山西省,140000,1974,40077030.09
陕西省,610000,1974,30937064.09
上海市,310000,1974,24789013.39
四川省,510000,1974,35771711
台湾省,710000,1974,39151562.58
天津市,120000,1974,18264106.14
西藏自治区,540000,1974,3203984.382
香港特别行政区,810000,1974,10464645.71
新疆维吾尔自治区,650000,1974,32313676.9
云南省,530000,1974,19778767.54
浙江省,330000,1974,18972806.62
重庆市,500000,1974,11962636.5
安徽省,340000,1975,43482094.1
澳门特别行政区,820000,1975,227465.5648
北京市,110000,1975,30528798.91
福建省,350000,1975,17988364.27
甘肃省,620000,1975,33324324.11
广东省,440000,1975,45435057.05
广西壮族自治区,450000,1975,27765988.88
贵州省,520000,1975,18451298.45
海南省,460000,1975,4216784.749
河北省,130000,1975,71339628.48
河南省,410000,1975,76966559.39
黑龙江省,230000,1975,55447712.67
湖北省,420000,1975,42403529.44
湖南省,430000,1975,33102826.69
吉林省,220000,1975,34481576.03
江苏省,320000,1975,74770451.75
江西省,360000,1975,22874539.8
辽宁省,210000,1975,69099654.25
内蒙古自治区,150000,1975,40505019.32
宁夏回族自治区,640000,1975,10706632.21
青海省,630000,1975,6053926.581
山东省,370000,1975,147475401.7
山西省,140000,1975,45449074.41
陕西省,610000,1975,35015304.18
上海市,310000,1975,28200353.28
四川省,510000,1975,40982184.82
台湾省,710000,1975,42279415.76
天津市,120000,1975,20751917.58
西藏自治区,540000,1975,3563777.43
香港特别行政区,810000,1975,10396829.75
新疆维吾尔自治区,650000,1975,36934792.02
云南省,530000,1975,22703688.68
浙江省,330000,1975,22012973.21
重庆市,500000,1975,13624818.44
安徽省,340000,1976,44882905.22
澳门特别行政区,820000,1976,232009.1988
北京市,110000,1976,31814444.79
福建省,350000,1976,18782826.83
甘肃省,620000,1976,34562199.71
广东省,440000,1976,47177115.56
广西壮族自治区,450000,1976,29737747.2
贵州省,520000,1976,18681898.43
海南省,460000,1976,4388696.978
河北省,130000,1976,75882913.85
河南省,410000,1976,79348500.36
黑龙江省,230000,1976,59395070.83
湖北省,420000,1976,44325128.34
湖南省,430000,1976,33805399.2
吉林省,220000,1976,35867117.27
江苏省,320000,1976,78282943.16
江西省,360000,1976,23902705.05
辽宁省,210000,1976,70691333.19
内蒙古自治区,150000,1976,41623158.81
宁夏回族自治区,640000,1976,11100828.84
青海省,630000,1976,6228849.516
山东省,370000,1976,151775701.1
山西省,140000,1976,47595987.64
陕西省,610000,1976,37859618.11
上海市,310000,1976,29616833.48
四川省,510000,1976,41867188.56
台湾省,710000,1976,49817272.18
天津市,120000,1976,21624027.89
西藏自治区,540000,1976,3643908.229
香港特别行政区,810000,1976,11919197.27
新疆维吾尔自治区,650000,1976,38519776.66
云南省,530000,1976,23413325.97
浙江省,330000,1976,22804426.18
重庆市,500000,1976,14051040.42
安徽省,340000,1977,53305745.47
澳门特别行政区,820000,1977,248692.0517
北京市,110000,1977,35768135.09
福建省,350000,1977,20871477.85
甘肃省,620000,1977,39042897.58
广东省,440000,1977,52897180.69
广西壮族自治区,450000,1977,33293235.9
贵州省,520000,1977,21215423.57
海南省,460000,1977,4822659.161
河北省,130000,1977,85466298.57
河南省,410000,1977,88819100.46
黑龙江省,230000,1977,66901058.82
湖北省,420000,1977,49335446.44
湖南省,430000,1977,37536276.82
吉林省,220000,1977,40146989.25
江苏省,320000,1977,86588153.13
江西省,360000,1977,26839560.53
辽宁省,210000,1977,77731483.6
内蒙古自治区,150000,1977,45983874.99
宁夏回族自治区,640000,1977,12136618.89
青海省,630000,1977,7038681.045
山东省,370000,1977,169440865.3
山西省,140000,1977,53046800.6
陕西省,610000,1977,43213010.5
上海市,310000,1977,33954831.32
四川省,510000,1977,46996697.95
台湾省,710000,1977,53281213.25
天津市,120000,1977,24181521.92
西藏自治区,540000,1977,4083390.825
香港特别行政区,810000,1977,13720318.1
新疆维吾尔自治区,650000,1977,43335085.74
云南省,530000,1977,26458585.75
浙江省,330000,1977,25402104.3
重庆市,500000,1977,15749012.94
安徽省,340000,1978,60418448.23
澳门特别行政区,820000,1978,267512.5118
北京市,110000,1978,38753408.57
福建省,350000,1978,23535685.6
甘肃省,620000,1978,41446749.49
广东省,440000,1978,59834077.05
广西壮族自治区,450000,1978,36396284.73
贵州省,520000,1978,23943521.11
海南省,460000,1978,5365695.607
河北省,130000,1978,100757026
河南省,410000,1978,101247520.7
黑龙江省,230000,1978,72975973.85
湖北省,420000,1978,56911013.44
湖南省,430000,1978,41126161.68
吉林省,220000,1978,45112854.08
江苏省,320000,1978,102121614.9
江西省,360000,1978,30424758.91
辽宁省,210000,1978,86866595.03
内蒙古自治区,150000,1978,52691498.53
宁夏回族自治区,640000,1978,13778233.49
青海省,630000,1978,7402725.328
山东省,370000,1978,196517426.2
山西省,140000,1978,58907658.72
陕西省,610000,1978,48339895.24
上海市,310000,1978,37210911.37
四川省,510000,1978,52413976.08
台湾省,710000,1978,60661966.53
天津市,120000,1978,25822351.43
西藏自治区,540000,1978,4355220.885
香港特别行政区,810000,1978,14469558.12
新疆维吾尔自治区,650000,1978,46214052.63
云南省,530000,1978,29615820.57
浙江省,330000,1978,29216208.25
重庆市,500000,1978,17150940.44
安徽省,340000,1979,61129048.5
澳门特别行政区,820000,1979,283206.0999
北京市,110000,1979,38487082.93
福建省,350000,1979,24781283.35
甘肃省,620000,1979,41573104
广东省,440000,1979,60332712.72
广西壮族自治区,450000,1979,36963637.75
贵州省,520000,1979,24885994.4
海南省,460000,1979,5507245.797
河北省,130000,1979,103318905.9
河南省,410000,1979,105451251.7
黑龙江省,230000,1979,75299937.34
湖北省,420000,1979,60736680.91
湖南省,430000,1979,42842072.06
吉林省,220000,1979,46088385.54
江苏省,320000,1979,106682770.3
江西省,360000,1979,30870693
辽宁省,210000,1979,87325684.27
内蒙古自治区,150000,1979,53175592.12
宁夏回族自治区,640000,1979,14106291.64
青海省,630000,1979,7479307.151
山东省,370000,1979,199225807.6
山西省,140000,1979,60770675.62
陕西省,610000,1979,48581360.7
上海市,310000,1979,37459214.1
四川省,510000,1979,53731018.02
台湾省,710000,1979,63875758.43
天津市,120000,1979,25702973.66
西藏自治区,540000,1979,4472864.886
香港特别行政区,810000,1979,13838574.63
新疆维吾尔自治区,650000,1979,46509550.39
云南省,530000,1979,30205196.77
浙江省,330000,1979,29660209.54
重庆市,500000,1979,17495262.23
安徽省,340000,1980,65743257.88
澳门特别行政区,820000,1980,375942.7583
北京市,110000,1980,22753150.33
福建省,350000,1980,23976285.15
甘肃省,620000,1980,33284928.6
广东省,440000,1980,48121625.03
广西壮族自治区,450000,1980,34851108.62
贵州省,520000,1980,26128961.04
海南省,460000,1980,6005996.792
河北省,130000,1980,109853780.9
河南省,410000,1980,111530213.6
黑龙江省,230000,1980,52436838.19
湖北省,420000,1980,73724585.68
湖南省,430000,1980,48615602.32
吉林省,220000,1980,35477372.62
江苏省,320000,1980,109166041.3
江西省,360000,1980,33520882.83
辽宁省,210000,1980,88763962.84
内蒙古自治区,150000,1980,51105104.35
宁夏回族自治区,640000,1980,14200217.44
青海省,630000,1980,8423649.219
山东省,370000,1980,198520857.9
山西省,140000,1980,60999666.27
陕西省,610000,1980,46148615.11
上海市,310000,1980,32989570.15
四川省,510000,1980,60848016.79
台湾省,710000,1980,68127246.26
天津市,120000,1980,18408909.17
西藏自治区,540000,1980,4260287.919
香港特别行政区,810000,1980,14197478.03
新疆维吾尔自治区,650000,1980,40372861.96
云南省,530000,1980,28232431.29
浙江省,330000,1980,31944074.9
重庆市,500000,1980,17856762.05
安徽省,340000,1981,66437037.31
澳门特别行政区,820000,1981,368726.7811
北京市,110000,1981,22375859.08
福建省,350000,1981,23960275.75
甘肃省,620000,1981,33334903.29
广东省,440000,1981,48001049.06
广西壮族自治区,450000,1981,35022527.97
贵州省,520000,1981,26165236.77
海南省,460000,1981,5996081.56
河北省,130000,1981,106893239.2
河南省,410000,1981,110415094.2
黑龙江省,230000,1981,53969242.71
湖北省,420000,1981,71855599.85
湖南省,430000,1981,48649636.24
吉林省,220000,1981,35361025.26
江苏省,320000,1981,106033444.6
江西省,360000,1981,34117442.84
辽宁省,210000,1981,88586399.4
内蒙古自治区,150000,1981,50305719.21
宁夏回族自治区,640000,1981,13707549.9
青海省,630000,1981,8368566.583
山东省,370000,1981,195203238.3
山西省,140000,1981,62074213.86
陕西省,610000,1981,45567106.38
上海市,310000,1981,31285784.43
四川省,510000,1981,60736163.44
台湾省,710000,1981,63070193.17
天津市,120000,1981,17904798.99
西藏自治区,540000,1981,4295022.093
香港特别行政区,810000,1981,15107762.94
新疆维吾尔自治区,650000,1981,39680395.74
云南省,530000,1981,28315299.86
浙江省,330000,1981,31675568.43
重庆市,500000,1981,18143871.08
安徽省,340000,1982,70830276.49
澳门特别行政区,820000,1982,397833.5867
北京市,110000,1982,23078100.59
福建省,350000,1982,25477829.19
甘肃省,620000,1982,36671405.38
广东省,440000,1982,49921634.33
广西壮族自治区,450000,1982,37329867.47
贵州省,520000,1982,27190950.51
海南省,460000,1982,6393817.637
河北省,130000,1982,110839825.2
河南省,410000,1982,115452664.9
黑龙江省,230000,1982,57336175.14
湖北省,420000,1982,77725358.8
湖南省,430000,1982,50599925.01
吉林省,220000,1982,36298692.91
江苏省,320000,1982,109903187.7
江西省,360000,1982,35553069.02
辽宁省,210000,1982,91147014.94
内蒙古自治区,150000,1982,52210555.92
宁夏回族自治区,640000,1982,14136650.94
青海省,630000,1982,8766445.647
山东省,370000,1982,202897420.1
山西省,140000,1982,64961796.1
陕西省,610000,1982,47185379
上海市,310000,1982,32620600.29
四川省,510000,1982,64249321.41
台湾省,710000,1982,66616313.18
天津市,120000,1982,18769676.84
西藏自治区,540000,1982,4554325.208
香港特别行政区,810000,1982,14015905.26
新疆维吾尔自治区,650000,1982,41204980.13
云南省,530000,1982,30034183.88
浙江省,330000,1982,34451863.29
重庆市,500000,1982,19347197.96
安徽省,340000,1983,73763649.92
澳门特别行政区,820000,1983,465659.0154
北京市,110000,1983,23446447.7
福建省,350000,1983,27415451.41
甘肃省,620000,1983,37569084.13
广东省,440000,1983,54176341.81
广西壮族自治区,450000,1983,39760250.58
贵州省,520000,1983,28026834.51
海南省,460000,1983,6909700.461
河北省,130000,1983,119229076.2
河南省,410000,1983,120165781.9
黑龙江省,230000,1983,61822167.16
湖北省,420000,1983,82790421.67
湖南省,430000,1983,52484146.07
吉林省,220000,1983,37436956.4
江苏省,320000,1983,115795371.2
江西省,360000,1983,37704828.97
辽宁省,210000,1983,96950984.8
内蒙古自治区,150000,1983,55960502.65
宁夏回族自治区,640000,1983,14860136.41
青海省,630000,1983,9176769.675
山东省,370000,1983,215131132.6
山西省,140000,1983,67309716.22
陕西省,610000,1983,50445845.95
上海市,310000,1983,33727689.82
四川省,510000,1983,66397422.14
台湾省,710000,1983,69862781.66
天津市,120000,1983,18992501
西藏自治区,540000,1983,4862975.516
香港特别行政区,810000,1983,15816366.52
新疆维吾尔自治区,650000,1983,42918344.81
云南省,530000,1983,32191029.04
浙江省,330000,1983,37285299.35
重庆市,500000,1983,20130410.75
安徽省,340000,1984,79019471.28
澳门特别行政区,820000,1984,483248.6091
北京市,110000,1984,25744017.04
福建省,350000,1984,30550077.71
甘肃省,620000,1984,40392130.01
广东省,440000,1984,58711045.34
广西壮族自治区,450000,1984,43101464.18
贵州省,520000,1984,30005262.18
海南省,460000,1984,7434971.123
河北省,130000,1984,131389970.3
河南省,410000,1984,128667447.3
黑龙江省,230000,1984,68146699.59
湖北省,420000,1984,90422277.62
湖南省,430000,1984,57450805.52
吉林省,220000,1984,40767126.01
江苏省,320000,1984,131891049.3
江西省,360000,1984,43135211.56
辽宁省,210000,1984,110658185.7
内蒙古自治区,150000,1984,59584067.55
宁夏回族自治区,640000,1984,15775723.2
青海省,630000,1984,9708959.496
山东省,370000,1984,227918983.2
山西省,140000,1984,74727588.53
陕西省,610000,1984,55227389.2
上海市,310000,1984,37146598.89
四川省,510000,1984,70822063.39
台湾省,710000,1984,71726128.27
天津市,120000,1984,20618686.79
西藏自治区,540000,1984,5202872.424
香港特别行政区,810000,1984,17435585.29
新疆维吾尔自治区,650000,1984,47542275.97
云南省,530000,1984,34444934.87
浙江省,330000,1984,41348316.5
重庆市,500000,1984,21790271.29
安徽省,340000,1985,79421630.77
澳门特别行政区,820000,1985,540847.2922
北京市,110000,1985,25571286.15
福建省,350000,1985,34146185.64
甘肃省,620000,1985,40304740.91
广东省,440000,1985,65454653.84
广西壮族自治区,450000,1985,48608277.99
贵州省,520000,1985,29517822.03
海南省,460000,1985,8254701.24
河北省,130000,1985,123867471.3
河南省,410000,1985,136507196.2
黑龙江省,230000,1985,68491958.23
湖北省,420000,1985,87375824.26
湖南省,430000,1985,56823918.13
吉林省,220000,1985,40406595.71
江苏省,320000,1985,126848225.1
江西省,360000,1985,43731456.57
辽宁省,210000,1985,103304489.6
内蒙古自治区,150000,1985,67083188.96
宁夏回族自治区,640000,1985,16110925.58
青海省,630000,1985,11364378.58
山东省,370000,1985,235034015.9
山西省,140000,1985,75898995.3
陕西省,610000,1985,55551308.36
上海市,310000,1985,33981720.54
四川省,510000,1985,68126217.47
台湾省,710000,1985,71091815.58
天津市,120000,1985,19726010.19
西藏自治区,540000,1985,5835014.49
香港特别行政区,810000,1985,18028833.96
新疆维吾尔自治区,650000,1985,45854181.79
云南省,530000,1985,36342973.6
浙江省,330000,1985,46689839.9
重庆市,500000,1985,23502518.39
安徽省,340000,1986,85123849.57
澳门特别行政区,820000,1986,622804.1142
北京市,110000,1986,26603375.94
福建省,350000,1986,37080706.98
甘肃省,620000,1986,41787922.96
广东省,440000,1986,69449003.87
广西壮族自治区,450000,1986,54138378.45
贵州省,520000,1986,30581404.62
海南省,460000,1986,8823239.902
河北省,130000,1986,135290088.4
河南省,410000,1986,145653801.4
黑龙江省,230000,1986,73873592.99
湖北省,420000,1986,92233803.35
湖南省,430000,1986,59267053.89
吉林省,220000,1986,41654379.96
江苏省,320000,1986,134820212.7
江西省,360000,1986,47621157.68
辽宁省,210000,1986,108260359
内蒙古自治区,150000,1986,68794123.09
宁夏回族自治区,640000,1986,18312498.69
青海省,630000,1986,11892950.58
山东省,370000,1986,245037250.3
山西省,140000,1986,81092739.54
陕西省,610000,1986,58644962.66
上海市,310000,1986,36146869.97
四川省,510000,1986,71117719.1
台湾省,710000,1986,79274452.66
天津市,120000,1986,22271162.46
西藏自治区,540000,1986,6262016.489
香港特别行政区,810000,1986,20536067.15
新疆维吾尔自治区,650000,1986,48308748.23
云南省,530000,1986,38363001.96
浙江省,330000,1986,49329849.38
重庆市,500000,1986,29678234.1
安徽省,340000,1987,90215831.41
澳门特别行政区,820000,1987,699266.8054
北京市,110000,1987,28049459.28
福建省,350000,1987,39932843.32
甘肃省,620000,1987,43496575.84
广东省,440000,1987,80243884.56
广西壮族自治区,450000,1987,57311892.08
贵州省,520000,1987,31657746.79
海南省,460000,1987,9360995.535
河北省,130000,1987,142639044.4
河南省,410000,1987,152544767.1
黑龙江省,230000,1987,81443176.46
湖北省,420000,1987,97436817.4
湖南省,430000,1987,62100380.43
吉林省,220000,1987,45070780.76
江苏省,320000,1987,151783037
江西省,360000,1987,49871900.14
辽宁省,210000,1987,114712974.2
内蒙古自治区,150000,1987,72264765.36
宁夏回族自治区,640000,1987,19919465.04
青海省,630000,1987,12316962.62
山东省,370000,1987,263289029.8
山西省,140000,1987,86733023.91
陕西省,610000,1987,60771526.44
上海市,310000,1987,38527911.03
四川省,510000,1987,73818204.79
台湾省,710000,1987,83401370.06
天津市,120000,1987,23399263.54
西藏自治区,540000,1987,6576935.685
香港特别行政区,810000,1987,20620615.88
新疆维吾尔自治区,650000,1987,50743160.24
云南省,530000,1987,41127751.64
浙江省,330000,1987,54812461.27
重庆市,500000,1987,31107069.15
安徽省,340000,1988,94458525.89
澳门特别行政区,820000,1988,716678.6698
北京市,110000,1988,30617960.59
福建省,350000,1988,48427851.97
甘肃省,620000,1988,45513783.48
广东省,440000,1988,89525814.37
广西壮族自治区,450000,1988,61071315.54
贵州省,520000,1988,34846539.13
海南省,460000,1988,10086367.52
河北省,130000,1988,154495453.6
河南省,410000,1988,159954836.4
黑龙江省,230000,1988,87336795.85
湖北省,420000,1988,100481622.6
湖南省,430000,1988,66988202.28
吉林省,220000,1988,48537590.26
江苏省,320000,1988,166546809
江西省,360000,1988,54111493.62
辽宁省,210000,1988,123077806.5
内蒙古自治区,150000,1988,75442184.37
宁夏回族自治区,640000,1988,20996644.57
青海省,630000,1988,13135747.69
山东省,370000,1988,283823613.9
山西省,140000,1988,92321436.46
陕西省,610000,1988,63837885.35
上海市,310000,1988,41177917.09
四川省,510000,1988,79279061.72
台湾省,710000,1988,97065133.89
天津市,120000,1988,24123486.23
西藏自治区,540000,1988,7031645.278
香港特别行政区,810000,1988,23135821.96
新疆维吾尔自治区,650000,1988,53552219.14
云南省,530000,1988,44884007.39
浙江省,330000,1988,60400909.32
重庆市,500000,1988,32572616.61
安徽省,340000,1989,101500998.2
澳门特别行政区,820000,1989,724421.6293
北京市,110000,1989,32635641.13
福建省,350000,1989,48761396.34
甘肃省,620000,1989,48824124.75
广东省,440000,1989,94952898.78
广西壮族自治区,450000,1989,62563097.33
贵州省,520000,1989,36564675.95
海南省,460000,1989,10933694.48
河北省,130000,1989,157175344.7
河南省,410000,1989,162777810
黑龙江省,230000,1989,92785534.01
湖北省,420000,1989,103965875.6
湖南省,430000,1989,69301819.77
吉林省,220000,1989,50859871.14
江苏省,320000,1989,175025516.4
江西省,360000,1989,54319699.61
辽宁省,210000,1989,125723852.9
内蒙古自治区,150000,1989,78848154.38
宁夏回族自治区,640000,1989,21416800.88
青海省,630000,1989,13484629.39
山东省,370000,1989,287706077.3
山西省,140000,1989,95382723.7
陕西省,610000,1989,64286527.8
上海市,310000,1989,45178179.65
四川省,510000,1989,81608294.67
台湾省,710000,1989,103952276.4
天津市,120000,1989,26181351.11
西藏自治区,540000,1989,7200557.298
香港特别行政区,810000,1989,23490165.52
新疆维吾尔自治区,650000,1989,54459728.08
云南省,530000,1989,45721740.14
浙江省,330000,1989,62973826.26
重庆市,500000,1989,32899542.76
安徽省,340000,1990,103191306.9
澳门特别行政区,820000,1990,742026.7859
北京市,110000,1990,31971743.49
福建省,350000,1990,48530649.88
甘肃省,620000,1990,50209680.55
广东省,440000,1990,97847976.05
广西壮族自治区,450000,1990,64553508.96
贵州省,520000,1990,38184511.86
海南省,460000,1990,13155650.92
河北省,130000,1990,159130622.8
河南省,410000,1990,164146304
黑龙江省,230000,1990,92192504.48
湖北省,420000,1990,103204534.6
湖南省,430000,1990,71086157.13
吉林省,220000,1990,49883609.11
江苏省,320000,1990,173927081.9
江西省,360000,1990,54808856.28
辽宁省,210000,1990,124554398.8
内蒙古自治区,150000,1990,87308687.34
宁夏回族自治区,640000,1990,21174829.21
青海省,630000,1990,13967953.9
山东省,370000,1990,291335074.4
山西省,140000,1990,110285621.6
陕西省,610000,1990,64726564.37
上海市,310000,1990,43601090.07
四川省,510000,1990,86058746.11
台湾省,710000,1990,107130642.9
天津市,120000,1990,24499965.91
西藏自治区,540000,1990,7341557.7
香港特别行政区,810000,1990,23666896.6
新疆维吾尔自治区,650000,1990,51213640.65
云南省,530000,1990,47323755.5
浙江省,330000,1990,64370538.23
重庆市,500000,1990,33103503.3
安徽省,340000,1991,106500459.9
澳门特别行政区,820000,1991,776722.0051
北京市,110000,1991,32518682.14
福建省,350000,1991,50034168.24
甘肃省,620000,1991,52732185.56
广东省,440000,1991,103110839.9
广西壮族自治区,450000,1991,66763713.41
贵州省,520000,1991,39848512.63
海南省,460000,1991,13517609.59
河北省,130000,1991,171633097.9
河南省,410000,1991,171742384.7
黑龙江省,230000,1991,96907106.08
湖北省,420000,1991,112933542.3
湖南省,430000,1991,72917245.98
吉林省,220000,1991,53541257.84
江苏省,320000,1991,183061520.6
江西省,360000,1991,57370160.19
辽宁省,210000,1991,134446060.6
内蒙古自治区,150000,1991,88624746.85
宁夏回族自治区,640000,1991,24198728.58
青海省,630000,1991,14374237.41
山东省,370000,1991,299630544.7
山西省,140000,1991,117110189.1
陕西省,610000,1991,68160013.73
上海市,310000,1991,49304053.43
四川省,510000,1991,90270711.16
台湾省,710000,1991,114021091.2
天津市,120000,1991,27832848.48
西藏自治区,540000,1991,7588063.348
香港特别行政区,810000,1991,25737148.11
新疆维吾尔自治区,650000,1991,53149067.39
云南省,530000,1991,48573457.43
浙江省,330000,1991,72716741.6
重庆市,500000,1991,36833730.77
安徽省,340000,1992,113045265.4
澳门特别行政区,820000,1992,860426.4547
北京市,110000,1992,32392197.63
福建省,350000,1992,51711016.32
甘肃省,620000,1992,55162938.23
广东省,440000,1992,109593747.2
广西壮族自治区,450000,1992,69586469.59
贵州省,520000,1992,40390751.17
海南省,460000,1992,13957186.52
河北省,130000,1992,178848659.4
河南省,410000,1992,179071500.9
黑龙江省,230000,1992,99809124.27
湖北省,420000,1992,117226153.3
湖南省,430000,1992,77519948.74
吉林省,220000,1992,55182099.87
江苏省,320000,1992,190729403.5
江西省,360000,1992,60415504.87
辽宁省,210000,1992,133301072.1
内蒙古自治区,150000,1992,91667862.34
宁夏回族自治区,640000,1992,27188190.15
青海省,630000,1992,15191946.32
山东省,370000,1992,308666380.6
山西省,140000,1992,124312928
陕西省,610000,1992,70764762.23
上海市,310000,1992,52210361.41
四川省,510000,1992,89970174.69
台湾省,710000,1992,118408093.9
天津市,120000,1992,32138238.6
西藏自治区,540000,1992,7909618.458
香港特别行政区,810000,1992,29901670.49
新疆维吾尔自治区,650000,1992,57441489.24
云南省,530000,1992,53098286.31
浙江省,330000,1992,77525224.62
重庆市,500000,1992,40906259.9
安徽省,340000,1993,121956182.7
澳门特别行政区,820000,1993,946884.5231
北京市,110000,1993,33646751.65
福建省,350000,1993,56152416.46
甘肃省,620000,1993,56529005.74
广东省,440000,1993,131979184.4
广西壮族自治区,450000,1993,73759581.76
贵州省,520000,1993,43267215.53
海南省,460000,1993,14904656.76
河北省,130000,1993,196820338.4
河南省,410000,1993,191456234.6
黑龙江省,230000,1993,102048509.6
湖北省,420000,1993,124837998.6
湖南省,430000,1993,82438894.11
吉林省,220000,1993,56111687.74
江苏省,320000,1993,223318903.3
江西省,360000,1993,64644579.68
辽宁省,210000,1993,142466939.8
内蒙古自治区,150000,1993,98771763.45
宁夏回族自治区,640000,1993,28448139.89
青海省,630000,1993,16183972.56
山东省,370000,1993,333803880.7
山西省,140000,1993,133907880.2
陕西省,610000,1993,73441479.95
上海市,310000,1993,55105646.79
四川省,510000,1993,97514450.11
台湾省,710000,1993,121755910.7
天津市,120000,1993,35232905.05
西藏自治区,540000,1993,8176056.407
香港特别行政区,810000,1993,30484234.89
新疆维吾尔自治区,650000,1993,58902023.95
云南省,530000,1993,55389317.71
浙江省,330000,1993,86465991.67
重庆市,500000,1993,43100816.57
安徽省,340000,1994,127244659.7
澳门特别行政区,820000,1994,1022031.898
北京市,110000,1994,35428196.03
福建省,350000,1994,59644781.19
甘肃省,620000,1994,56868672.9
广东省,440000,1994,141186775.8
广西壮族自治区,450000,1994,78616073.58
贵州省,520000,1994,45660426.97
海南省,460000,1994,15715490.49
河北省,130000,1994,210217251.3
河南省,410000,1994,197577260.4
黑龙江省,230000,1994,101992498.1
湖北省,420000,1994,137362538.4
湖南省,430000,1994,85588633.03
吉林省,220000,1994,58506411.15
江苏省,320000,1994,240545546.8
江西省,360000,1994,67466061.54
辽宁省,210000,1994,152657491.6
内蒙古自治区,150000,1994,103953440.1
宁夏回族自治区,640000,1994,28809780.26
青海省,630000,1994,18423905.19
山东省,370000,1994,349176286.6
山西省,140000,1994,142860923.6
陕西省,610000,1994,74815779.43
上海市,310000,1994,59890305.56
四川省,510000,1994,100680295.5
台湾省,710000,1994,129837247.3
天津市,120000,1994,39688230.32
西藏自治区,540000,1994,8429754.655
香港特别行政区,810000,1994,27422606.9
新疆维吾尔自治区,650000,1994,61368382.3
云南省,530000,1994,56982879.59
浙江省,330000,1994,91880551.22
重庆市,500000,1994,44308132.53
安徽省,340000,1995,141382817.4
澳门特别行政区,820000,1995,1045523.399
北京市,110000,1995,37607660.6
福建省,350000,1995,64483002.17
甘肃省,620000,1995,61246576.4
广东省,440000,1995,160593434.4
广西壮族自治区,450000,1995,86433881.89
贵州省,520000,1995,50863742.96
海南省,460000,1995,16874060.36
河北省,130000,1995,244166105.3
河南省,410000,1995,223568117
黑龙江省,230000,1995,108168999.9
湖北省,420000,1995,148739672.7
湖南省,430000,1995,93444811.8
吉林省,220000,1995,63263103.07
江苏省,320000,1995,267073555.2
江西省,360000,1995,76206727.63
辽宁省,210000,1995,165084025.8
内蒙古自治区,150000,1995,117542552.3
宁夏回族自治区,640000,1995,30995866.94
青海省,630000,1995,20338648.87
山东省,370000,1995,377479499
山西省,140000,1995,155074335.6
陕西省,610000,1995,83333940.64
上海市,310000,1995,65110212.96
四川省,510000,1995,110079679.2
台湾省,710000,1995,135811218
天津市,120000,1995,42920651.66
西藏自治区,540000,1995,8980154.039
香港特别行政区,810000,1995,27887542.43
新疆维吾尔自治区,650000,1995,67708406.05
云南省,530000,1995,61245881.6
浙江省,330000,1995,106610630.7
重庆市,500000,1995,47184902.23
安徽省,340000,1996,138810217.7
澳门特别行政区,820000,1996,1088644.534
北京市,110000,1996,35556535.73
福建省,350000,1996,65816398.44
甘肃省,620000,1996,60705655.11
广东省,440000,1996,170713142.9
广西壮族自治区,450000,1996,82624043.01
贵州省,520000,1996,49610385.48
海南省,460000,1996,16110604.88
河北省,130000,1996,237315725.3
河南省,410000,1996,223348822.7
黑龙江省,230000,1996,107832661.1
湖北省,420000,1996,144586917.4
湖南省,430000,1996,91703584.99
吉林省,220000,1996,59921010.35
江苏省,320000,1996,258180223
江西省,360000,1996,75596795.87
辽宁省,210000,1996,163607330.6
内蒙古自治区,150000,1996,119521921.9
宁夏回族自治区,640000,1996,30176564.37
青海省,630000,1996,21698328.76
山东省,370000,1996,373635401.2
山西省,140000,1996,154541384.1
陕西省,610000,1996,86120269.29
上海市,310000,1996,62595156.44
四川省,510000,1996,104244712.7
台湾省,710000,1996,140240574.8
天津市,120000,1996,45530044.79
西藏自治区,540000,1996,8908211.029
香港特别行政区,810000,1996,26074011.87
新疆维吾尔自治区,650000,1996,65712310.15
云南省,530000,1996,58228904.88
浙江省,330000,1996,105232786.6
重庆市,500000,1996,45019063.64
安徽省,340000,1997,139784050
澳门特别行政区,820000,1997,1135189.339
北京市,110000,1997,35212594.04
福建省,350000,1997,65820308.42
甘肃省,620000,1997,61971120.21
广东省,440000,1997,220111778.8
广西壮族自治区,450000,1997,84218843.91
贵州省,520000,1997,50893497.86
海南省,460000,1997,16522288.86
河北省,130000,1997,241408205.3
河南省,410000,1997,225084291.4
黑龙江省,230000,1997,107253422.4
湖北省,420000,1997,157228981.6
湖南省,430000,1997,92816868
吉林省,220000,1997,60521060.96
江苏省,320000,1997,255155436.5
江西省,360000,1997,78074039.33
辽宁省,210000,1997,169316762.1
内蒙古自治区,150000,1997,113317748
宁夏回族自治区,640000,1997,33715099.06
青海省,630000,1997,19933486.22
山东省,370000,1997,381424647.6
山西省,140000,1997,156586877.7
陕西省,610000,1997,86645646.03
上海市,310000,1997,68223107.82
四川省,510000,1997,111021197.3
台湾省,710000,1997,149597058.6
天津市,120000,1997,43380168.58
西藏自治区,540000,1997,9148081.173
香港特别行政区,810000,1997,24983890.51
新疆维吾尔自治区,650000,1997,66308421.26
云南省,530000,1997,63384333.84
浙江省,330000,1997,104781494.6
重庆市,500000,1997,49345889.98
安徽省,340000,1998,140959444.9
澳门特别行政区,820000,1998,1247339.842
北京市,110000,1998,34072501.55
福建省,350000,1998,70030472.28
甘肃省,620000,1998,60664077.43
广东省,440000,1998,244094536.6
广西壮族自治区,450000,1998,85955591.64
贵州省,520000,1998,55796694.37
海南省,460000,1998,16934901.53
河北省,130000,1998,242293891.5
河南省,410000,1998,228895124.9
黑龙江省,230000,1998,100913824
湖北省,420000,1998,161642525.8
湖南省,430000,1998,95701053.34
吉林省,220000,1998,57557267.05
江苏省,320000,1998,271411069.3
江西省,360000,1998,79767053.11
辽宁省,210000,1998,164891295.7
内蒙古自治区,150000,1998,123195538.6
宁夏回族自治区,640000,1998,32863018.09
青海省,630000,1998,19958224.51
山东省,370000,1998,386902443.1
山西省,140000,1998,158926178.2
陕西省,610000,1998,87041464.92
上海市,310000,1998,66172840.31
四川省,510000,1998,108581423.7
台湾省,710000,1998,154644532.9
天津市,120000,1998,44656216.26
西藏自治区,540000,1998,9169040.415
香港特别行政区,810000,1998,31055706.95
新疆维吾尔自治区,650000,1998,65605690.1
云南省,530000,1998,64541490.08
浙江省,330000,1998,109636159.7
重庆市,500000,1998,54481829.28
安徽省,340000,1999,138871806.5
澳门特别行政区,820000,1999,1248491.042
北京市,110000,1999,40137267.96
福建省,350000,1999,73525762.49
甘肃省,620000,1999,63318504.6
广东省,440000,1999,234628679.9
广西壮族自治区,450000,1999,83213868.3
贵州省,520000,1999,54525914.37
海南省,460000,1999,17024027.23
河北省,130000,1999,233640929.7
河南省,410000,1999,223966234.4
黑龙江省,230000,1999,103799018.1
湖北省,420000,1999,159901945.6
湖南省,430000,1999,91643228.4
吉林省,220000,1999,56200152.43
江苏省,320000,1999,262566617.7
江西省,360000,1999,76397213.02
辽宁省,210000,1999,159061196.3
内蒙古自治区,150000,1999,129990526.6
宁夏回族自治区,640000,1999,30968017.53
青海省,630000,1999,20832598.88
山东省,370000,1999,371744609.4
山西省,140000,1999,152952472.4
陕西省,610000,1999,85205460.7
上海市,310000,1999,62578856.51
四川省,510000,1999,105971571.5
台湾省,710000,1999,159037395.3
天津市,120000,1999,44863034.22
西藏自治区,540000,1999,9065242.113
香港特别行政区,810000,1999,33829429.83
新疆维吾尔自治区,650000,1999,62015131.23
云南省,530000,1999,64698569.54
浙江省,330000,1999,107410490.8
重庆市,500000,1999,52579960.54
安徽省,340000,2000,144342900.7
澳门特别行政区,820000,2000,1157961.007
北京市,110000,2000,43133076.5
福建省,350000,2000,74605153.85
甘肃省,620000,2000,67518991.03
广东省,440000,2000,243059512.2
广西壮族自治区,450000,2000,94638537.65
贵州省,520000,2000,54241898.63
海南省,460000,2000,17811898.15
河北省,130000,2000,253490019.9
河南省,410000,2000,223754241.6
黑龙江省,230000,2000,104881427.7
湖北省,420000,2000,170592907.4
湖南省,430000,2000,93269514.41
吉林省,220000,2000,60578928.07
江苏省,320000,2000,279168196.9
江西省,360000,2000,80508714.03
辽宁省,210000,2000,176690927.1
内蒙古自治区,150000,2000,140109202.8
宁夏回族自治区,640000,2000,31782303.35
青海省,630000,2000,24196067.99
山东省,370000,2000,384095327.3
山西省,140000,2000,165876878.5
陕西省,610000,2000,89410303.8
上海市,310000,2000,71538175.19
四川省,510000,2000,108654585.9
台湾省,710000,2000,169410357.6
天津市,120000,2000,47741953.04
西藏自治区,540000,2000,9636722.678
香港特别行政区,810000,2000,30551735.39
新疆维吾尔自治区,650000,2000,69036445.42
云南省,530000,2000,72648407.07
浙江省,330000,2000,119013241.5
重庆市,500000,2000,52337772.92
安徽省,340000,2001,152599784.5
澳门特别行政区,820000,2001,1252499.347
北京市,110000,2001,43311434.79
福建省,350000,2001,85162161.4
甘肃省,620000,2001,70594947.79
广东省,440000,2001,252345786.4
广西壮族自治区,450000,2001,99131711.52
贵州省,520000,2001,57076920.48
海南省,460000,2001,18656847.16
河北省,130000,2001,271754640.2
河南省,410000,2001,241104222.2
黑龙江省,230000,2001,107979180.6
湖北省,420000,2001,172244663.8
湖南省,430000,2001,97550990.69
吉林省,220000,2001,65226914.92
江苏省,320000,2001,297308552.2
江西省,360000,2001,84728768.81
辽宁省,210000,2001,175640064.7
内蒙古自治区,150000,2001,142679832.3
宁夏回族自治区,640000,2001,32949584.48
青海省,630000,2001,24703978.78
山东省,370000,2001,403922520.8
山西省,140000,2001,173419965.7
陕西省,610000,2001,93520959.33
上海市,310000,2001,69645920.86
四川省,510000,2001,111107719.6
台湾省,710000,2001,172309850.7
天津市,120000,2001,51193703.78
西藏自治区,540000,2001,10112565.34
香港特别行政区,810000,2001,30239629.22
新疆维吾尔自治区,650000,2001,73178228.91
云南省,530000,2001,75648291.05
浙江省,330000,2001,126433723.4
重庆市,500000,2001,53914802.9
安徽省,340000,2002,159799154.3
澳门特别行政区,820000,2002,1349651.551
北京市,110000,2002,45715663.79
福建省,350000,2002,90278008.48
甘肃省,620000,2002,74430493.31
广东省,440000,2002,265486402.1
广西壮族自治区,450000,2002,104441868.3
贵州省,520000,2002,63726952.31
海南省,460000,2002,19812107.55
河北省,130000,2002,308619335.8
河南省,410000,2002,257188779
黑龙江省,230000,2002,116042344.8
湖北省,420000,2002,181760737.3
湖南省,430000,2002,102022503.3
吉林省,220000,2002,70295081.5
江苏省,320000,2002,312324741
江西省,360000,2002,90491756.73
辽宁省,210000,2002,186956808.5
内蒙古自治区,150000,2002,156339684.1
宁夏回族自治区,640000,2002,37258514.68
青海省,630000,2002,26682478.88
山东省,370000,2002,450278097.7
山西省,140000,2002,199129088.3
陕西省,610000,2002,100035344.8
上海市,310000,2002,80866286.07
四川省,510000,2002,115845806.2
台湾省,710000,2002,177881597.2
天津市,120000,2002,53101506.55
西藏自治区,540000,2002,10711058.08
香港特别行政区,810000,2002,29305896.5
新疆维吾尔自治区,650000,2002,77913871.28
云南省,530000,2002,79207724.23
浙江省,330000,2002,135158750.7
重庆市,500000,2002,56748344.53
安徽省,340000,2003,177350080.1
澳门特别行政区,820000,2003,1477900.663
北京市,110000,2003,49524960.71
福建省,350000,2003,100742479.7
甘肃省,620000,2003,88248767.09
广东省,440000,2003,305345034.3
广西壮族自治区,450000,2003,119919257.2
贵州省,520000,2003,83217437.98
海南省,460000,2003,22071351.95
河北省,130000,2003,346976462.4
河南省,410000,2003,297991142.9
黑龙江省,230000,2003,126214180
湖北省,420000,2003,208491772.2
湖南省,430000,2003,117842856.5
吉林省,220000,2003,77726607.62
江苏省,320000,2003,363877490
江西省,360000,2003,105181834.1
辽宁省,210000,2003,206153670.1
内蒙古自治区,150000,2003,193669046.1
宁夏回族自治区,640000,2003,44936720.58
青海省,630000,2003,30098376.2
山东省,370000,2003,549374220.2
山西省,140000,2003,227608100.8
陕西省,610000,2003,114939673.5
上海市,310000,2003,92319351.45
四川省,510000,2003,126520730.6
台湾省,710000,2003,183622227
天津市,120000,2003,57383888.99
西藏自治区,540000,2003,12084338.15
香港特别行政区,810000,2003,31717903.37
新疆维吾尔自治区,650000,2003,90159507.15
云南省,530000,2003,94204005.04
浙江省,330000,2003,157390352.8
重庆市,500000,2003,63289817.31
安徽省,340000,2004,197213866.2
澳门特别行政区,820000,2004,1755416.894
北京市,110000,2004,54575775.19
福建省,350000,2004,114755304.7
甘肃省,620000,2004,100285697.7
广东省,440000,2004,348366777.7
广西壮族自治区,450000,2004,147368503.6
贵州省,520000,2004,98803239.19
海南省,460000,2004,26591493.99
河北省,130000,2004,394407975.8
河南省,410000,2004,362742660.4
黑龙江省,230000,2004,135344002
湖北省,420000,2004,243176720.6
湖南省,430000,2004,140246996.4
吉林省,220000,2004,84110452.24
江苏省,320000,2004,434922548.6
江西省,360000,2004,117303726.8
辽宁省,210000,2004,224856816.6
内蒙古自治区,150000,2004,228895004.3
宁夏回族自治区,640000,2004,51104224
青海省,630000,2004,35393047.14
山东省,370000,2004,623612538.1
山西省,140000,2004,259195835.4
陕西省,610000,2004,132745839.6
上海市,310000,2004,108254088.2
四川省,510000,2004,144673797.8
台湾省,710000,2004,192379685.7
天津市,120000,2004,62326363.59
西藏自治区,540000,2004,14058027.11
香港特别行政区,810000,2004,29550421.94
新疆维吾尔自治区,650000,2004,104182146.6
云南省,530000,2004,109501158.9
浙江省,330000,2004,184446522.4
重庆市,500000,2004,71510102.29
安徽省,340000,2005,226390503
澳门特别行政区,820000,2005,1888009.538
北京市,110000,2005,60665551.72
福建省,350000,2005,128468333.6
甘肃省,620000,2005,112641501.2
广东省,440000,2005,371462010.5
广西壮族自治区,450000,2005,166502112.2
贵州省,520000,2005,113341749.8
海南省,460000,2005,28531265.25
河北省,130000,2005,456920329.8
河南省,410000,2005,411795162.2
黑龙江省,230000,2005,143425719.1
湖北省,420000,2005,261770843.6
湖南省,430000,2005,152720681.6
吉林省,220000,2005,92283947.8
江苏省,320000,2005,531706076
江西省,360000,2005,128496410.6
辽宁省,210000,2005,246833363.4
内蒙古自治区,150000,2005,275958206
宁夏回族自治区,640000,2005,56099787.56
青海省,630000,2005,38720132.95
山东省,370000,2005,673934531.5
山西省,140000,2005,313274691
陕西省,610000,2005,155551894.4
上海市,310000,2005,115370448
四川省,510000,2005,168215305.3
台湾省,710000,2005,196887779.9
天津市,120000,2005,81987471.61
西藏自治区,540000,2005,15489941.87
香港特别行政区,810000,2005,31674660.58
新疆维吾尔自治区,650000,2005,115253805.1
云南省,530000,2005,119960510
浙江省,330000,2005,212698735.4
重庆市,500000,2005,80021848.92
安徽省,340000,2006,248580760
澳门特别行政区,820000,2006,1970366.031
北京市,110000,2006,63899288.38
福建省,350000,2006,156057297.4
甘肃省,620000,2006,120987859.9
广东省,440000,2006,383360096.6
广西壮族自治区,450000,2006,178175351.7
贵州省,520000,2006,131977353.7
海南省,460000,2006,31893762.37
河北省,130000,2006,494913641.5
河南省,410000,2006,456193034.3
黑龙江省,230000,2006,148843955
湖北省,420000,2006,302563951
湖南省,430000,2006,178813507.7
吉林省,220000,2006,98020505.65
江苏省,320000,2006,597512846.8
江西省,360000,2006,135971300.6
辽宁省,210000,2006,265732209.2
内蒙古自治区,150000,2006,328438311.5
宁夏回族自治区,640000,2006,70225417.48
青海省,630000,2006,46611283.6
山东省,370000,2006,736411950.3
山西省,140000,2006,338823362.9
陕西省,610000,2006,165371253.1
上海市,310000,2006,124628480
四川省,510000,2006,187790383.1
台湾省,710000,2006,199238027.1
天津市,120000,2006,83839460.98
西藏自治区,540000,2006,16749091.15
香港特别行政区,810000,2006,31558415.45
新疆维吾尔自治区,650000,2006,127684527.8
云南省,530000,2006,142414875.3
浙江省,330000,2006,256460745.3
重庆市,500000,2006,97053858.97
安徽省,340000,2007,285447471.3
澳门特别行政区,820000,2007,2068742.424
北京市,110000,2007,63753557.37
福建省,350000,2007,163085433.4
甘肃省,620000,2007,137407644.9
广东省,440000,2007,392957070.6
广西壮族自治区,450000,2007,212773709
贵州省,520000,2007,139363293.4
海南省,460000,2007,35022420.19
河北省,130000,2007,544309808.1
河南省,410000,2007,501769723.4
黑龙江省,230000,2007,156932291.5
湖北省,420000,2007,314925942.8
湖南省,430000,2007,207796793.3
吉林省,220000,2007,106402294.4
江苏省,320000,2007,618783054.2
江西省,360000,2007,155131109.7
辽宁省,210000,2007,286832955.4
内蒙古自治区,150000,2007,386697371.9
宁夏回族自治区,640000,2007,76330668.55
青海省,630000,2007,53449352.23
山东省,370000,2007,781165657.9
山西省,140000,2007,369838816.3
陕西省,610000,2007,195688075.5
上海市,310000,2007,127207432
四川省,510000,2007,209899226.4
台湾省,710000,2007,201471193.7
天津市,120000,2007,85655154.76
西藏自治区,540000,2007,18077920.23
香港特别行政区,810000,2007,33257693.35
新疆维吾尔自治区,650000,2007,134008350.7
云南省,530000,2007,161465059.9
浙江省,330000,2007,273236958.5
重庆市,500000,2007,104835053.5
安徽省,340000,2008,322314417.6
澳门特别行政区,820000,2008,2015442.393
北京市,110000,2008,63535280.7
福建省,350000,2008,172245888.4
甘肃省,620000,2008,138662548.6
广东省,440000,2008,397043715.1
广西壮族自治区,450000,2008,215478454
贵州省,520000,2008,134040848.9
海南省,460000,2008,35343724.97
河北省,130000,2008,561276016.1
河南省,410000,2008,518063559
黑龙江省,230000,2008,159526424.4
湖北省,420000,2008,323740891
湖南省,430000,2008,205941936.9
吉林省,220000,2008,102254998.8
江苏省,320000,2008,630227213.2
江西省,360000,2008,158460285.5
辽宁省,210000,2008,298983651.6
内蒙古自治区,150000,2008,397196539.4
宁夏回族自治区,640000,2008,75427806.34
青海省,630000,2008,53357597.69
山东省,370000,2008,795067085.4
山西省,140000,2008,381437919.4
陕西省,610000,2008,216817366.6
上海市,310000,2008,133276677.8
四川省,510000,2008,210783247.9
台湾省,710000,2008,191675566.9
天津市,120000,2008,88093846.08
西藏自治区,540000,2008,18992591.9
香港特别行政区,810000,2008,32833202.62
新疆维吾尔自治区,650000,2008,145184808.2
云南省,530000,2008,165360706.5
浙江省,330000,2008,294301735.4
重庆市,500000,2008,108779308.3
安徽省,340000,2009,334870311.6
澳门特别行政区,820000,2009,2129467.015
北京市,110000,2009,66557701.46
福建省,350000,2009,182919859.6
甘肃省,620000,2009,149775585
广东省,440000,2009,420275364.5
广西壮族自治区,450000,2009,231890162.2
贵州省,520000,2009,145971598.7
海南省,460000,2009,39964373.92
河北省,130000,2009,631064666.3
河南省,410000,2009,542281258
黑龙江省,230000,2009,162761801.6
湖北省,420000,2009,354625736.3
湖南省,430000,2009,219384144.6
吉林省,220000,2009,120920656.4
江苏省,320000,2009,669789622.9
江西省,360000,2009,176529448.7
辽宁省,210000,2009,321139541.2
内蒙古自治区,150000,2009,408871292.1
宁夏回族自治区,640000,2009,82026356.72
青海省,630000,2009,54502298.42
山东省,370000,2009,840164781.3
山西省,140000,2009,418635254.2
陕西省,610000,2009,233338472.3
上海市,310000,2009,149620546.7
四川省,510000,2009,217217775.4
台湾省,710000,2009,183033128.1
天津市,120000,2009,106989661.5
西藏自治区,540000,2009,20202580.51
香港特别行政区,810000,2009,34599610.78
新疆维吾尔自治区,650000,2009,152750016.4
云南省,530000,2009,170803511.1
浙江省,330000,2009,314858882.5
重庆市,500000,2009,112666255.4
安徽省,340000,2010,358503105.6
澳门特别行政区,820000,2010,2262251.947
北京市,110000,2010,72923448.49
福建省,350000,2010,201986329
甘肃省,620000,2010,166121591.7
广东省,440000,2010,462201726.2
广西壮族自治区,450000,2010,245827226.4
贵州省,520000,2010,148215300.6
海南省,460000,2010,42142585.3
河北省,130000,2010,671608212.2
河南省,410000,2010,582054604
黑龙江省,230000,2010,173373789
湖北省,420000,2010,382510132.7
湖南省,430000,2010,228643763.6
吉林省,220000,2010,137894748.2
江苏省,320000,2010,731163827.6
江西省,360000,2010,184656623.1
辽宁省,210000,2010,364659206.4
内蒙古自治区,150000,2010,464827282.6
宁夏回族自治区,640000,2010,107014483.7
青海省,630000,2010,58616099.48
山东省,370000,2010,888233588
山西省,140000,2010,448659477.4
陕西省,610000,2010,251726499.8
上海市,310000,2010,167517170.3
四川省,510000,2010,227612295.4
台湾省,710000,2010,195842016.7
天津市,120000,2010,118707038
西藏自治区,540000,2010,21612995.28
香港特别行政区,810000,2010,33288964.71
新疆维吾尔自治区,650000,2010,173836364.8
云南省,530000,2010,181827081.4
浙江省,330000,2010,338328727.9
重庆市,500000,2010,118286366.3
安徽省,340000,2011,389163956.8
澳门特别行政区,820000,2011,2373782.76
北京市,110000,2011,75572433.96
福建省,350000,2011,223567888
甘肃省,620000,2011,185415514.6
广东省,440000,2011,519080536.8
广西壮族自治区,450000,2011,270331736.2
贵州省,520000,2011,161835215.3
海南省,460000,2011,44204535.02
河北省,130000,2011,721983402.6
河南省,410000,2011,632205846.7
黑龙江省,230000,2011,180515957.8
湖北省,420000,2011,407045124.4
湖南省,430000,2011,248157091.1
吉林省,220000,2011,153019050.1
江苏省,320000,2011,796485956.1
江西省,360000,2011,203036472.2
辽宁省,210000,2011,388205915
内蒙古自治区,150000,2011,513846056.4
宁夏回族自治区,640000,2011,126847172.8
青海省,630000,2011,63463286.04
山东省,370000,2011,949154573.9
山西省,140000,2011,495650066.9
陕西省,610000,2011,279156526.4
上海市,310000,2011,174438236.8
四川省,510000,2011,255342619
台湾省,710000,2011,200080241.5
天津市,120000,2011,123786522.2
西藏自治区,540000,2011,23494689.85
香港特别行政区,810000,2011,35403061.83
新疆维吾尔自治区,650000,2011,213078279.2
云南省,530000,2011,197174329.7
浙江省,330000,2011,366433475.4
重庆市,500000,2011,125844348.4
安徽省,340000,2012,402870381.9
澳门特别行政区,820000,2012,2380941.173
北京市,110000,2012,78344338.98
福建省,350000,2012,228852630.3
甘肃省,620000,2012,189696896.3
广东省,440000,2012,528102851
广西壮族自治区,450000,2012,288017884.9
贵州省,520000,2012,164789853.2
海南省,460000,2012,47734274.54
河北省,130000,2012,743645280.2
河南省,410000,2012,652481297.8
黑龙江省,230000,2012,182531440.4
湖北省,420000,2012,428483320.6
湖南省,430000,2012,255001733
吉林省,220000,2012,155707615.3
江苏省,320000,2012,819466358
江西省,360000,2012,209492684.2
辽宁省,210000,2012,407436664.7
内蒙古自治区,150000,2012,523005877.2
宁夏回族自治区,640000,2012,124387524.5
青海省,630000,2012,66443066.09
山东省,370000,2012,975769063
山西省,140000,2012,518496390.5
陕西省,610000,2012,278889075.5
上海市,310000,2012,179224048.6
四川省,510000,2012,260054191.3
台湾省,710000,2012,197112614.3
天津市,120000,2012,125890653.6
西藏自治区,540000,2012,24329255.95
香港特别行政区,810000,2012,35026860.67
新疆维吾尔自治区,650000,2012,241425313.4
云南省,530000,2012,212927885.9
浙江省,330000,2012,366509350.7
重庆市,500000,2012,127918873
安徽省,340000,2013,432133808.6
澳门特别行政区,820000,2013,2443769.927
北京市,110000,2013,78136552.06
福建省,350000,2013,232099096.8
甘肃省,620000,2013,196636684
广东省,440000,2013,551722950.7
广西壮族自治区,450000,2013,296261237
贵州省,520000,2013,184366876.9
海南省,460000,2013,48572734.68
河北省,130000,2013,782139407.4
河南省,410000,2013,674562316.3
黑龙江省,230000,2013,187451366.9
湖北省,420000,2013,442385246.1
湖南省,430000,2013,261042897
吉林省,220000,2013,158632916.9
江苏省,320000,2013,861809498.4
江西省,360000,2013,213709041.9
辽宁省,210000,2013,419151649.8
内蒙古自治区,150000,2013,551492270.4
宁夏回族自治区,640000,2013,128478800.2
青海省,630000,2013,69862485.33
山东省,370000,2013,1027827623
山西省,140000,2013,535790938.2
陕西省,610000,2013,296454483.6
上海市,310000,2013,181945393.6
四川省,510000,2013,267196246.6
台湾省,710000,2013,201939958.8
天津市,120000,2013,129313933
西藏自治区,540000,2013,25224624.18
香港特别行政区,810000,2013,36096368.98
新疆维吾尔自治区,650000,2013,274916757.4
云南省,530000,2013,222280623.6
浙江省,330000,2013,376790997.2
重庆市,500000,2013,138989805.5
安徽省,340000,2014,439745963.8
澳门特别行政区,820000,2014,2643446.993
北京市,110000,2014,79475485.6
福建省,350000,2014,235206846.7
甘肃省,620000,2014,194817849.3
广东省,440000,2014,552862327.2
广西壮族自治区,450000,2014,299701114.7
贵州省,520000,2014,184466459
海南省,460000,2014,47230960.2
河北省,130000,2014,802650737.3
河南省,410000,2014,665211909
黑龙江省,230000,2014,182866174.1
湖北省,420000,2014,456516122.1
湖南省,430000,2014,256754054.1
吉林省,220000,2014,158808834.5
江苏省,320000,2014,870495699.8
江西省,360000,2014,211874325.3
辽宁省,210000,2014,426753234.9
内蒙古自治区,150000,2014,542966399.2
宁夏回族自治区,640000,2014,125261185
青海省,630000,2014,70323202.62
山东省,370000,2014,1036199633
山西省,140000,2014,525515876
陕西省,610000,2014,293576358.9
上海市,310000,2014,186258094.7
四川省,510000,2014,264785405.2
台湾省,710000,2014,203898303.6
天津市,120000,2014,133682904.5
西藏自治区,540000,2014,25192019.16
香港特别行政区,810000,2014,37727297.76
新疆维吾尔自治区,650000,2014,323158537.9
云南省,530000,2014,219311997.2
浙江省,330000,2014,388705304.7
重庆市,500000,2014,148431422.3
安徽省,340000,2015,444211403.6
澳门特别行政区,820000,2015,2751691.291
北京市,110000,2015,80420685.95
福建省,350000,2015,231335072.3
甘肃省,620000,2015,194235262.7
广东省,440000,2015,546155407.9
广西壮族自治区,450000,2015,293584696.5
贵州省,520000,2015,178585224.5
海南省,460000,2015,48005364.09
河北省,130000,2015,763994082.6
河南省,410000,2015,659924911.4
黑龙江省,230000,2015,180800977.2
湖北省,420000,2015,455372275.1
湖南省,430000,2015,253281451.3
吉林省,220000,2015,152188368.2
江苏省,320000,2015,833144487.7
江西省,360000,2015,212141056.6
辽宁省,210000,2015,417136777.3
内蒙古自治区,150000,2015,536320079.4
宁夏回族自治区,640000,2015,120370764.8
青海省,630000,2015,76254603.34
山东省,370000,2015,1042331762
山西省,140000,2015,504833116.1
陕西省,610000,2015,297184972.4
上海市,310000,2015,193922502.3
四川省,510000,2015,258202581.2
台湾省,710000,2015,204835379.1
天津市,120000,2015,128492738.9
西藏自治区,540000,2015,25610347.9
香港特别行政区,810000,2015,36086474.35
新疆维吾尔自治区,650000,2015,343654905.8
云南省,530000,2015,214986350.3
浙江省,330000,2015,392447772
重庆市,500000,2015,150142926.7
安徽省,340000,2016,447562126
澳门特别行政区,820000,2016,2729073.713
北京市,110000,2016,74134216.64
福建省,350000,2016,228426945.8
甘肃省,620000,2016,191818338.5
广东省,440000,2016,548850883.3
广西壮族自治区,450000,2016,309446125.6
贵州省,520000,2016,192573023
海南省,460000,2016,48308301.98
河北省,130000,2016,748779612.2
河南省,410000,2016,647569257.4
黑龙江省,230000,2016,180166854.6
湖北省,420000,2016,449464277.8
湖南省,430000,2016,255078574.9
吉林省,220000,2016,149386010.1
江苏省,320000,2016,830689800.1
江西省,360000,2016,214928058.8
辽宁省,210000,2016,398572946.9
内蒙古自治区,150000,2016,545922001
宁夏回族自治区,640000,2016,122322237.2
青海省,630000,2016,78591389.32
山东省,370000,2016,1062190662
山西省,140000,2016,501151417.2
陕西省,610000,2016,295280449.9
上海市,310000,2016,181333613.2
四川省,510000,2016,253662732.9
台湾省,710000,2016,206868983.2
天津市,120000,2016,124757728.4
西藏自治区,540000,2016,25929663.53
香港特别行政区,810000,2016,36058927.18
新疆维吾尔自治区,650000,2016,360881132.2
云南省,530000,2016,210642417.6
浙江省,330000,2016,388672337.8
重庆市,500000,2016,156090395.2
安徽省,340000,2017,453812967.8
澳门特别行政区,820000,2017,2867429.704
北京市,110000,2017,76233830.49
福建省,350000,2017,236281755.5
甘肃省,620000,2017,199442438.6
广东省,440000,2017,550385185.1
广西壮族自治区,450000,2017,312652722.9
贵州省,520000,2017,199679779.2
海南省,460000,2017,47958497.04
河北省,130000,2017,754433716.1
河南省,410000,2017,650981464.4
黑龙江省,230000,2017,187998552
湖北省,420000,2017,453294594.4
湖南省,430000,2017,254634463.9
吉林省,220000,2017,150666328
江苏省,320000,2017,848511603.7
江西省,360000,2017,215656927
辽宁省,210000,2017,410853185.2
内蒙古自治区,150000,2017,577613927
宁夏回族自治区,640000,2017,142427148.1
青海省,630000,2017,79881559.49
山东省,370000,2017,1074950876
山西省,140000,2017,506536389.1
陕西省,610000,2017,298113446.5
上海市,310000,2017,183883762.2
四川省,510000,2017,253441542.5
台湾省,710000,2017,208255636.9
天津市,120000,2017,125890652.3
西藏自治区,540000,2017,26035363.94
香港特别行政区,810000,2017,35422199.16
新疆维吾尔自治区,650000,2017,391907132.5
云南省,530000,2017,212542299.1
浙江省,330000,2017,392599706.8
重庆市,500000,2017,158984946.3
安徽省,340000,2018,492192397.8
澳门特别行政区,820000,2018,2631663.777
北京市,110000,2018,77704186.72
福建省,350000,2018,247948702.5
甘肃省,620000,2018,205464166.8
广东省,440000,2018,571610771.8
广西壮族自治区,450000,2018,322487515.5
贵州省,520000,2018,209301617.4
海南省,460000,2018,48576370.11
河北省,130000,2018,796202800.1
河南省,410000,2018,674804784.7
黑龙江省,230000,2018,192378913.7
湖北省,420000,2018,470428512.5
湖南省,430000,2018,259475240.6
吉林省,220000,2018,159117710.1
江苏省,320000,2018,884215524.3
江西省,360000,2018,225504245.6
辽宁省,210000,2018,434582947.7
内蒙古自治区,150000,2018,604939346.3
宁夏回族自治区,640000,2018,154912319.7
青海省,630000,2018,82721746.56
山东省,370000,2018,1110236768
山西省,140000,2018,522573042.6
陕西省,610000,2018,327794510.8
上海市,310000,2018,188922189.7
四川省,510000,2018,257759074.9
台湾省,710000,2018,206278456.3
天津市,120000,2018,136320006.2
西藏自治区,540000,2018,26454596
香港特别行政区,810000,2018,35167375.45
新疆维吾尔自治区,650000,2018,419497542.1
云南省,530000,2018,217358232.5
浙江省,330000,2018,403914618.8
重庆市,500000,2018,163651519.4
安徽省,340000,2019,493113574
澳门特别行政区,820000,2019,2718886.892
北京市,110000,2019,78044413.08
福建省,350000,2019,251683740.7
甘肃省,620000,2019,208698425.8
广东省,440000,2019,578728114.7
广西壮族自治区,450000,2019,322055421.5
贵州省,520000,2019,214417494.6
海南省,460000,2019,48492713.22
河北省,130000,2019,828197199.5
河南省,410000,2019,691043674.5
黑龙江省,230000,2019,192659861.7
湖北省,420000,2019,490417179.4
湖南省,430000,2019,259868617.6
吉林省,220000,2019,159133429.3
江苏省,320000,2019,903868907.2
江西省,360000,2019,226600831.2
辽宁省,210000,2019,445691948.9
内蒙古自治区,150000,2019,635633195
宁夏回族自治区,640000,2019,174003965.4
青海省,630000,2019,81588623.14
山东省,370000,2019,1137954077
山西省,140000,2019,529401520.2
陕西省,610000,2019,347842949.6
上海市,310000,2019,196674965.8
四川省,510000,2019,253486126.2
台湾省,710000,2019,200856011.7
天津市,120000,2019,142040963.6
西藏自治区,540000,2019,26424956.93
香港特别行政区,810000,2019,34953300.69
新疆维吾尔自治区,650000,2019,432814780.4
云南省,530000,2019,216829878.7
浙江省,330000,2019,404079923.3
重庆市,500000,2019,165075533.4
安徽省,340000,2020,491921365.1
澳门特别行政区,820000,2020,2816931.611
北京市,110000,2020,77630137.1
福建省,350000,2020,251596524.3
甘肃省,620000,2020,213700508.1
广东省,440000,2020,600455997.4
广西壮族自治区,450000,2020,333517935
贵州省,520000,2020,220897150.6
海南省,460000,2020,50180102.12
河北省,130000,2020,826743287.6
河南省,410000,2020,697135595.1
黑龙江省,230000,2020,195478907.6
湖北省,420000,2020,494932839.5
湖南省,430000,2020,256405104.6
吉林省,220000,2020,157648580.5
江苏省,320000,2020,894963263.8
江西省,360000,2020,232523996.4
辽宁省,210000,2020,442806243.7
内蒙古自治区,150000,2020,652283065.7
宁夏回族自治区,640000,2020,174305461.3
青海省,630000,2020,80617612.3
山东省,370000,2020,1148726669
山西省,140000,2020,530238223.4
陕西省,610000,2020,360443411.2
上海市,310000,2020,193113587.5
四川省,510000,2020,249253774.6
台湾省,710000,2020,199839738.8
天津市,120000,2020,139935786.1
西藏自治区,540000,2020,25971325.68
香港特别行政区,810000,2020,30408432.46
新疆维吾尔自治区,650000,2020,445711027.8
云南省,530000,2020,215735429.4
浙江省,330000,2020,407022336.1
重庆市,500000,2020,165423585.3
安徽省,340000,2021,517951754.2
澳门特别行政区,820000,2021,2778569.016
北京市,110000,2021,80102176.49
福建省,350000,2021,269332031.3
甘肃省,620000,2021,226080748.7
广东省,440000,2021,640688595.7
广西壮族自治区,450000,2021,350229253.8
贵州省,520000,2021,226784891.7
海南省,460000,2021,51004498.19
河北省,130000,2021,820615047.8
河南省,410000,2021,729969987.7
黑龙江省,230000,2021,205439885.6
湖北省,420000,2021,515799203.6
湖南省,430000,2021,275916516.7
吉林省,220000,2021,162555518.4
江苏省,320000,2021,936367879
江西省,360000,2021,252422344.1
辽宁省,210000,2021,467131431.7
内蒙古自治区,150000,2021,728470939.3
宁夏回族自治区,640000,2021,188879868.4
青海省,630000,2021,84550523.4
山东省,370000,2021,1178087737
山西省,140000,2021,579007295.7
陕西省,610000,2021,384606805.3
上海市,310000,2021,202709667.9
四川省,510000,2021,268385937.1
台湾省,710000,2021,206849496.3
天津市,120000,2021,144835939.7
西藏自治区,540000,2021,26450750.18
香港特别行政区,810000,2021,30026530.34
新疆维吾尔自治区,650000,2021,482794940.9
云南省,530000,2021,219190745.8
浙江省,330000,2021,425847150.8
重庆市,500000,2021,170228892.5
安徽省,340000,2022,520912330.6
澳门特别行政区,820000,2022,2665385.519
北京市,110000,2022,77157245.19
福建省,350000,2022,267029803.7
甘肃省,620000,2022,225000927.6
广东省,440000,2022,634197577.8
广西壮族自治区,450000,2022,351706953.2
贵州省,520000,2022,225588087.3
海南省,460000,2022,50769413.96
河北省,130000,2022,786684018.2
河南省,410000,2022,713191350.2
黑龙江省,230000,2022,203734318.9
湖北省,420000,2022,503020384.4
湖南省,430000,2022,274691729.3
吉林省,220000,2022,160051499.7
江苏省,320000,2022,919149783.2
江西省,360000,2022,262287917.2
辽宁省,210000,2022,458989463.3
内蒙古自治区,150000,2022,757028723
宁夏回族自治区,640000,2022,191617159.6
青海省,630000,2022,85118819.98
山东省,370000,2022,1146652057
山西省,140000,2022,589578338.1
陕西省,610000,2022,385799154.6
上海市,310000,2022,196101244.4
四川省,510000,2022,263363191.4
台湾省,710000,2022,198976353.7
天津市,120000,2022,143018498.1
西藏自治区,540000,2022,25467563.56
香港特别行政区,810000,2022,27738628.2
新疆维吾尔自治区,650000,2022,484931166.4
云南省,530000,2022,212591576.9
浙江省,330000,2022,414972485.6
重庆市,500000,2022,169049683.2
安徽省,340000,2023,546920399.2
澳门特别行政区,820000,2023,2705838.875
北京市,110000,2023,82272659.93
福建省,350000,2023,275303145.3
甘肃省,620000,2023,246083672.9
广东省,440000,2023,690722545.8
广西壮族自治区,450000,2023,371606525
贵州省,520000,2023,233239900
海南省,460000,2023,52930816.97
河北省,130000,2023,810303188.5
河南省,410000,2023,736854465.7
黑龙江省,230000,2023,214795337.2
湖北省,420000,2023,544823400.2
湖南省,430000,2023,298513888.9
吉林省,220000,2023,170404483.8
江苏省,320000,2023,963665851.7
江西省,360000,2023,273116317.6
辽宁省,210000,2023,478343612.6
内蒙古自治区,150000,2023,837966687.8
宁夏回族自治区,640000,2023,201084696.6
青海省,630000,2023,92762593.03
山东省,370000,2023,1177673402
山西省,140000,2023,629094764.2
陕西省,610000,2023,427613190.9
上海市,310000,2023,205270742.6
四川省,510000,2023,278601939.3
台湾省,710000,2023,193111651.6
天津市,120000,2023,151678325.1
西藏自治区,540000,2023,27146987.21
香港特别行政区,810000,2023,29269513.81
新疆维吾尔自治区,650000,2023,522624165.4
云南省,530000,2023,224286167.5
浙江省,330000,2023,441801707.7
重庆市,500000,2023,181041879.5