co2_emissions,gdp,green_invention_patents,green_utility_patents,credit,bond,investment,insurance,equity,fund,carbon_finance
71538175.19,4880,98,109,0.024,0.067,0.12,0.007,0.034,0.03,6.212
69645920.86,5348.1,165,202,0.024,0.069,0.095,0.011,0.037,0.03,6.25
80866286.07,5908.1,272,230,0.025,0.076,0.101,0.01,0.038,0.035,5.533
92319351.45,6952.5,382,254,0.024,0.079,0.116,0.009,0.04,0.037,4.827
108254088.2,8309.4,451,354,0.025,0.084,0.081,0.013,0.04,0.039,4.367
115370448,9398.8,689,474,0.027,0.083,0.095,0.015,0.045,0.039,3.923
124628480,10825.4,903,503,0.028,0.091,0.077,0.015,0.045,0.039,3.814
127207432,13179.8,1210,646,0.034,0.095,0.073,0.009,0.051,0.043,3.074
133276677.8,14877.1,1433,944,0.032,0.099,0.082,0.012,0.053,0.047,2.955
149620546.7,16181.4,1731,1313,0.031,0.098,0.069,0.018,0.049,0.043,2.706
167517170.3,18319.6,2107,1547,0.034,0.098,0.056,0.026,0.054,0.045,2.609
174438236.8,20406.1,2435,1793,0.037,0.111,0.064,0.024,0.054,0.047,2.51
179224048.6,21774.9,2797,2113,0.035,0.106,0.066,0.024,0.055,0.048,2.305
181945393.6,23809.4,3216,1995,0.04,0.109,0.059,0.022,0.059,0.051,2.356
186258094.7,25964.5,3433,2338,0.036,0.115,0.072,0.031,0.057,0.05,2.191
193922502.3,27821.6,4423,3043,0.04,0.121,0.065,0.038,0.061,0.057,1.965
181333613.2,30963.9,5144,3798,0.04,0.128,0.052,0.055,0.064,0.059,1.789
183883762.2,34378.3,6228,4934,0.037,0.121,0.05,0.078,0.063,0.059,1.849
188922189.7,37769.1,7335,5421,0.041,0.131,0.057,0.08,0.071,0.062,1.813
196674965.8,40241.2,8838,7331,0.047,0.141,0.059,0.071,0.072,0.068,1.514
193113587.5,41603.9,10179,9166,0.052,0.143,0.063,0.069,0.078,0.064,1.566
202709667.9,47059.4,11437,8842,0.049,0.151,0.052,0.056,0.078,0.066,1.431
196101244.4,48594.5,11055,7100,0.049,0.156,0.053,0.057,0.079,0.066,1.391
205270742.6,51404.5,11219,7742,0.05,0.152,0.053,0.058,0.08,0.065,1.321
72648407.07,2052.3,27,40,0.025,0.068,0.261,0.015,0.034,0.033,4.057
75648291.05,2186.4,42,30,0.027,0.076,0.229,0.016,0.037,0.032,3.023
79207724.23,2392,46,43,0.027,0.077,0.27,0.019,0.04,0.036,3.422
94204005.04,2673.6,66,47,0.027,0.077,0.228,0.019,0.041,0.034,3.063
109501158.9,3185.3,59,38,0.026,0.082,0.215,0.027,0.044,0.036,1.645
119960510,3553.3,90,38,0.028,0.086,0.275,0.02,0.047,0.041,1.784
142414875.3,4157.7,97,73,0.033,0.088,0.221,0.018,0.045,0.042,1.99
161465059.9,5166,107,62,0.028,0.094,0.189,0.015,0.049,0.043,1.78
165360706.5,6120.6,163,114,0.035,0.097,0.185,0.029,0.05,0.048,1.309
170803511.1,6690.2,172,146,0.031,0.097,0.152,0.043,0.052,0.045,1.218
181827081.4,7869.9,236,182,0.033,0.1,0.14,0.042,0.053,0.045,1.279
197174329.7,9666.2,264,230,0.033,0.102,0.139,0.042,0.056,0.049,0.721
212927885.9,11266.3,361,302,0.041,0.114,0.127,0.043,0.061,0.054,0.786
222280623.6,13027,413,358,0.038,0.11,0.115,0.051,0.06,0.052,0.861
219311997.2,14275.1,557,574,0.043,0.119,0.128,0.048,0.061,0.053,0.718
214986350.3,15358.6,706,773,0.04,0.124,0.11,0.054,0.065,0.054,0.684
210642417.6,16773.6,973,1016,0.039,0.117,0.102,0.054,0.058,0.053,0.612
212542299.1,18864.6,1094,1448,0.041,0.138,0.134,0.07,0.069,0.064,0.575
217358232.5,21427.5,1362,1881,0.043,0.135,0.106,0.065,0.072,0.057,0.747
216829878.7,23902.1,1378,1861,0.041,0.138,0.091,0.074,0.068,0.061,0.517
215735429.4,25214.5,1584,2672,0.044,0.132,0.08,0.056,0.071,0.06,0.554
219190745.8,27895.3,1585,2390,0.048,0.142,0.077,0.049,0.077,0.062,0.479
212591576.9,29301.1,1919,2416,0.047,0.146,0.077,0.05,0.075,0.062,0.432
224286167.5,30595.8,2319,2532,0.048,0.146,0.076,0.05,0.075,0.061,0.401
140109202.8,1551.3,11,21,0.024,0.071,0.364,0.032,0.037,0.033,3.523
142679832.3,1729.5,15,27,0.024,0.07,0.322,0.032,0.038,0.03,4.075
156339684.1,1959.7,12,28,0.026,0.078,0.311,0.028,0.04,0.035,2.772
193669046.1,2415.1,15,36,0.026,0.082,0.282,0.032,0.04,0.038,3.44
228895004.3,2976.2,30,31,0.029,0.083,0.226,0.022,0.042,0.039,2.543
275958206,3562.7,23,39,0.028,0.088,0.261,0.027,0.047,0.038,1.973
328438311.5,4212.3,37,48,0.03,0.085,0.168,0.032,0.044,0.041,1.749
386697371.9,5239.6,43,42,0.033,0.095,0.17,0.03,0.05,0.046,1.508
397196539.4,6352.4,35,50,0.033,0.093,0.126,0.042,0.047,0.041,1.26
408871292.1,7227,37,73,0.037,0.106,0.125,0.041,0.053,0.045,0.784
464827282.6,8342.1,62,85,0.032,0.107,0.09,0.046,0.052,0.047,0.847
513846056.4,9610.8,97,117,0.034,0.109,0.11,0.052,0.055,0.051,0.817
523005877.2,10638.9,87,166,0.038,0.113,0.078,0.063,0.059,0.049,0.636
551492270.4,11584.9,174,185,0.04,0.117,0.087,0.049,0.064,0.053,0.641
542966399.2,12377.3,183,272,0.034,0.116,0.093,0.057,0.056,0.055,0.646
536320079.4,13062.7,241,392,0.039,0.126,0.084,0.076,0.061,0.054,0.407
545922001,13879,282,492,0.042,0.126,0.086,0.056,0.067,0.055,0.479
577613927,15009.9,313,808,0.04,0.127,0.12,0.056,0.069,0.056,0.82
604939346.3,16252.9,518,1002,0.046,0.135,0.113,0.061,0.074,0.065,0.688
635633195,17479.4,637,1469,0.047,0.137,0.127,0.057,0.074,0.061,0.895
652283065.7,17623.4,710,1865,0.042,0.131,0.109,0.059,0.065,0.057,0.918
728470939.3,21584.8,851,1750,0.046,0.144,0.108,0.042,0.07,0.066,0.464
757028723,23795.7,966,1790,0.047,0.142,0.108,0.043,0.071,0.065,0.465
837966687.8,25020.5,1374,2160,0.047,0.146,0.108,0.044,0.07,0.064,0.487
43133076.5,3328,425,297,0.022,0.068,0.238,0.01,0.035,0.032,12.104
43311434.79,3935.4,425,304,0.023,0.072,0.155,0.01,0.039,0.031,8.844
45715663.79,4634.9,594,363,0.025,0.078,0.155,0.011,0.038,0.035,7.485
49524960.71,5400.1,715,378,0.025,0.076,0.128,0.012,0.04,0.034,6.578
54575775.19,6424.1,785,391,0.029,0.081,0.108,0.017,0.039,0.037,6.016
60665551.72,7327.4,1047,435,0.027,0.084,0.117,0.013,0.043,0.038,5.169
63899288.38,8618.9,1228,620,0.03,0.091,0.109,0.014,0.05,0.039,4.857
63753557.37,10730.4,1638,712,0.033,0.099,0.104,0.016,0.05,0.047,4.002
63535280.7,12167.6,2444,1074,0.034,0.101,0.107,0.016,0.052,0.049,3.755
66557701.46,13335.7,2728,1545,0.033,0.102,0.106,0.025,0.054,0.048,3.768
72923448.49,15420.2,3450,1795,0.033,0.11,0.096,0.024,0.058,0.052,3.134
75572433.96,17653.3,4394,2288,0.038,0.107,0.082,0.037,0.056,0.047,2.912
78344338.98,19568.3,5238,2886,0.035,0.112,0.083,0.042,0.061,0.051,2.586
78136552.06,21746,7547,4652,0.039,0.112,0.075,0.063,0.06,0.049,2.344
79475485.6,23577.5,9325,5428,0.041,0.122,0.083,0.073,0.066,0.056,2.301
80420685.95,26034.1,10666,6034,0.037,0.119,0.064,0.122,0.058,0.052,2.371
74134216.64,28438.7,12050,6585,0.039,0.121,0.074,0.145,0.062,0.052,2.088
76233830.49,31325.9,13973,7179,0.047,0.128,0.074,0.183,0.071,0.057,2.063
77704186.72,35161.4,17238,7673,0.049,0.138,0.077,0.139,0.075,0.059,1.923
78044413.08,37767,17833,7536,0.047,0.128,0.058,0.1,0.064,0.057,1.657
77630137.1,38503.6,19783,9047,0.045,0.14,0.064,0.091,0.072,0.065,1.734
80102176.49,44350.7,23679,8318,0.052,0.14,0.047,0.073,0.071,0.066,1.441
77157245.19,45222.4,26278,7540,0.051,0.138,0.048,0.073,0.071,0.066,1.442
82272659.93,47353.7,25516,6753,0.051,0.135,0.047,0.074,0.07,0.068,1.416
60578928.07,1769.2,43,72,0.024,0.073,0.327,0.014,0.036,0.033,7.988
65226914.92,1921.7,47,46,0.025,0.071,0.241,0.014,0.034,0.033,7.668
70295081.5,2067.3,47,75,0.025,0.077,0.244,0.016,0.042,0.036,6.211
77726607.62,2169.7,64,69,0.025,0.083,0.276,0.019,0.044,0.037,6.278
84110452.24,2487.7,47,72,0.028,0.08,0.267,0.021,0.041,0.038,5.633
92283947.8,2810.1,67,94,0.029,0.087,0.252,0.019,0.046,0.043,5.03
98020505.65,3271.5,78,87,0.03,0.092,0.24,0.019,0.046,0.039,4.453
106402294.4,4134.7,112,124,0.03,0.095,0.212,0.014,0.048,0.045,3.616
102254998.8,4905.4,125,151,0.031,0.098,0.161,0.022,0.051,0.045,2.936
120920656.4,5515.3,166,239,0.032,0.103,0.182,0.024,0.052,0.049,2.438
137894748.2,6505.9,215,211,0.036,0.106,0.151,0.032,0.053,0.051,2.634
153019050.1,7857.7,218,229,0.033,0.101,0.101,0.042,0.056,0.046,1.899
155707615.3,8831.3,278,258,0.036,0.112,0.106,0.05,0.055,0.051,1.849
158632916.9,9608.6,302,264,0.039,0.114,0.101,0.06,0.058,0.056,2.003
158808834.5,10077,369,342,0.035,0.116,0.105,0.059,0.061,0.052,1.559
152188368.2,10162.9,451,502,0.038,0.129,0.11,0.046,0.067,0.055,1.81
149386010.1,10603.5,579,595,0.038,0.119,0.127,0.048,0.061,0.054,1.684
150666328,11083,791,798,0.046,0.137,0.113,0.046,0.07,0.061,1.687
159117710.1,11437.4,917,861,0.042,0.131,0.144,0.039,0.066,0.058,1.839
159133429.3,11949.4,1136,1124,0.042,0.132,0.147,0.051,0.065,0.061,2.514
157648580.5,12499.5,1228,1358,0.05,0.144,0.166,0.039,0.069,0.061,2.361
162555518.4,13431.1,1324,1456,0.051,0.149,0.178,0.032,0.079,0.072,2.312
160051499.7,13121.4,1860,1101,0.051,0.147,0.18,0.033,0.08,0.073,2.502
170404483.8,13942.7,2082,1123,0.051,0.147,0.18,0.033,0.08,0.073,2.572
108654585.9,3975.6,59,85,0.023,0.072,0.122,0.019,0.038,0.031,3.914
111107719.6,4350.5,63,87,0.027,0.076,0.149,0.02,0.04,0.032,3.316
115845806.2,4790.5,103,119,0.029,0.077,0.147,0.02,0.039,0.035,3.29
126520730.6,5422.7,95,123,0.03,0.083,0.126,0.026,0.041,0.04,2.718
144673797.8,6395.8,99,148,0.029,0.081,0.124,0.019,0.045,0.039,2.66
168215305.3,7287.4,152,174,0.029,0.088,0.116,0.029,0.046,0.039,2.424
187790383.1,8602.1,243,299,0.03,0.086,0.09,0.029,0.046,0.037,2.064
209899226.4,10694.5,257,282,0.03,0.094,0.098,0.034,0.048,0.044,1.826
210783247.9,12941.4,280,392,0.034,0.101,0.084,0.038,0.053,0.044,1.466
217217775.4,14396.2,435,645,0.034,0.099,0.086,0.055,0.055,0.048,1.579
227612295.4,17466.7,630,941,0.036,0.105,0.077,0.057,0.056,0.046,1.107
255342619,21313.1,786,1095,0.033,0.106,0.063,0.053,0.056,0.047,0.941
260054191.3,24224.9,1430,1886,0.039,0.109,0.051,0.063,0.054,0.051,0.928
267196246.6,26858.4,1755,1727,0.036,0.114,0.063,0.059,0.057,0.053,0.909
264785405.2,29357.5,2074,2020,0.035,0.114,0.05,0.064,0.056,0.054,0.933
258202581.2,30829.1,3623,3114,0.04,0.125,0.06,0.064,0.062,0.054,0.863
253662732.9,33879.2,5039,3506,0.044,0.133,0.049,0.054,0.067,0.062,0.735
253441542.5,38517.1,6250,4901,0.044,0.128,0.052,0.064,0.069,0.059,0.742
257759074.9,43539,6080,4892,0.044,0.126,0.044,0.091,0.064,0.056,0.593
253486126.2,47168.6,4264,5782,0.048,0.135,0.04,0.091,0.074,0.062,0.607
249253774.6,49445.1,4778,7520,0.052,0.143,0.047,0.092,0.077,0.065,0.647
268385937.1,55131.3,4659,5716,0.044,0.145,0.046,0.067,0.073,0.07,0.495
263363191.4,57609.4,5351,5154,0.044,0.141,0.046,0.068,0.073,0.07,0.515
278601939.3,61353.4,5906,5507,0.044,0.143,0.046,0.068,0.073,0.07,0.529
47741953.04,1608.4,32,81,0.021,0.066,0.308,0.002,0.036,0.032,9.74
51193703.78,1778.3,40,78,0.026,0.075,0.322,0.002,0.039,0.036,7.846
53101506.55,1952.3,73,83,0.026,0.078,0.251,0.003,0.039,0.033,7.704
57383888.99,2288.7,219,127,0.028,0.079,0.259,0.004,0.043,0.038,5.988
62326363.59,2663.3,143,114,0.026,0.082,0.206,0.004,0.042,0.038,5.735
81987471.61,3203.6,173,125,0.026,0.084,0.194,0.004,0.042,0.037,3.905
83839460.98,3592.5,284,210,0.029,0.091,0.176,0.004,0.048,0.039,3.931
85655154.76,4229.8,354,293,0.033,0.093,0.185,0.003,0.047,0.041,3.892
88093846.08,5278.3,290,285,0.033,0.096,0.176,0.006,0.051,0.046,3.322
106989661.5,5828.6,419,423,0.032,0.099,0.154,0.007,0.051,0.044,2.434
118707038,6991.6,535,555,0.036,0.105,0.111,0.013,0.053,0.047,2.012
123786522.2,8240.8,791,811,0.034,0.104,0.105,0.015,0.052,0.048,1.912
125890653.6,9193,1109,1210,0.041,0.11,0.121,0.017,0.059,0.05,1.771
129313933,10075.2,1576,1398,0.04,0.119,0.105,0.022,0.062,0.05,1.757
133682904.5,10749.2,1570,1775,0.037,0.12,0.113,0.026,0.06,0.057,1.587
128492738.9,10889.2,2414,3025,0.037,0.117,0.084,0.026,0.065,0.052,1.331
124757728.4,11487,3245,3472,0.038,0.128,0.09,0.022,0.067,0.057,1.57
125890652.3,12468.2,2673,4121,0.045,0.132,0.104,0.044,0.069,0.063,1.538
136320006.2,13411.1,2807,4321,0.046,0.129,0.081,0.024,0.065,0.057,1.404
142040963.6,14097.2,2693,4720,0.05,0.139,0.163,0.078,0.072,0.064,1.876
139935786.1,14230.8,2610,6132,0.043,0.131,0.125,0.02,0.067,0.059,1.748
144835939.7,16093.2,2538,4153,0.048,0.141,0.123,0.017,0.076,0.063,1.707
143018498.1,16588.5,2548,3564,0.047,0.14,0.122,0.017,0.076,0.063,1.597
151678325.1,17211.8,2754,3521,0.047,0.14,0.123,0.017,0.075,0.063,1.513
31782303.35,297.7,8,8,0.022,0.071,2.185,0.004,0.035,0.03,27.819
32949584.48,341.5,11,10,0.024,0.073,1.84,0.005,0.037,0.035,17.55
37258514.68,381.8,5,9,0.026,0.077,1.75,0.005,0.037,0.036,22.714
44936720.58,448.4,7,8,0.03,0.084,1.703,0.005,0.043,0.039,16.443
51104224,527.3,6,13,0.03,0.083,1.37,0.005,0.043,0.04,12.573
56099787.56,587.2,2,19,0.028,0.083,1.371,0.005,0.046,0.037,11.28
70225417.48,691.6,16,17,0.032,0.091,1.371,0.006,0.049,0.042,8.725
76330668.55,887.9,6,17,0.032,0.095,1.086,0.007,0.05,0.042,7.726
75427806.34,1153.7,16,20,0.031,0.095,0.889,0.009,0.048,0.043,8.01
82026356.72,1284.8,12,23,0.037,0.103,0.921,0.009,0.055,0.047,6.772
107014483.7,1595.3,31,39,0.036,0.097,0.67,0.017,0.05,0.044,6.935
126847172.8,1959.3,41,39,0.036,0.107,0.649,0.018,0.053,0.051,5.008
124387524.5,2162,66,73,0.035,0.109,0.503,0.016,0.06,0.052,2.772
128478800.2,2364.9,166,92,0.039,0.121,0.543,0.012,0.06,0.055,3.505
125261185,2516.4,115,105,0.036,0.118,0.577,0.014,0.06,0.056,3.36
120370764.8,2644.7,126,156,0.041,0.114,0.558,0.02,0.061,0.052,3.459
122322237.2,2853.3,158,297,0.043,0.128,0.646,0.014,0.063,0.056,3.19
142427148.1,3271.6,203,414,0.043,0.138,0.51,0.023,0.069,0.062,2.153
154912319.7,3580.6,345,564,0.044,0.131,0.576,0.023,0.067,0.056,2.422
174003965.4,3841.5,320,610,0.045,0.133,0.462,0.019,0.069,0.061,2.145
174305461.3,4036.2,425,916,0.044,0.145,0.518,0.015,0.069,0.063,2.926
188879868.4,4666.5,454,885,0.047,0.142,0.453,0.014,0.07,0.067,2.508
191617159.6,5168.1,520,859,0.047,0.146,0.455,0.014,0.07,0.066,2.47
201084696.6,5368.8,601,912,0.046,0.144,0.454,0.015,0.072,0.065,2.579
144342900.7,3162.3,26,34,0.024,0.068,0.19,0.013,0.037,0.033,4.887
152599784.5,3547.7,22,37,0.023,0.072,0.166,0.015,0.037,0.033,4.27
159799154.3,3882.3,31,54,0.023,0.072,0.144,0.019,0.04,0.034,4.868
177350080.1,4375,47,80,0.025,0.079,0.174,0.012,0.039,0.036,4.24
197213866.2,5210.9,42,59,0.029,0.087,0.171,0.015,0.043,0.041,3.333
226390503,5761.7,88,82,0.028,0.09,0.167,0.015,0.045,0.04,3.171
248580760,6602.6,101,128,0.029,0.09,0.151,0.022,0.05,0.044,2.986
285447471.3,8078,143,124,0.029,0.093,0.107,0.017,0.051,0.045,2.596
322314417.6,9691.2,210,192,0.032,0.092,0.118,0.025,0.046,0.043,2.477
334870311.6,11063.3,339,385,0.036,0.104,0.119,0.025,0.053,0.046,2.109
358503105.6,13474.6,431,707,0.035,0.103,0.073,0.031,0.053,0.044,1.605
389163956.8,16532.7,672,996,0.034,0.107,0.071,0.034,0.058,0.046,1.264
402870381.9,18613.7,1046,1677,0.037,0.107,0.081,0.048,0.054,0.047,1.28
432133808.6,20888.2,1451,1669,0.036,0.111,0.069,0.042,0.056,0.049,1.062
439745963.8,22880.7,2301,2060,0.038,0.119,0.08,0.045,0.061,0.053,0.999
444211403.6,24142.7,3838,3038,0.04,0.115,0.075,0.056,0.056,0.055,0.96
447562126,26801.2,6267,3349,0.04,0.126,0.064,0.045,0.065,0.059,1.036
453812967.8,30141.8,7352,3975,0.038,0.123,0.061,0.08,0.067,0.06,0.883
492192397.8,34377.3,9553,4335,0.043,0.131,0.062,0.075,0.067,0.059,0.766
493113574,37584.8,6000,5472,0.046,0.138,0.052,0.109,0.073,0.068,0.645
491921365.1,38628.8,7276,7019,0.046,0.144,0.05,0.065,0.07,0.066,0.696
517951754.2,43102.8,6509,6788,0.042,0.139,0.049,0.071,0.075,0.062,0.748
520912330.6,45525.1,6948,7150,0.043,0.142,0.05,0.071,0.075,0.062,0.662
546920399.2,48227.5,7529,7585,0.043,0.144,0.05,0.071,0.074,0.062,0.585
384095327.3,8348.5,106,241,0.025,0.07,0.065,0.023,0.036,0.032,2.396
403922520.8,9172.3,151,260,0.026,0.076,0.055,0.023,0.039,0.033,2.601
450278097.7,10192.6,130,362,0.024,0.077,0.069,0.026,0.038,0.037,2.16
549374220.2,11028,188,375,0.027,0.077,0.054,0.021,0.04,0.035,2.066
623612538.1,13456.2,201,337,0.029,0.079,0.049,0.026,0.044,0.036,1.87
673934531.5,16120.9,308,469,0.029,0.088,0.051,0.03,0.045,0.042,1.459
736411950.3,19184,430,612,0.029,0.087,0.037,0.023,0.045,0.04,1.309
781165657.9,22994.5,545,869,0.032,0.096,0.034,0.02,0.049,0.043,1.125
795067085.4,27460.2,746,1041,0.035,0.098,0.036,0.032,0.051,0.046,1.061
840164781.3,29957.2,956,1464,0.03,0.1,0.026,0.033,0.051,0.044,0.856
888233588,34429.4,1220,1990,0.038,0.103,0.029,0.059,0.053,0.05,0.886
949154573.9,39622,1578,2384,0.033,0.103,0.026,0.054,0.051,0.044,0.684
975769063,43584.3,2593,2951,0.035,0.107,0.023,0.065,0.052,0.05,0.754
1027827623,48058.1,3620,2906,0.035,0.112,0.022,0.087,0.055,0.047,0.671
1036199633,51552.7,4187,3759,0.037,0.12,0.029,0.062,0.063,0.052,0.638
1042331762,56159.1,5144,5312,0.043,0.125,0.024,0.082,0.06,0.06,0.653
1062190662,59702.6,5982,6900,0.042,0.127,0.03,0.104,0.065,0.061,0.599
1074950876,63958.6,6264,8019,0.04,0.127,0.025,0.094,0.063,0.058,0.572
1110236768,67864.4,6752,8333,0.043,0.135,0.029,0.107,0.072,0.062,0.5
1137954077,72024.3,6999,11974,0.043,0.131,0.023,0.125,0.063,0.056,0.655
1148726669,74355.9,8463,16318,0.043,0.132,0.022,0.108,0.068,0.057,0.553
1178087737,84838,8567,16182,0.047,0.137,0.025,0.09,0.073,0.064,0.493
1146652057,89519.4,9608,14282,0.047,0.139,0.025,0.09,0.073,0.063,0.514
1177673402,94206.4,11072,14826,0.048,0.139,0.024,0.089,0.074,0.063,0.532
165876878.5,1861.9,30,40,0.021,0.067,0.279,0.021,0.034,0.033,8.782
173419965.7,2049,30,34,0.022,0.072,0.244,0.02,0.038,0.032,7.27
199129088.3,2348.2,39,42,0.023,0.072,0.253,0.019,0.037,0.034,6.991
227608100.8,2884,35,45,0.025,0.081,0.246,0.029,0.044,0.035,5.288
259195835.4,3533.1,38,47,0.026,0.088,0.207,0.026,0.043,0.039,4.689
313274691,4118,53,71,0.03,0.089,0.193,0.028,0.046,0.039,3.904
338823362.9,4758.7,83,107,0.03,0.091,0.23,0.022,0.048,0.045,4.121
369838816.3,5991.9,92,116,0.029,0.096,0.161,0.023,0.051,0.044,3.541
381437919.4,7295.8,101,180,0.031,0.094,0.147,0.031,0.049,0.044,2.816
418635254.2,7231.2,175,234,0.037,0.105,0.15,0.032,0.055,0.045,3.082
448659477.4,9004.5,196,275,0.031,0.103,0.126,0.037,0.054,0.046,2.418
495650066.9,11005.1,248,282,0.04,0.114,0.128,0.037,0.06,0.05,2.184
518496390.5,11819.7,343,422,0.037,0.112,0.118,0.035,0.061,0.049,1.82
535790938.2,12171.8,405,507,0.036,0.119,0.109,0.042,0.059,0.05,1.687
525515876,12307,479,529,0.04,0.114,0.115,0.035,0.057,0.054,1.92
504833116.1,12036.1,452,636,0.041,0.113,0.123,0.042,0.059,0.051,1.788
501151417.2,12160.1,592,750,0.041,0.124,0.104,0.04,0.063,0.059,1.904
506536389.1,14679.1,725,1072,0.04,0.12,0.105,0.045,0.066,0.053,1.454
522573042.6,16153.1,980,1133,0.045,0.129,0.105,0.06,0.065,0.064,1.792
529401520.2,17311,947,1825,0.046,0.135,0.106,0.09,0.069,0.06,1.583
530238223.4,18202.7,1117,2397,0.047,0.137,0.107,0.099,0.071,0.061,1.78
579007295.7,23087.8,1130,2023,0.052,0.139,0.1,0.082,0.077,0.065,1.147
589578338.1,25653.2,1232,1789,0.051,0.137,0.1,0.081,0.076,0.065,1.073
629094764.2,26050.8,1543,1941,0.052,0.138,0.098,0.08,0.076,0.066,1.134
89410303.8,1823.3,34,53,0.024,0.072,0.347,0.02,0.036,0.032,13.956
93520959.33,2034.1,29,65,0.025,0.077,0.301,0.017,0.04,0.032,10.664
100035344.8,2281.1,44,91,0.026,0.076,0.284,0.028,0.039,0.033,10.497
114939673.5,2618.8,95,99,0.027,0.078,0.284,0.026,0.042,0.036,9.882
132745839.6,3178.4,83,86,0.029,0.085,0.279,0.022,0.046,0.039,7.798
155551894.4,3857.4,108,110,0.03,0.085,0.186,0.029,0.043,0.038,6.66
165371253.1,4642.1,141,117,0.03,0.088,0.17,0.022,0.043,0.041,5.674
195688075.5,5739.7,201,164,0.032,0.092,0.173,0.025,0.047,0.04,4.775
216817366.6,7256.8,313,230,0.033,0.101,0.125,0.029,0.052,0.042,4.403
233338472.3,8094.9,609,364,0.037,0.105,0.13,0.032,0.056,0.046,3.74
251726499.8,9973,788,547,0.034,0.099,0.106,0.039,0.05,0.044,3.168
279156526.4,12320.1,1253,574,0.036,0.106,0.101,0.044,0.055,0.05,2.534
278889075.5,14311.5,1766,1052,0.036,0.116,0.113,0.042,0.059,0.052,2.377
296454483.6,16106.3,1949,1181,0.036,0.109,0.077,0.053,0.058,0.05,2.245
293576358.9,17635.6,1834,1160,0.042,0.121,0.091,0.046,0.066,0.054,2.251
297184972.4,18188.3,1413,1589,0.038,0.124,0.093,0.064,0.064,0.056,2.04
295280449.9,19354.6,1736,1814,0.042,0.122,0.082,0.047,0.061,0.059,2.172
298113446.5,21776.1,3575,2315,0.041,0.124,0.085,0.055,0.063,0.056,1.777
327794510.8,24354.8,3121,2424,0.043,0.134,0.08,0.065,0.074,0.062,1.72
347842949.6,26214.5,3715,3517,0.042,0.13,0.068,0.103,0.069,0.06,1.57
360443411.2,26297,3851,4841,0.046,0.132,0.084,0.077,0.066,0.058,1.558
384606805.3,30476.6,4160,4224,0.045,0.136,0.072,0.066,0.071,0.061,1.503
385799154.6,33035.6,4369,4064,0.045,0.134,0.07,0.066,0.072,0.06,1.472
427613190.9,33976.5,4572,4356,0.047,0.137,0.071,0.066,0.073,0.06,1.53
243059512.2,10958.4,116,222,0.022,0.066,0.05,0.01,0.034,0.03,2.919
252345786.4,12319.2,153,287,0.023,0.069,0.047,0.01,0.036,0.03,2.754
265486402.1,13848.6,232,360,0.025,0.079,0.051,0.011,0.041,0.037,2.517
305345034.3,16286.6,321,505,0.027,0.078,0.043,0.011,0.04,0.036,2.206
348366777.7,18994,461,592,0.03,0.083,0.04,0.011,0.042,0.041,1.973
371462010.5,22366.1,695,785,0.028,0.088,0.041,0.016,0.049,0.041,1.657
383360096.6,26403.1,970,954,0.029,0.094,0.039,0.015,0.05,0.042,1.446
392957070.6,32308.5,1155,1181,0.028,0.089,0.028,0.014,0.048,0.043,1.27
397043715.1,37351.5,1479,1511,0.031,0.094,0.024,0.023,0.046,0.042,1.108
420275364.5,40215.7,2240,1986,0.031,0.094,0.021,0.054,0.052,0.046,1.162
462201726.2,46821.3,2797,2859,0.033,0.104,0.024,0.101,0.053,0.047,0.962
519080536.8,54009.6,3175,3497,0.034,0.109,0.021,0.111,0.055,0.047,0.893
528102851,58057.6,4223,4524,0.04,0.114,0.024,0.095,0.061,0.051,0.822
551722950.7,63757.3,5493,5053,0.039,0.111,0.02,0.123,0.059,0.049,0.776
552862327.2,69593.4,5926,6277,0.04,0.112,0.022,0.1,0.057,0.05,0.729
546155407.9,75820.8,8161,9119,0.04,0.124,0.021,0.126,0.062,0.052,0.749
548850883.3,83493.4,12767,12327,0.039,0.125,0.021,0.115,0.064,0.057,0.683
550385185.1,93004.8,17502,18834,0.039,0.126,0.019,0.18,0.065,0.058,0.605
571610771.8,101875.9,22807,21962,0.042,0.137,0.02,0.199,0.073,0.064,0.587
578728114.7,110468.1,21191,25154,0.041,0.133,0.019,0.269,0.069,0.062,0.547
600455997.4,113708.9,22988,31283,0.049,0.148,0.02,0.166,0.076,0.065,0.548
640688595.7,127577.4,25518,26552,0.048,0.143,0.019,0.172,0.074,0.061,0.517
634197577.8,132547.1,25260,23173,0.049,0.139,0.019,0.17,0.074,0.06,0.457
690722545.8,137905.4,26996,21662,0.049,0.137,0.02,0.167,0.073,0.061,0.396
94638537.65,2096.7,22,41,0.02,0.065,0.213,0.008,0.033,0.031,9.822
99131711.52,2302.8,25,33,0.023,0.074,0.301,0.008,0.038,0.036,9.386
104441868.3,2552.8,37,48,0.026,0.072,0.211,0.011,0.036,0.035,9.932
119919257.2,2833.6,37,44,0.027,0.076,0.217,0.01,0.039,0.035,9.751
147368503.6,3348.9,38,59,0.028,0.083,0.223,0.013,0.044,0.038,7.77
166502112.2,3789.5,57,70,0.028,0.084,0.207,0.009,0.042,0.037,6.648
178175351.7,4479.8,52,79,0.032,0.091,0.235,0.014,0.046,0.043,6.203
212773709,5556.4,86,90,0.029,0.092,0.172,0.007,0.05,0.04,4.796
215478454,6561.9,109,90,0.029,0.091,0.149,0.014,0.046,0.045,4.743
231890162.2,7243.4,124,105,0.036,0.101,0.15,0.027,0.053,0.046,4.324
245827226.4,8712,186,168,0.037,0.106,0.127,0.03,0.055,0.049,3.517
270331736.2,10472.7,247,187,0.034,0.102,0.083,0.026,0.051,0.046,2.851
288017884.9,11496.6,616,327,0.035,0.109,0.102,0.029,0.057,0.051,2.879
296261237,12680.6,997,389,0.04,0.109,0.087,0.027,0.054,0.048,2.432
299701114.7,13856.7,1554,507,0.038,0.123,0.092,0.029,0.062,0.052,2.474
293584696.5,15030.2,1988,639,0.038,0.119,0.092,0.042,0.063,0.052,2.265
309446125.6,16417.2,2812,727,0.038,0.122,0.08,0.038,0.062,0.054,2.068
312652722.9,18071.7,2812,1069,0.043,0.124,0.102,0.03,0.062,0.055,2.331
322487515.5,19951.7,1872,1260,0.048,0.138,0.113,0.031,0.072,0.063,1.943
322055421.5,21341.5,1275,1510,0.047,0.134,0.096,0.033,0.071,0.064,2.185
333517935,22250.7,1575,2001,0.044,0.14,0.098,0.036,0.076,0.067,2.122
350229253.8,25311.5,1747,1700,0.045,0.144,0.084,0.025,0.07,0.062,1.898
351706953.2,26419.7,1870,1586,0.045,0.147,0.085,0.025,0.068,0.063,1.788
371606525,27501.7,1989,1445,0.045,0.151,0.085,0.024,0.069,0.065,1.731
69036445.42,1374.1,12,27,0.023,0.067,0.357,0.011,0.033,0.03,2.993
73178228.91,1506,16,26,0.021,0.072,0.398,0.01,0.036,0.032,5.136
77913871.28,1630.5,12,38,0.028,0.081,0.488,0.013,0.042,0.036,3.026
90159507.15,1909.3,26,40,0.028,0.082,0.348,0.012,0.043,0.037,4.702
104182146.6,2193.2,15,24,0.029,0.087,0.375,0.011,0.046,0.038,2.336
115253805.1,2543,25,43,0.03,0.085,0.337,0.014,0.042,0.04,2.776
127684527.8,2984.5,32,27,0.032,0.089,0.266,0.013,0.046,0.039,2.655
134008350.7,3536.4,38,57,0.03,0.095,0.28,0.012,0.049,0.04,2.983
145184808.2,4183.9,45,75,0.034,0.103,0.247,0.014,0.051,0.047,2.394
152750016.4,4289.5,59,88,0.036,0.104,0.292,0.018,0.056,0.047,1.907
173836364.8,5425.4,75,130,0.031,0.098,0.194,0.026,0.052,0.047,1.432
213078279.2,6607.6,129,118,0.037,0.11,0.196,0.025,0.056,0.052,1.857
241425313.4,7499.5,124,203,0.036,0.116,0.165,0.025,0.058,0.052,1.011
274916757.4,8518.4,165,239,0.04,0.116,0.161,0.027,0.063,0.054,0.88
323158537.9,9400.2,207,283,0.04,0.113,0.157,0.027,0.06,0.054,1.228
343654905.8,9545.7,285,425,0.046,0.129,0.174,0.024,0.067,0.06,0.93
360881132.2,9913.9,357,581,0.042,0.126,0.223,0.024,0.069,0.059,1.389
391907132.5,11460.8,378,782,0.045,0.13,0.19,0.017,0.07,0.06,1
419497542.1,13110.1,438,666,0.047,0.13,0.185,0.033,0.067,0.064,0.701
432814780.4,14024.9,580,950,0.047,0.139,0.134,0.032,0.073,0.061,0.656
445711027.8,14262.2,554,1312,0.049,0.132,0.142,0.032,0.073,0.063,0.738
482794940.9,16791.5,608,1274,0.049,0.136,0.141,0.032,0.067,0.061,0.967
484931166.4,18550.5,786,1428,0.048,0.136,0.142,0.031,0.069,0.061,0.756
522624165.4,19603.3,974,1744,0.048,0.135,0.141,0.031,0.069,0.061,0.595
279168196.9,8635.1,98,221,0.023,0.068,0.054,0.021,0.035,0.03,2.468
297308552.2,9554.3,127,269,0.023,0.071,0.063,0.017,0.036,0.033,2.622
312324741,10723.9,159,356,0.023,0.074,0.048,0.019,0.04,0.035,2.192
363877490,12588.2,227,385,0.028,0.076,0.055,0.023,0.04,0.036,1.975
434922548.6,14998.7,321,419,0.027,0.078,0.048,0.028,0.043,0.037,1.682
531706076,18345.9,521,552,0.027,0.084,0.046,0.028,0.046,0.037,1.567
597512846.8,21525.1,679,591,0.032,0.094,0.048,0.027,0.05,0.044,1.419
618783054.2,26373.8,986,799,0.031,0.094,0.033,0.024,0.048,0.043,1.079
630227213.2,31445.7,1444,1308,0.031,0.095,0.032,0.053,0.05,0.043,1.058
669789622.9,35074.6,2257,2040,0.033,0.106,0.034,0.067,0.054,0.047,0.968
731163827.6,42175.2,3697,3167,0.033,0.109,0.033,0.072,0.057,0.048,0.854
796485956.1,49689.5,5248,4181,0.039,0.109,0.028,0.075,0.058,0.051,0.688
819466358,54658.4,7258,6063,0.041,0.113,0.024,0.075,0.057,0.049,0.688
861809498.4,60505.2,8935,5967,0.041,0.121,0.021,0.087,0.064,0.058,0.63
870495699.8,66228.3,10472,7408,0.036,0.119,0.024,0.09,0.059,0.052,0.619
833144487.7,71876,11950,10086,0.037,0.113,0.02,0.117,0.063,0.053,0.537
830689800.1,78261.2,14445,12131,0.04,0.128,0.024,0.108,0.07,0.059,0.507
848511603.7,86512.9,18364,15851,0.039,0.124,0.018,0.113,0.067,0.06,0.48
884215524.3,93456.3,20236,20375,0.045,0.13,0.022,0.118,0.064,0.057,0.457
903868907.2,99836.9,18490,28399,0.045,0.139,0.022,0.122,0.071,0.063,0.395
894963263.8,104566.6,20841,35359,0.046,0.137,0.024,0.123,0.073,0.067,0.426
936367879,119853.2,20634,29852,0.049,0.143,0.022,0.105,0.069,0.061,0.358
919149783.2,124564.2,21215,24802,0.047,0.14,0.022,0.103,0.069,0.059,0.342
963665851.7,130924.3,21349,25029,0.047,0.137,0.022,0.103,0.068,0.059,0.332
80508714.03,2027.8,11,38,0.024,0.067,0.244,0.004,0.033,0.029,7.075
84728768.81,2207.1,11,19,0.023,0.076,0.296,0.004,0.038,0.035,7.517
90491756.73,2487.1,23,36,0.025,0.082,0.324,0.005,0.039,0.038,6.41
105181834.1,2854.7,28,34,0.024,0.078,0.242,0.004,0.038,0.037,4.966
117303726.8,3451.1,34,45,0.03,0.087,0.226,0.004,0.045,0.039,5.221
128496410.6,3991.8,48,68,0.028,0.088,0.231,0.005,0.045,0.038,4.416
135971300.6,4752.4,43,76,0.028,0.086,0.163,0.006,0.045,0.038,3.684
155131109.7,5847.3,75,76,0.031,0.088,0.151,0.006,0.043,0.042,3.078
158460285.5,7028.7,100,117,0.032,0.097,0.138,0.006,0.05,0.046,2.598
176529448.7,7733,120,162,0.036,0.103,0.145,0.016,0.051,0.051,2.465
184656623.1,9503.4,168,221,0.034,0.101,0.13,0.016,0.052,0.046,2.287
203036472.2,11717.4,213,261,0.034,0.104,0.102,0.016,0.056,0.05,2.005
209492684.2,12952.8,249,406,0.036,0.108,0.113,0.022,0.054,0.049,1.732
213709041.9,14473.4,263,374,0.035,0.112,0.104,0.027,0.056,0.048,1.507
211874325.3,15858.6,395,686,0.041,0.114,0.085,0.028,0.06,0.05,1.487
212141056.6,17031.1,569,1128,0.039,0.115,0.096,0.037,0.062,0.053,1.619
214928058.8,18761.2,794,1567,0.043,0.125,0.094,0.05,0.065,0.057,1.456
215656927,20497.6,1135,2227,0.039,0.122,0.078,0.048,0.063,0.059,1.15
225504245.6,23016.9,1359,2601,0.045,0.13,0.073,0.051,0.064,0.058,1.323
226600831.2,24724,1396,3015,0.046,0.144,0.078,0.061,0.073,0.062,1.043
232523996.4,25825.4,1921,3636,0.045,0.131,0.078,0.053,0.068,0.06,1.173
252422344.1,29838.2,1830,2844,0.047,0.141,0.068,0.05,0.073,0.062,0.944
262287917.2,31568.1,2272,2172,0.047,0.138,0.068,0.05,0.073,0.062,0.862
273116317.6,32677.1,2869,2356,0.048,0.134,0.069,0.05,0.072,0.062,0.848
253490019.9,4663.7,43,105,0.022,0.066,0.091,0.016,0.036,0.033,4.698
271754640.2,5107.8,46,110,0.024,0.071,0.086,0.02,0.036,0.032,4.199
308619335.8,5574.9,63,152,0.025,0.078,0.127,0.017,0.042,0.034,4.34
346976462.4,6406.6,76,125,0.028,0.079,0.09,0.021,0.04,0.035,3.61
394407975.8,7683,84,154,0.028,0.087,0.08,0.019,0.043,0.037,3.386
456920329.8,8886.2,108,194,0.029,0.086,0.087,0.018,0.045,0.041,2.858
494913641.5,10178.1,163,201,0.03,0.086,0.075,0.023,0.047,0.039,2.338
544309808.1,12317.6,157,199,0.032,0.092,0.074,0.021,0.048,0.042,2.353
561276016.1,14403.8,170,317,0.03,0.091,0.067,0.04,0.045,0.042,1.952
631064666.3,15540.3,248,413,0.035,0.102,0.063,0.043,0.051,0.046,1.721
671608212.2,18254.1,318,500,0.039,0.112,0.062,0.054,0.058,0.047,1.519
721983402.6,21711.7,439,659,0.038,0.108,0.054,0.043,0.055,0.048,1.458
743645280.2,23437.3,597,983,0.035,0.112,0.051,0.051,0.056,0.053,1.389
782139407.4,24659.1,599,969,0.037,0.115,0.055,0.066,0.055,0.048,1.331
802650737.3,25644.1,728,1233,0.038,0.121,0.061,0.075,0.064,0.052,1.382
763994082.6,26744.1,1056,1789,0.037,0.118,0.053,0.107,0.062,0.056,1.201
748779612.2,28879.7,1551,2554,0.041,0.127,0.053,0.099,0.063,0.056,1.125
754433716.1,31065.5,1688,3189,0.045,0.126,0.046,0.146,0.065,0.058,1.12
796202800.1,32947,2189,3783,0.046,0.134,0.062,0.162,0.07,0.06,1.088
828197199.5,35623.5,2459,5159,0.048,0.144,0.068,0.194,0.074,0.059,1.276
826743287.6,36821.5,2841,7058,0.044,0.145,0.057,0.152,0.078,0.065,1.306
820615047.8,41205.4,3130,6038,0.046,0.138,0.065,0.106,0.075,0.064,1.156
786684018.2,43198.3,3514,5106,0.047,0.136,0.066,0.106,0.074,0.063,1.07
810303188.5,45660,4066,5253,0.046,0.135,0.068,0.107,0.074,0.062,1
223754241.6,5097.3,55,81,0.022,0.068,0.095,0.022,0.035,0.032,2.521
241104222.2,5586.6,49,79,0.023,0.074,0.107,0.012,0.04,0.034,2.959
257188779,6094.2,52,117,0.025,0.075,0.092,0.015,0.036,0.035,2.292
297991142.9,7017.1,65,139,0.025,0.084,0.09,0.022,0.043,0.036,2.046
362742660.4,8493.5,77,155,0.027,0.084,0.098,0.018,0.047,0.039,1.933
411795162.2,10199.5,133,224,0.03,0.088,0.091,0.02,0.045,0.043,1.641
456193034.3,11974.6,193,245,0.03,0.092,0.077,0.024,0.048,0.042,1.271
501769723.4,14773.2,181,333,0.029,0.096,0.062,0.017,0.047,0.041,1.106
518063559,17541.9,329,510,0.035,0.096,0.054,0.031,0.05,0.043,1.243
542281258,19077.1,341,635,0.031,0.096,0.045,0.038,0.052,0.045,1.072
582054604,22568.2,530,984,0.032,0.1,0.045,0.052,0.053,0.047,0.916
632205846.7,26212.2,729,1017,0.036,0.106,0.037,0.047,0.054,0.051,0.705
652481297.8,28878.5,763,1282,0.034,0.107,0.042,0.073,0.057,0.051,0.824
674562316.3,31621.4,1038,1465,0.037,0.118,0.048,0.077,0.059,0.056,0.818
665211909,34611.2,1338,1705,0.042,0.119,0.038,0.061,0.059,0.052,0.651
659924911.4,36798.2,1607,2391,0.038,0.114,0.04,0.083,0.062,0.053,0.733
647569257.4,40167.7,2250,3034,0.046,0.13,0.045,0.102,0.065,0.06,0.641
650981464.4,44586.5,3268,4305,0.046,0.131,0.041,0.085,0.07,0.059,0.529
674804784.7,50273.5,3910,5591,0.042,0.134,0.037,0.104,0.074,0.065,0.501
691043674.5,53739.3,2921,6358,0.044,0.138,0.037,0.097,0.068,0.062,0.472
697135595.1,54160.6,3625,8444,0.048,0.14,0.033,0.088,0.07,0.059,0.486
729969987.7,57806.9,3692,6541,0.045,0.134,0.038,0.095,0.068,0.059,0.534
713191350.2,58807.4,3548,5894,0.044,0.133,0.037,0.093,0.067,0.059,0.525
736854465.7,60627.7,3897,6432,0.045,0.132,0.038,0.093,0.068,0.06,0.557
119013241.5,6218.9,70,193,0.024,0.071,0.093,0.013,0.036,0.032,3.592
126433723.4,7003.4,75,197,0.024,0.073,0.087,0.011,0.036,0.031,3.623
135158750.7,8144.1,134,233,0.023,0.075,0.067,0.015,0.039,0.031,2.938
157390352.8,9892.6,155,277,0.028,0.076,0.061,0.017,0.042,0.036,2.542
184446522.4,11660.7,216,337,0.027,0.084,0.069,0.016,0.044,0.039,2.116
212698735.4,13212.6,515,508,0.028,0.092,0.056,0.016,0.044,0.039,2.036
256460745.3,15516.4,464,628,0.034,0.094,0.069,0.016,0.047,0.04,1.787
273236958.5,18914.7,633,784,0.03,0.094,0.05,0.016,0.05,0.046,1.624
294301735.4,21607.9,861,1207,0.03,0.091,0.037,0.027,0.051,0.041,1.383
314858882.5,23227.5,1054,1930,0.035,0.101,0.052,0.026,0.053,0.045,1.419
338328727.9,27902.2,1326,2530,0.032,0.102,0.036,0.035,0.05,0.043,1.272
366433475.4,32353.1,1715,3210,0.037,0.108,0.04,0.039,0.053,0.048,1.123
366509350.7,34978.5,2439,4716,0.036,0.107,0.04,0.03,0.056,0.048,1.031
376790997.2,38023.3,2933,4773,0.039,0.113,0.039,0.042,0.06,0.052,0.924
388705304.7,40744.1,3527,5513,0.04,0.124,0.037,0.051,0.06,0.057,0.99
392447772,44222,4946,8802,0.039,0.12,0.033,0.067,0.063,0.054,0.866
388672337.8,48095.8,7199,9492,0.043,0.128,0.039,0.063,0.068,0.057,0.806
392599706.8,53135.2,9000,11891,0.045,0.131,0.037,0.065,0.071,0.063,0.725
403914618.8,59311.7,12304,12127,0.048,0.135,0.036,0.06,0.068,0.065,0.769
404079923.3,64632,11032,13502,0.05,0.136,0.036,0.106,0.067,0.063,0.717
407022336.1,67164.5,14555,16031,0.045,0.131,0.029,0.084,0.071,0.065,0.696
425847150.8,76765.3,13324,13745,0.047,0.14,0.026,0.078,0.07,0.065,0.663
414972485.6,80770,13029,12489,0.048,0.141,0.026,0.078,0.069,0.067,0.563
441801707.7,85619.6,12531,13747,0.048,0.142,0.026,0.078,0.07,0.066,0.47
17811898.15,532,8,3,0.023,0.072,1.085,0.002,0.035,0.034,39.029
18656847.16,585.3,12,7,0.025,0.069,0.817,0.002,0.037,0.032,43.27
19812107.55,650,8,7,0.026,0.079,1.041,0.002,0.038,0.037,39.467
22071351.95,722.6,7,6,0.029,0.083,1.014,0.003,0.043,0.036,38.827
26591493.99,813.1,17,7,0.028,0.079,0.956,0.004,0.039,0.039,33.394
28531265.25,896.1,9,5,0.028,0.082,0.883,0.003,0.043,0.039,29.989
31893762.37,1040.3,16,13,0.029,0.092,0.907,0.003,0.047,0.043,25.763
35022420.19,1252.8,34,10,0.03,0.096,0.931,0.002,0.047,0.041,24.452
35343724.97,1502,20,11,0.032,0.092,0.63,0.003,0.048,0.041,20.257
39964373.92,1652.2,38,25,0.035,0.101,0.615,0.009,0.054,0.049,18.474
42142585.3,2073.7,48,21,0.038,0.105,0.613,0.006,0.057,0.05,16.359
44204535.02,2525.1,74,26,0.034,0.105,0.563,0.01,0.054,0.051,12.896
47734274.54,2863.6,90,61,0.035,0.109,0.463,0.01,0.055,0.047,11.632
48572734.68,3201.9,113,63,0.041,0.115,0.468,0.008,0.058,0.054,11.293
47230960.2,3541.2,122,69,0.036,0.12,0.441,0.01,0.063,0.053,11.156
48005364.09,3782.7,111,138,0.042,0.129,0.486,0.011,0.062,0.058,9.834
48308301.98,4151,172,143,0.04,0.119,0.412,0.016,0.063,0.053,10.193
47958497.04,4552.9,216,250,0.046,0.129,0.433,0.012,0.063,0.061,9.933
48576370.11,5004.2,276,285,0.046,0.136,0.473,0.02,0.074,0.066,7.97
48492713.22,5442.1,308,536,0.046,0.138,0.407,0.024,0.069,0.059,7.753
50180102.12,5640.8,422,924,0.045,0.139,0.358,0.018,0.067,0.061,8.624
51004498.19,6508.9,661,864,0.048,0.151,0.324,0.015,0.074,0.066,6.874
50769413.96,6912.8,573,680,0.048,0.151,0.325,0.015,0.075,0.067,6.908
52930816.97,7590.2,702,774,0.049,0.152,0.322,0.015,0.076,0.067,6.58
170592907.4,3577.4,77,101,0.022,0.067,0.127,0.011,0.034,0.032,5.403
172244663.8,3921.5,81,84,0.023,0.076,0.15,0.012,0.038,0.036,5.628
181760737.3,4263,94,119,0.025,0.075,0.141,0.02,0.038,0.035,5.917
208491772.2,4818.8,144,132,0.028,0.082,0.16,0.016,0.043,0.039,5.688
243176720.6,5619.2,160,171,0.025,0.082,0.124,0.018,0.042,0.037,4.842
261770843.6,6548.8,147,169,0.031,0.087,0.128,0.019,0.046,0.038,4.269
302563951,7636.7,244,257,0.029,0.09,0.138,0.016,0.05,0.041,3.806
314925942.8,9601.8,304,299,0.033,0.098,0.103,0.012,0.048,0.041,3.058
323740891,11707.8,409,418,0.03,0.095,0.091,0.021,0.05,0.042,2.521
354625736.3,13422.6,518,615,0.033,0.096,0.095,0.04,0.053,0.048,2.625
382510132.7,16489.1,560,701,0.037,0.105,0.087,0.046,0.052,0.045,2.001
407045124.4,20228.3,807,836,0.038,0.106,0.066,0.046,0.058,0.048,1.801
428483320.6,22921,983,1082,0.034,0.106,0.058,0.049,0.052,0.049,1.711
442385246.1,25851.7,1228,1231,0.038,0.113,0.055,0.046,0.056,0.051,1.435
456516122.1,28805.9,1681,1526,0.041,0.125,0.055,0.042,0.06,0.056,1.469
455372275.1,30661.6,2094,2258,0.041,0.123,0.051,0.06,0.063,0.057,1.39
449464277.8,33767.6,3243,2884,0.04,0.12,0.048,0.054,0.062,0.053,1.307
453294594.4,37624.2,4161,3932,0.045,0.124,0.043,0.049,0.061,0.055,1.202
470428512.5,42425.5,4953,4233,0.043,0.127,0.042,0.071,0.068,0.054,1.047
490417179.4,45557,4908,6250,0.043,0.143,0.042,0.084,0.076,0.061,0.869
494932839.5,43017.6,5000,7363,0.05,0.135,0.047,0.071,0.07,0.06,0.994
515799203.6,50093.3,5527,7293,0.052,0.142,0.04,0.048,0.077,0.067,0.982
503020384.4,53445.4,6416,7258,0.053,0.142,0.041,0.047,0.078,0.066,0.872
544823400.2,56794.3,7278,7311,0.052,0.141,0.041,0.047,0.078,0.065,0.8
93269514.41,3591,69,104,0.023,0.07,0.169,0.019,0.035,0.03,5.564
97550990.69,3877.1,73,102,0.022,0.07,0.133,0.024,0.037,0.032,6.381
102022503.3,4207.2,77,121,0.024,0.075,0.155,0.028,0.037,0.033,5.393
117842856.5,4726.9,127,154,0.024,0.078,0.143,0.016,0.04,0.036,5.554
140246996.4,5619.6,83,154,0.026,0.081,0.138,0.021,0.041,0.039,4.644
152720681.6,6451.7,132,172,0.03,0.084,0.125,0.021,0.046,0.041,4.134
178813507.7,7529.2,173,216,0.029,0.087,0.105,0.021,0.047,0.037,3.834
207796793.3,9409.9,236,239,0.03,0.089,0.087,0.016,0.045,0.039,3.213
205941936.9,11466.6,319,263,0.031,0.096,0.08,0.021,0.049,0.047,2.703
219384144.6,12965.9,384,476,0.032,0.101,0.078,0.037,0.051,0.048,2.247
228643763.6,15814.9,489,666,0.033,0.108,0.067,0.043,0.055,0.049,2.001
248157091.1,19176.4,682,834,0.037,0.105,0.056,0.041,0.057,0.048,1.876
255001733,21513.7,814,1107,0.04,0.112,0.067,0.048,0.059,0.054,1.653
261042897,23916.3,1034,1152,0.036,0.114,0.056,0.057,0.055,0.053,1.441
256754054.1,26309.1,1455,1455,0.041,0.116,0.046,0.065,0.055,0.052,1.449
253281451.3,28811.7,1761,1828,0.04,0.125,0.053,0.063,0.062,0.058,1.421
255078574.9,31225,2889,2122,0.038,0.121,0.044,0.069,0.061,0.055,1.288
254634463.9,34127.7,3808,2667,0.042,0.127,0.059,0.067,0.063,0.063,1.205
259475240.6,36629.3,3855,2758,0.042,0.134,0.051,0.078,0.07,0.064,1.138
259868617.6,39930.7,4321,3643,0.048,0.137,0.057,0.085,0.068,0.058,1.103
256405104.6,41693.7,5010,4543,0.044,0.14,0.057,0.084,0.071,0.062,1.007
275916516.7,45751.9,4127,3665,0.051,0.145,0.042,0.057,0.074,0.069,0.962
274691729.3,47957.9,4153,3491,0.051,0.143,0.042,0.057,0.073,0.069,0.88
298513888.9,50667.5,4131,3404,0.052,0.141,0.042,0.057,0.073,0.069,0.826
67518991.03,1061.4,14,29,0.025,0.072,0.489,0.015,0.037,0.034,21.327
70594947.79,1135.1,12,18,0.022,0.073,0.479,0.02,0.037,0.032,20.844
74430493.31,1246.2,17,35,0.024,0.076,0.578,0.016,0.038,0.034,21.142
88248767.09,1417.3,21,25,0.026,0.078,0.497,0.017,0.04,0.036,19.434
100285697.7,1675.7,27,38,0.031,0.089,0.551,0.019,0.047,0.038,15.763
112641501.2,1890.9,38,26,0.03,0.086,0.446,0.025,0.044,0.039,14.113
120987859.9,2230,39,49,0.027,0.087,0.398,0.019,0.043,0.037,11.728
137407644.9,2707.3,41,36,0.033,0.096,0.383,0.019,0.049,0.045,11.18
138662548.6,3112.5,53,52,0.034,0.099,0.35,0.022,0.05,0.044,9.641
149775585,3313.8,97,93,0.035,0.099,0.283,0.027,0.05,0.045,9.105
166121591.7,3987.7,131,108,0.038,0.108,0.332,0.035,0.054,0.047,7.398
185415514.6,4880.7,192,136,0.039,0.112,0.268,0.034,0.057,0.053,6.255
189696896.3,5469.1,244,206,0.038,0.113,0.24,0.032,0.062,0.055,6.467
196636684,6108.3,233,208,0.039,0.111,0.25,0.032,0.06,0.053,5.861
194817849.3,6629.4,323,232,0.042,0.122,0.217,0.033,0.06,0.058,5.013
194235262.7,6793.4,371,356,0.038,0.119,0.241,0.033,0.06,0.057,5.267
191818338.5,7207.1,392,559,0.045,0.132,0.238,0.038,0.063,0.061,5.339
199442438.6,7642.6,522,824,0.042,0.131,0.24,0.033,0.064,0.058,5.724
205464166.8,8364.7,568,936,0.042,0.136,0.245,0.05,0.07,0.057,4.92
208698425.8,9053.3,612,1068,0.05,0.136,0.234,0.037,0.068,0.064,5.108
213700508.1,9323.1,620,1559,0.044,0.138,0.197,0.036,0.071,0.062,4.847
226080748.7,10608,807,1340,0.046,0.15,0.252,0.023,0.08,0.065,4.105
225000927.6,11553.6,982,1298,0.046,0.154,0.248,0.024,0.078,0.066,4.172
246083672.9,12345.7,1068,1634,0.045,0.155,0.248,0.024,0.078,0.066,4.335
74605153.85,3804.6,24,43,0.022,0.069,0.123,0.003,0.037,0.03,5.399
85162161.4,4120.9,32,58,0.023,0.074,0.162,0.002,0.038,0.031,5.218
90278008.48,4524.4,50,103,0.029,0.078,0.152,0.002,0.039,0.036,4.926
100742479.7,5067,43,86,0.028,0.077,0.145,0.003,0.041,0.038,4.879
114755304.7,5792,53,116,0.031,0.084,0.125,0.003,0.047,0.038,4.591
128468333.6,6506.9,85,123,0.03,0.09,0.133,0.003,0.046,0.039,4.401
156057297.4,7586.2,103,128,0.027,0.088,0.121,0.003,0.044,0.038,3.892
163085433.4,9474.3,179,199,0.035,0.096,0.102,0.004,0.049,0.045,2.939
172245888.4,11104.2,259,307,0.035,0.104,0.106,0.006,0.054,0.045,2.629
182919859.6,12625.1,340,478,0.035,0.102,0.098,0.016,0.051,0.049,2.604
201986329,15236.6,433,727,0.037,0.105,0.076,0.016,0.051,0.047,2.368
223567888,18195.2,506,898,0.037,0.107,0.064,0.017,0.055,0.046,1.831
228852630.3,20510.8,667,1162,0.037,0.108,0.059,0.021,0.055,0.046,1.758
232099096.8,22851.7,791,1240,0.04,0.119,0.066,0.024,0.064,0.056,1.75
235206846.7,25329.4,954,1422,0.042,0.123,0.068,0.022,0.06,0.056,1.619
231335072.3,27307.5,1537,2741,0.035,0.118,0.053,0.041,0.06,0.056,1.506
228426945.8,30199.2,2108,4065,0.041,0.125,0.061,0.048,0.068,0.057,1.467
236281755.5,34432.2,2730,4474,0.043,0.132,0.059,0.038,0.066,0.059,1.171
247948702.5,39204.8,3572,5378,0.042,0.13,0.043,0.052,0.064,0.061,1.223
251683740.7,42479.1,3001,6116,0.049,0.142,0.058,0.059,0.074,0.061,1.008
251596524.3,43682,3473,6296,0.046,0.139,0.05,0.05,0.074,0.064,0.948
269332031.3,49602.6,3511,5206,0.044,0.144,0.042,0.046,0.069,0.067,0.962
267029803.7,52099.6,3762,4794,0.043,0.147,0.042,0.046,0.071,0.067,0.865
275303145.3,54801.7,4062,5006,0.043,0.144,0.042,0.046,0.072,0.068,0.826
9636722.678,118.9,,,0.023,0.069,4.703,0.002,0.037,0.034,39.196
10112565.34,140.7,,,0.024,0.072,4.212,0.002,0.039,0.034,49.121
10711058.08,164,,,0.025,0.074,3.232,0.003,0.039,0.032,36.429
12084338.15,188.2,,,0.024,0.075,3.395,0.002,0.038,0.034,36.393
14058027.11,220.9,0,1,0.027,0.081,3.1,0.003,0.043,0.038,40.802
15489941.87,247,2,1,0.03,0.087,3.128,0.003,0.046,0.04,22.609
16749091.15,290.6,,,0.029,0.087,2.823,0.003,0.044,0.039,34.141
18077920.23,349.8,,,0.03,0.095,2.933,0.003,0.051,0.045,28.737
18992591.9,405.2,0,2,0.031,0.095,2.43,0.003,0.047,0.042,15.431
20202580.51,453,0,1,0.036,0.098,2.802,0.005,0.049,0.045,21.933
21612995.28,521.4,2,0,0.034,0.097,2.192,0.005,0.051,0.042,18.599
23494689.85,620.8,3,2,0.041,0.109,2.002,0.008,0.055,0.048,16.098
24329255.95,721.1,1,7,0.038,0.111,1.817,0.01,0.054,0.052,17.848
25224624.18,840.3,3,5,0.041,0.112,1.536,0.006,0.061,0.054,9.176
25192019.16,954.8,5,3,0.038,0.115,1.438,0.011,0.06,0.053,7.894
25610347.9,1063.6,0,6,0.046,0.128,1.388,0.019,0.066,0.054,7.57
25929663.53,1197.4,14,63,0.04,0.13,1.557,0.011,0.063,0.057,6.691
26035363.94,1381,29,48,0.043,0.12,1.319,0.017,0.065,0.054,8.253
26454596,1583.5,41,79,0.042,0.134,1.432,0.018,0.071,0.062,9.011
26424956.93,1750.3,66,83,0.041,0.136,1.079,0.014,0.068,0.058,8.026
25971325.68,1956.5,63,129,0.051,0.141,1.295,0.018,0.076,0.063,5.356
26450750.18,2145.1,65,148,0.045,0.136,0.989,0.011,0.071,0.067,4.305
25467563.56,2235.4,92,156,0.045,0.135,0.985,0.011,0.072,0.065,6.397
27146987.21,2532.9,119,186,0.045,0.135,0.994,0.011,0.072,0.066,7.66
54241898.63,1040.4,14,15,0.024,0.069,0.499,0.011,0.037,0.031,21.463
57076920.48,1147.1,14,22,0.023,0.071,0.425,0.012,0.036,0.033,19.416
63726952.31,1260.4,18,16,0.024,0.075,0.544,0.012,0.04,0.034,20.22
83217437.98,1449,20,23,0.025,0.077,0.523,0.017,0.038,0.037,18.895
98803239.19,1672.7,14,36,0.027,0.083,0.463,0.019,0.043,0.04,16.994
113341749.8,1964.2,28,37,0.028,0.083,0.349,0.018,0.043,0.041,13.207
131977353.7,2292.3,60,66,0.027,0.089,0.381,0.016,0.046,0.039,13.339
139363293.4,2883,85,62,0.033,0.091,0.306,0.015,0.05,0.045,9.687
134040848.9,3551.3,71,74,0.035,0.098,0.331,0.017,0.051,0.047,8.42
145971598.7,3910.7,90,108,0.03,0.095,0.259,0.03,0.05,0.041,8.122
148215300.6,4583.7,103,133,0.034,0.104,0.29,0.023,0.057,0.049,7.48
161835215.3,5690.5,155,175,0.033,0.11,0.193,0.022,0.059,0.049,6.108
164789853.2,6828.1,271,283,0.037,0.116,0.225,0.024,0.059,0.054,4.869
184366876.9,8079.9,294,348,0.04,0.116,0.193,0.026,0.06,0.051,4.705
184466459,9297.5,502,471,0.041,0.118,0.173,0.036,0.058,0.057,3.969
178585224.5,10887.1,495,576,0.041,0.122,0.137,0.036,0.06,0.053,3.816
192573023,12133.9,608,657,0.042,0.121,0.135,0.055,0.064,0.057,3.482
199679779.2,14067.3,863,1027,0.044,0.133,0.125,0.047,0.066,0.062,2.904
209301617.4,15886.6,1209,1315,0.045,0.128,0.11,0.053,0.063,0.055,2.652
214417494.6,17251.8,961,1505,0.046,0.136,0.107,0.072,0.066,0.063,2.344
220897150.6,18308.3,1313,1670,0.046,0.147,0.106,0.047,0.072,0.064,2.476
226784891.7,19921.3,1216,1246,0.044,0.142,0.103,0.047,0.075,0.065,2.241
225588087.3,20579.5,1433,983,0.044,0.141,0.102,0.048,0.075,0.064,2.477
233239900,21513.7,1940,1036,0.045,0.14,0.102,0.049,0.075,0.065,2.677
176690927.1,4703.7,130,160,0.025,0.07,0.109,0.017,0.034,0.032,4.415
175640064.7,5074.9,124,202,0.027,0.075,0.11,0.013,0.04,0.034,4.256
186956808.5,5507.8,137,219,0.025,0.075,0.11,0.02,0.038,0.035,4.217
206153670.1,5973.6,220,269,0.027,0.082,0.131,0.027,0.043,0.036,3.867
224856816.6,6547.7,207,267,0.03,0.084,0.107,0.025,0.044,0.037,4.224
246833363.4,7342.2,281,284,0.028,0.089,0.108,0.024,0.045,0.039,3.395
265732209.2,8489.3,410,325,0.032,0.093,0.111,0.02,0.05,0.044,2.928
286832955.4,10422.8,445,369,0.029,0.094,0.095,0.016,0.046,0.043,2.482
298983651.6,12303,538,501,0.033,0.099,0.09,0.023,0.054,0.046,2.271
321139541.2,13003.2,641,735,0.034,0.1,0.082,0.028,0.054,0.048,2.271
364659206.4,14105.8,776,784,0.038,0.107,0.059,0.031,0.056,0.048,1.792
388205915,16585.3,1081,848,0.034,0.108,0.057,0.03,0.057,0.047,1.43
407436664.7,18127.6,1482,952,0.039,0.113,0.062,0.038,0.056,0.048,1.307
419151649.8,19534.3,1945,962,0.039,0.119,0.053,0.04,0.058,0.055,1.341
426753234.9,20381.5,1482,1068,0.038,0.121,0.055,0.042,0.063,0.051,1.289
417136777.3,20657.8,1697,1344,0.041,0.13,0.063,0.05,0.063,0.059,1.327
398572946.9,20832,2244,1633,0.041,0.126,0.077,0.037,0.067,0.055,1.846
410853185.2,22105.4,2207,2202,0.045,0.135,0.084,0.04,0.071,0.056,1.796
434582947.7,24113.5,2790,2462,0.047,0.132,0.07,0.03,0.067,0.058,1.668
445691948.9,25665.9,2536,3264,0.05,0.142,0.091,0.042,0.07,0.06,1.732
442806243.7,25839,2446,4206,0.047,0.139,0.084,0.034,0.069,0.065,1.846
467131431.7,28471,2647,4007,0.047,0.152,0.084,0.023,0.076,0.071,1.751
458989463.3,29739.7,2646,3582,0.047,0.153,0.085,0.022,0.078,0.071,1.462
478343612.6,31389.8,2475,3491,0.048,0.151,0.083,0.023,0.079,0.072,1.205
52337772.92,1841.4,7,37,0.025,0.073,0.338,0.015,0.038,0.033,13.085
53914802.9,2038.9,20,54,0.022,0.074,0.354,0.019,0.037,0.033,12.942
56748344.53,2310.3,25,60,0.024,0.076,0.301,0.016,0.041,0.033,13.222
63289817.31,2654.4,38,111,0.025,0.082,0.305,0.018,0.041,0.036,10.891
71510102.29,3103.2,32,121,0.028,0.08,0.256,0.022,0.04,0.035,10.474
80021848.92,3491.6,66,141,0.028,0.082,0.243,0.017,0.041,0.036,8.083
97053858.97,3949,82,218,0.028,0.091,0.214,0.021,0.048,0.041,6.761
104835053.5,4837.5,146,208,0.034,0.094,0.211,0.02,0.047,0.042,6.773
108779308.3,5978.8,146,233,0.029,0.093,0.165,0.025,0.049,0.042,5.455
112666255.4,6744.1,307,397,0.035,0.107,0.198,0.026,0.051,0.048,4.891
118286366.3,8186.5,370,471,0.032,0.104,0.167,0.03,0.053,0.046,3.801
125844348.4,10314.1,592,737,0.034,0.102,0.105,0.05,0.055,0.047,3.624
127918873,11797.8,666,836,0.037,0.111,0.128,0.049,0.055,0.051,2.93
138989805.5,13275.8,692,865,0.042,0.118,0.102,0.042,0.062,0.052,3.058
148431422.3,14911.7,1071,1157,0.043,0.126,0.125,0.038,0.063,0.054,2.543
150142926.7,16305.9,1943,1997,0.042,0.121,0.084,0.055,0.065,0.05,2.371
156090395.2,18271.1,1537,1821,0.041,0.13,0.123,0.043,0.066,0.06,2.342
158984946.3,20260.8,1652,2166,0.044,0.128,0.097,0.06,0.069,0.06,2.157
163651519.4,21866.8,2014,2055,0.048,0.13,0.104,0.052,0.072,0.061,2.055
165075533.4,23689.6,2393,2405,0.043,0.136,0.083,0.053,0.072,0.064,1.789
165423585.3,25158.1,2601,3236,0.044,0.139,0.073,0.056,0.074,0.064,1.701
170228892.5,28092.5,2949,2676,0.048,0.143,0.09,0.054,0.075,0.065,1.719
169049683.2,28771.8,3303,2342,0.047,0.143,0.092,0.053,0.074,0.067,1.454
181041879.5,30614.3,3563,2585,0.047,0.143,0.094,0.053,0.075,0.069,1.22
24196067.99,266.6,2,9,0.023,0.07,1.665,0.005,0.035,0.033,16.966
24703978.78,303.6,3,4,0.024,0.074,2.037,0.007,0.036,0.034,21.061
26682478.88,345.1,2,3,0.027,0.078,2.009,0.008,0.039,0.036,20.15
30098376.2,390.4,1,4,0.028,0.083,1.949,0.012,0.043,0.035,20.713
35393047.14,450,0,2,0.031,0.085,1.836,0.008,0.047,0.041,19.505
38720132.95,506,5,4,0.026,0.085,1.584,0.009,0.047,0.04,17.273
46611283.6,592.7,6,5,0.033,0.096,1.514,0.01,0.05,0.04,8.788
53449352.23,729.4,8,6,0.029,0.098,1.095,0.009,0.048,0.046,13.017
53357597.69,909.2,12,9,0.033,0.095,0.967,0.01,0.052,0.042,9.351
54502298.42,953.3,16,14,0.035,0.105,1.167,0.014,0.052,0.047,8.148
58616099.48,1160.8,16,17,0.032,0.106,1.036,0.019,0.057,0.051,5.034
63463286.04,1388.3,12,15,0.039,0.114,0.841,0.02,0.055,0.048,6.191
66443066.09,1547.9,35,36,0.037,0.111,0.722,0.018,0.059,0.049,4.921
69862485.33,1736.1,61,18,0.039,0.119,0.646,0.03,0.061,0.056,3.617
70323202.62,1875.1,53,46,0.04,0.111,0.687,0.024,0.061,0.049,4.216
76254603.34,2054.3,85,116,0.041,0.117,0.508,0.041,0.057,0.051,5.679
78591389.32,2310.7,125,116,0.039,0.118,0.668,0.029,0.061,0.054,3.042
79881559.49,2517,137,190,0.042,0.132,0.664,0.021,0.067,0.065,2.994
82721746.56,2799.9,178,271,0.04,0.13,0.508,0.024,0.065,0.062,4.204
81588623.14,3020.2,169,315,0.047,0.134,0.644,0.022,0.069,0.057,5.02
80617612.3,3080.6,235,425,0.049,0.136,0.746,0.029,0.073,0.06,2.912
84550523.4,3446.3,263,428,0.052,0.142,0.755,0.026,0.077,0.066,3.065
85118819.98,3677.4,329,348,0.053,0.144,0.763,0.026,0.077,0.065,3.097
92762593.03,3849.2,441,345,0.052,0.145,0.779,0.026,0.078,0.067,3.186
104881427.7,2881.9,43,114,0.025,0.074,0.176,0.02,0.038,0.033,7.18
107979180.6,3074.1,40,91,0.025,0.07,0.14,0.025,0.037,0.031,7.148
116042344.8,3278.2,73,126,0.024,0.076,0.154,0.022,0.038,0.034,6.075
126214180,3649.8,71,155,0.028,0.082,0.158,0.026,0.041,0.037,6.095
135344002,4180.3,135,137,0.026,0.082,0.154,0.027,0.042,0.036,5.624
143425719.1,4804.5,143,167,0.031,0.089,0.149,0.021,0.048,0.041,4.607
148843955,5386.1,211,178,0.026,0.085,0.121,0.022,0.043,0.042,5.015
156932291.5,6193.7,255,239,0.031,0.092,0.148,0.02,0.049,0.039,4.26
159526424.4,7215.1,286,270,0.034,0.104,0.128,0.026,0.05,0.047,3.863
162761801.6,7315.8,325,321,0.033,0.105,0.144,0.029,0.056,0.048,3.418
173373789,8434.7,392,361,0.034,0.106,0.117,0.034,0.054,0.051,3.029
180515957.8,10074,444,449,0.038,0.112,0.094,0.036,0.053,0.051,2.571
182531440.4,11171,528,638,0.038,0.111,0.087,0.043,0.056,0.047,2.801
187451366.9,12017,777,655,0.038,0.115,0.092,0.051,0.058,0.049,2.611
182866174.1,12357.1,950,734,0.042,0.124,0.117,0.046,0.066,0.057,2.481
180800977.2,12023.2,1188,978,0.041,0.125,0.116,0.063,0.06,0.052,2.417
180166854.6,12280.9,1000,1031,0.042,0.118,0.118,0.042,0.059,0.054,2.503
187998552,12659.5,978,1021,0.045,0.127,0.109,0.069,0.062,0.061,2.744
192378913.7,13205.7,1222,935,0.041,0.133,0.105,0.051,0.066,0.061,2.669
192659861.7,13962.5,1277,1228,0.046,0.142,0.174,0.078,0.073,0.064,3.411
195478907.6,14000.1,1244,1721,0.042,0.136,0.144,0.087,0.071,0.063,3.377
205439885.6,15292.8,1377,1669,0.05,0.142,0.148,0.053,0.075,0.065,3.221
203734318.9,16359.2,1385,1254,0.051,0.143,0.15,0.054,0.075,0.065,2.786
214795337.2,16470.7,1536,1210,0.05,0.143,0.151,0.054,0.074,0.065,2.56