uid,province_id,province,year,co2_emissions,绿色信贷,绿色债券,绿色投资,绿色保险,绿色权益,绿色基金,碳金融,绿色金融指数,green_finance_pilot
1100,4,Beijing,2000,43133076.5,0.022,0.068,0.238,0.01,0.035,0.032,12.104,0.226,0
1101,4,Beijing,2001,43311434.79,0.023,0.072,0.155,0.01,0.039,0.031,8.844,0.202,0
1102,4,Beijing,2002,45715663.79,0.025,0.078,0.155,0.011,0.038,0.035,7.485,0.254,0
1103,4,Beijing,2003,49524960.71,0.025,0.076,0.128,0.012,0.04,0.034,6.578,0.141,0
1104,4,Beijing,2004,54575775.19,0.029,0.081,0.108,0.017,0.039,0.037,6.016,0.225,0
1105,4,Beijing,2005,60665551.72,0.027,0.084,0.117,0.013,0.043,0.038,5.169,0.167,0
1106,4,Beijing,2006,63899288.38,0.03,0.091,0.109,0.014,0.05,0.039,4.857,0.312,0
1107,4,Beijing,2007,63753557.37,0.033,0.099,0.104,0.016,0.05,0.047,4.002,0.381,0
1108,4,Beijing,2008,63535280.7,0.034,0.101,0.107,0.016,0.052,0.049,3.755,0.432,0
1109,4,Beijing,2009,66557701.46,0.033,0.102,0.106,0.025,0.054,0.048,3.768,0.275,0
1110,4,Beijing,2010,72923448.49,0.033,0.11,0.096,0.024,0.058,0.052,3.134,0.349,0
1111,4,Beijing,2011,75572433.96,0.038,0.107,0.082,0.037,0.056,0.047,2.912,0.276,0
1112,4,Beijing,2012,78344338.98,0.035,0.112,0.083,0.042,0.061,0.051,2.586,0.282,0
1113,4,Beijing,2013,78136552.06,0.039,0.112,0.075,0.063,0.06,0.049,2.344,0.248,0
1114,4,Beijing,2014,79475485.6,0.041,0.122,0.083,0.073,0.066,0.056,2.301,0.421,0
1115,4,Beijing,2015,80420685.95,0.037,0.119,0.064,0.122,0.058,0.052,2.371,0.244,0
1116,4,Beijing,2016,74134216.64,0.039,0.121,0.074,0.145,0.062,0.052,2.088,0.222,0
1117,4,Beijing,2017,76233830.49,0.047,0.128,0.074,0.183,0.071,0.057,2.063,0.457,0
1118,4,Beijing,2018,77704186.72,0.049,0.138,0.077,0.139,0.075,0.059,1.923,0.465,0
1119,4,Beijing,2019,78044413.08,0.047,0.128,0.058,0.1,0.064,0.057,1.657,0.204,0
1120,4,Beijing,2020,77630137.1,0.045,0.14,0.064,0.091,0.072,0.065,1.734,0.319,0
1121,4,Beijing,2021,80102176.49,0.052,0.14,0.047,0.073,0.071,0.066,1.441,0.281,0
1122,4,Beijing,2022,77157245.19,0.051,0.138,0.048,0.073,0.071,0.066,1.442,0.287,0
1123,4,Beijing,2023,82272659.93,0.051,0.135,0.047,0.074,0.07,0.068,1.416,0.276,0
1200,7,Tianjin,2000,47741953.04,0.021,0.066,0.308,0.002,0.036,0.032,9.74,0.193,0
1201,7,Tianjin,2001,51193703.78,0.026,0.075,0.322,0.002,0.039,0.036,7.846,0.362,0
1202,7,Tianjin,2002,53101506.55,0.026,0.078,0.251,0.003,0.039,0.033,7.704,0.257,0
1203,7,Tianjin,2003,57383888.99,0.028,0.079,0.259,0.004,0.043,0.038,5.988,0.347,0
1204,7,Tianjin,2004,62326363.59,0.026,0.082,0.206,0.004,0.042,0.038,5.735,0.177,0
1205,7,Tianjin,2005,81987471.61,0.026,0.084,0.194,0.004,0.042,0.037,3.905,0.101,0
1206,7,Tianjin,2006,83839460.98,0.029,0.091,0.176,0.004,0.048,0.039,3.931,0.246,0
1207,7,Tianjin,2007,85655154.76,0.033,0.093,0.185,0.003,0.047,0.041,3.892,0.223,0
1208,7,Tianjin,2008,88093846.08,0.033,0.096,0.176,0.006,0.051,0.046,3.322,0.299,0
1209,7,Tianjin,2009,106989661.5,0.032,0.099,0.154,0.007,0.051,0.044,2.434,0.16,0
1210,7,Tianjin,2010,118707038.0,0.036,0.105,0.111,0.013,0.053,0.047,2.012,0.252,0
1211,7,Tianjin,2011,123786522.2,0.034,0.104,0.105,0.015,0.052,0.048,1.912,0.126,0
1212,7,Tianjin,2012,125890653.6,0.041,0.11,0.121,0.017,0.059,0.05,1.771,0.313,0
1213,7,Tianjin,2013,129313933.0,0.04,0.119,0.105,0.022,0.062,0.05,1.757,0.334,0
1214,7,Tianjin,2014,133682904.5,0.037,0.12,0.113,0.026,0.06,0.057,1.587,0.281,0
1215,7,Tianjin,2015,128492738.9,0.037,0.117,0.084,0.026,0.065,0.052,1.331,0.184,0
1216,7,Tianjin,2016,124757728.4,0.038,0.128,0.09,0.022,0.067,0.057,1.57,0.208,0
1217,7,Tianjin,2017,125890652.3,0.045,0.132,0.104,0.044,0.069,0.063,1.538,0.364,0
1218,7,Tianjin,2018,136320006.2,0.046,0.129,0.081,0.024,0.065,0.057,1.404,0.169,0
1219,7,Tianjin,2019,142040963.6,0.05,0.139,0.163,0.078,0.072,0.064,1.876,0.415,0
1220,7,Tianjin,2020,139935786.1,0.043,0.131,0.125,0.02,0.067,0.059,1.748,0.099,0
1221,7,Tianjin,2021,144835939.7,0.048,0.141,0.123,0.017,0.076,0.063,1.707,0.249,0
1222,7,Tianjin,2022,143018498.1,0.047,0.14,0.122,0.017,0.076,0.063,1.597,0.24,0
1223,7,Tianjin,2023,151678325.1,0.047,0.14,0.123,0.017,0.075,0.063,1.513,0.244,0
1300,17,Hebei,2000,253490019.9,0.022,0.066,0.091,0.016,0.036,0.033,4.698,0.262,0
1301,17,Hebei,2001,271754640.2,0.024,0.071,0.086,0.02,0.036,0.032,4.199,0.233,0
1302,17,Hebei,2002,308619335.8,0.025,0.078,0.127,0.017,0.042,0.034,4.34,0.333,0
1303,17,Hebei,2003,346976462.4,0.028,0.079,0.09,0.021,0.04,0.035,3.61,0.285,0
1304,17,Hebei,2004,394407975.8,0.028,0.087,0.08,0.019,0.043,0.037,3.386,0.309,0
1305,17,Hebei,2005,456920329.8,0.029,0.086,0.087,0.018,0.045,0.041,2.858,0.297,0
1306,17,Hebei,2006,494913641.5,0.03,0.086,0.075,0.023,0.047,0.039,2.338,0.242,0
1307,17,Hebei,2007,544309808.1,0.032,0.092,0.074,0.021,0.048,0.042,2.353,0.263,0
1308,17,Hebei,2008,561276016.1,0.03,0.091,0.067,0.04,0.045,0.042,1.952,0.151,0
1309,17,Hebei,2009,631064666.3,0.035,0.102,0.063,0.043,0.051,0.046,1.721,0.279,0
1310,17,Hebei,2010,671608212.2,0.039,0.112,0.062,0.054,0.058,0.047,1.519,0.443,0
1311,17,Hebei,2011,721983402.6,0.038,0.108,0.054,0.043,0.055,0.048,1.458,0.283,0
1312,17,Hebei,2012,743645280.2,0.035,0.112,0.051,0.051,0.056,0.053,1.389,0.262,0
1313,17,Hebei,2013,782139407.4,0.037,0.115,0.055,0.066,0.055,0.048,1.331,0.2,0
1314,17,Hebei,2014,802650737.3,0.038,0.121,0.061,0.075,0.064,0.052,1.382,0.327,0
1315,17,Hebei,2015,763994082.6,0.037,0.118,0.053,0.107,0.062,0.056,1.201,0.287,0
1316,17,Hebei,2016,748779612.2,0.041,0.127,0.053,0.099,0.063,0.056,1.125,0.286,0
1317,17,Hebei,2017,754433716.1,0.045,0.126,0.046,0.146,0.065,0.058,1.12,0.333,1
1318,17,Hebei,2018,796202800.1,0.046,0.134,0.062,0.162,0.07,0.06,1.088,0.391,1
1319,17,Hebei,2019,828197199.5,0.048,0.144,0.068,0.194,0.074,0.059,1.276,0.422,1
1320,17,Hebei,2020,826743287.6,0.044,0.145,0.057,0.152,0.078,0.065,1.306,0.438,1
1321,17,Hebei,2021,820615047.8,0.046,0.138,0.065,0.106,0.075,0.064,1.156,0.284,1
1322,17,Hebei,2022,786684018.2,0.047,0.136,0.066,0.106,0.074,0.063,1.07,0.271,1
1323,17,Hebei,2023,810303188.5,0.046,0.135,0.068,0.107,0.074,0.062,1.0,0.258,1
1400,11,Shanxi,2000,165876878.5,0.021,0.067,0.279,0.021,0.034,0.033,8.782,0.255,0
1401,11,Shanxi,2001,173419965.7,0.022,0.072,0.244,0.02,0.038,0.032,7.27,0.255,0
1402,11,Shanxi,2002,199129088.3,0.023,0.072,0.253,0.019,0.037,0.034,6.991,0.178,0
1403,11,Shanxi,2003,227608100.8,0.025,0.081,0.246,0.029,0.044,0.035,5.288,0.354,0
1404,11,Shanxi,2004,259195835.4,0.026,0.088,0.207,0.026,0.043,0.039,4.689,0.359,0
1405,11,Shanxi,2005,313274691.0,0.03,0.089,0.193,0.028,0.046,0.039,3.904,0.397,0
1406,11,Shanxi,2006,338823362.9,0.03,0.091,0.23,0.022,0.048,0.045,4.121,0.415,0
1407,11,Shanxi,2007,369838816.3,0.029,0.096,0.161,0.023,0.051,0.044,3.541,0.296,0
1408,11,Shanxi,2008,381437919.4,0.031,0.094,0.147,0.031,0.049,0.044,2.816,0.253,0
1409,11,Shanxi,2009,418635254.2,0.037,0.105,0.15,0.032,0.055,0.045,3.082,0.374,0
1410,11,Shanxi,2010,448659477.4,0.031,0.103,0.126,0.037,0.054,0.046,2.418,0.203,0
1411,11,Shanxi,2011,495650066.9,0.04,0.114,0.128,0.037,0.06,0.05,2.184,0.428,0
1412,11,Shanxi,2012,518496390.5,0.037,0.112,0.118,0.035,0.061,0.049,1.82,0.299,0
1413,11,Shanxi,2013,535790938.2,0.036,0.119,0.109,0.042,0.059,0.05,1.687,0.275,0
1414,11,Shanxi,2014,525515876.0,0.04,0.114,0.115,0.035,0.057,0.054,1.92,0.233,0
1415,11,Shanxi,2015,504833116.1,0.041,0.113,0.123,0.042,0.059,0.051,1.788,0.163,0
1416,11,Shanxi,2016,501151417.2,0.041,0.124,0.104,0.04,0.063,0.059,1.904,0.254,0
1417,11,Shanxi,2017,506536389.1,0.04,0.12,0.105,0.045,0.066,0.053,1.454,0.162,0
1418,11,Shanxi,2018,522573042.6,0.045,0.129,0.105,0.06,0.065,0.064,1.792,0.245,0
1419,11,Shanxi,2019,529401520.2,0.046,0.135,0.106,0.09,0.069,0.06,1.583,0.284,0
1420,11,Shanxi,2020,530238223.4,0.047,0.137,0.107,0.099,0.071,0.061,1.78,0.299,0
1421,11,Shanxi,2021,579007295.7,0.052,0.139,0.1,0.082,0.077,0.065,1.147,0.346,0
1422,11,Shanxi,2022,589578338.1,0.051,0.137,0.1,0.081,0.076,0.065,1.073,0.338,0
1423,11,Shanxi,2023,629094764.2,0.052,0.138,0.098,0.08,0.076,0.066,1.134,0.367,0
1500,3,Neimenggu,2000,140109202.8,0.024,0.071,0.364,0.032,0.037,0.033,3.523,0.455,0
1501,3,Neimenggu,2001,142679832.3,0.024,0.07,0.322,0.032,0.038,0.03,4.075,0.278,0
1502,3,Neimenggu,2002,156339684.1,0.026,0.078,0.311,0.028,0.04,0.035,2.772,0.413,0
1503,3,Neimenggu,2003,193669046.1,0.026,0.082,0.282,0.032,0.04,0.038,3.44,0.39,0
1504,3,Neimenggu,2004,228895004.3,0.029,0.083,0.226,0.022,0.042,0.039,2.543,0.344,0
1505,3,Neimenggu,2005,275958206.0,0.028,0.088,0.261,0.027,0.047,0.038,1.973,0.358,0
1506,3,Neimenggu,2006,328438311.5,0.03,0.085,0.168,0.032,0.044,0.041,1.749,0.261,0
1507,3,Neimenggu,2007,386697371.9,0.033,0.095,0.17,0.03,0.05,0.046,1.508,0.41,0
1508,3,Neimenggu,2008,397196539.4,0.033,0.093,0.126,0.042,0.047,0.041,1.26,0.228,0
1509,3,Neimenggu,2009,408871292.1,0.037,0.106,0.125,0.041,0.053,0.045,0.784,0.366,0
1510,3,Neimenggu,2010,464827282.6,0.032,0.107,0.09,0.046,0.052,0.047,0.847,0.225,0
1511,3,Neimenggu,2011,513846056.4,0.034,0.109,0.11,0.052,0.055,0.051,0.817,0.243,0
1512,3,Neimenggu,2012,523005877.2,0.038,0.113,0.078,0.063,0.059,0.049,0.636,0.34,0
1513,3,Neimenggu,2013,551492270.4,0.04,0.117,0.087,0.049,0.064,0.053,0.641,0.379,0
1514,3,Neimenggu,2014,542966399.2,0.034,0.116,0.093,0.057,0.056,0.055,0.646,0.213,0
1515,3,Neimenggu,2015,536320079.4,0.039,0.126,0.084,0.076,0.061,0.054,0.407,0.316,0
1516,3,Neimenggu,2016,545922001.0,0.042,0.126,0.086,0.056,0.067,0.055,0.479,0.282,0
1517,3,Neimenggu,2017,577613927.0,0.04,0.127,0.12,0.056,0.069,0.056,0.82,0.273,0
1518,3,Neimenggu,2018,604939346.3,0.046,0.135,0.113,0.061,0.074,0.065,0.688,0.39,0
1519,3,Neimenggu,2019,635633195.0,0.047,0.137,0.127,0.057,0.074,0.061,0.895,0.333,0
1520,3,Neimenggu,2020,652283065.7,0.042,0.131,0.109,0.059,0.065,0.057,0.918,0.091,0
1521,3,Neimenggu,2021,728470939.3,0.046,0.144,0.108,0.042,0.07,0.066,0.464,0.253,0
1522,3,Neimenggu,2022,757028723.0,0.047,0.142,0.108,0.043,0.071,0.065,0.465,0.257,0
1523,3,Neimenggu,2023,837966687.8,0.047,0.146,0.108,0.044,0.07,0.064,0.487,0.255,0
2100,27,Liaoning,2000,176690927.1,0.025,0.07,0.109,0.017,0.034,0.032,4.415,0.281,0
2101,27,Liaoning,2001,175640064.7,0.027,0.075,0.11,0.013,0.04,0.034,4.256,0.371,0
2102,27,Liaoning,2002,186956808.5,0.025,0.075,0.11,0.02,0.038,0.035,4.217,0.264,0
2103,27,Liaoning,2003,206153670.1,0.027,0.082,0.131,0.027,0.043,0.036,3.867,0.389,0
2104,27,Liaoning,2004,224856816.6,0.03,0.084,0.107,0.025,0.044,0.037,4.224,0.365,0
2105,27,Liaoning,2005,246833363.4,0.028,0.089,0.108,0.024,0.045,0.039,3.395,0.323,0
2106,27,Liaoning,2006,265732209.2,0.032,0.093,0.111,0.02,0.05,0.044,2.928,0.445,0
2107,27,Liaoning,2007,286832955.4,0.029,0.094,0.095,0.016,0.046,0.043,2.482,0.211,0
2108,27,Liaoning,2008,298983651.6,0.033,0.099,0.09,0.023,0.054,0.046,2.271,0.376,0
2109,27,Liaoning,2009,321139541.2,0.034,0.1,0.082,0.028,0.054,0.048,2.271,0.281,0
2110,27,Liaoning,2010,364659206.4,0.038,0.107,0.059,0.031,0.056,0.048,1.792,0.351,0
2111,27,Liaoning,2011,388205915.0,0.034,0.108,0.057,0.03,0.057,0.047,1.43,0.19,0
2112,27,Liaoning,2012,407436664.7,0.039,0.113,0.062,0.038,0.056,0.048,1.307,0.283,0
2113,27,Liaoning,2013,419151649.8,0.039,0.119,0.053,0.04,0.058,0.055,1.341,0.332,0
2114,27,Liaoning,2014,426753234.9,0.038,0.121,0.055,0.042,0.063,0.051,1.289,0.263,0
2115,27,Liaoning,2015,417136777.3,0.041,0.13,0.063,0.05,0.063,0.059,1.327,0.386,0
2116,27,Liaoning,2016,398572946.9,0.041,0.126,0.077,0.037,0.067,0.055,1.846,0.241,0
2117,27,Liaoning,2017,410853185.2,0.045,0.135,0.084,0.04,0.071,0.056,1.796,0.348,0
2118,27,Liaoning,2018,434582947.7,0.047,0.132,0.07,0.03,0.067,0.058,1.668,0.223,0
2119,27,Liaoning,2019,445691948.9,0.05,0.142,0.091,0.042,0.07,0.06,1.732,0.335,0
2120,27,Liaoning,2020,442806243.7,0.047,0.139,0.084,0.034,0.069,0.065,1.846,0.272,0
2121,27,Liaoning,2021,467131431.7,0.047,0.152,0.084,0.023,0.076,0.071,1.751,0.339,0
2122,27,Liaoning,2022,458989463.3,0.047,0.153,0.085,0.022,0.078,0.071,1.462,0.358,0
2123,27,Liaoning,2023,478343612.6,0.048,0.151,0.083,0.023,0.079,0.072,1.205,0.388,0
2200,5,Jilin,2000,60578928.07,0.024,0.073,0.327,0.014,0.036,0.033,7.988,0.364,0
2201,5,Jilin,2001,65226914.92,0.025,0.071,0.241,0.014,0.034,0.033,7.668,0.238,0
2202,5,Jilin,2002,70295081.5,0.025,0.077,0.244,0.016,0.042,0.036,6.211,0.349,0
2203,5,Jilin,2003,77726607.62,0.025,0.083,0.276,0.019,0.044,0.037,6.278,0.379,0
2204,5,Jilin,2004,84110452.24,0.028,0.08,0.267,0.021,0.041,0.038,5.633,0.28,0
2205,5,Jilin,2005,92283947.8,0.029,0.087,0.252,0.019,0.046,0.043,5.03,0.369,0
2206,5,Jilin,2006,98020505.65,0.03,0.092,0.24,0.019,0.046,0.039,4.453,0.296,0
2207,5,Jilin,2007,106402294.4,0.03,0.095,0.212,0.014,0.048,0.045,3.616,0.283,0
2208,5,Jilin,2008,102254998.8,0.031,0.098,0.161,0.022,0.051,0.045,2.936,0.306,0
2209,5,Jilin,2009,120920656.4,0.032,0.103,0.182,0.024,0.052,0.049,2.438,0.257,0
2210,5,Jilin,2010,137894748.2,0.036,0.106,0.151,0.032,0.053,0.051,2.634,0.313,0
2211,5,Jilin,2011,153019050.1,0.033,0.101,0.101,0.042,0.056,0.046,1.899,0.131,0
2212,5,Jilin,2012,155707615.3,0.036,0.112,0.106,0.05,0.055,0.051,1.849,0.266,0
2213,5,Jilin,2013,158632916.9,0.039,0.114,0.101,0.06,0.058,0.056,2.003,0.319,0
2214,5,Jilin,2014,158808834.5,0.035,0.116,0.105,0.059,0.061,0.052,1.559,0.238,0
2215,5,Jilin,2015,152188368.2,0.038,0.129,0.11,0.046,0.067,0.055,1.81,0.351,0
2216,5,Jilin,2016,149386010.1,0.038,0.119,0.127,0.048,0.061,0.054,1.684,0.133,0
2217,5,Jilin,2017,150666328.0,0.046,0.137,0.113,0.046,0.07,0.061,1.687,0.405,0
2218,5,Jilin,2018,159117710.1,0.042,0.131,0.144,0.039,0.066,0.058,1.839,0.189,0
2219,5,Jilin,2019,159133429.3,0.042,0.132,0.147,0.051,0.065,0.061,2.514,0.188,0
2220,5,Jilin,2020,157648580.5,0.05,0.144,0.166,0.039,0.069,0.061,2.361,0.348,0
2221,5,Jilin,2021,162555518.4,0.051,0.149,0.178,0.032,0.079,0.072,2.312,0.432,0
2222,5,Jilin,2022,160051499.7,0.051,0.147,0.18,0.033,0.08,0.073,2.502,0.447,0
2223,5,Jilin,2023,170404483.8,0.051,0.147,0.18,0.033,0.08,0.073,2.572,0.465,0
2300,31,Heilongjiang,2000,104881427.7,0.025,0.074,0.176,0.02,0.038,0.033,7.18,0.439,0
2301,31,Heilongjiang,2001,107979180.6,0.025,0.07,0.14,0.025,0.037,0.031,7.148,0.247,0
2302,31,Heilongjiang,2002,116042344.8,0.024,0.076,0.154,0.022,0.038,0.034,6.075,0.255,0
2303,31,Heilongjiang,2003,126214180.0,0.028,0.082,0.158,0.026,0.041,0.037,6.095,0.393,0
2304,31,Heilongjiang,2004,135344002.0,0.026,0.082,0.154,0.027,0.042,0.036,5.624,0.263,0
2305,31,Heilongjiang,2005,143425719.1,0.031,0.089,0.149,0.021,0.048,0.041,4.607,0.413,0
2306,31,Heilongjiang,2006,148843955.0,0.026,0.085,0.121,0.022,0.043,0.042,5.015,0.176,0
2307,31,Heilongjiang,2007,156932291.5,0.031,0.092,0.148,0.02,0.049,0.039,4.26,0.219,0
2308,31,Heilongjiang,2008,159526424.4,0.034,0.104,0.128,0.026,0.05,0.047,3.863,0.437,0
2309,31,Heilongjiang,2009,162761801.6,0.033,0.105,0.144,0.029,0.056,0.048,3.418,0.336,0
2310,31,Heilongjiang,2010,173373789.0,0.034,0.106,0.117,0.034,0.054,0.051,3.029,0.292,0
2311,31,Heilongjiang,2011,180515957.8,0.038,0.112,0.094,0.036,0.053,0.051,2.571,0.312,0
2312,31,Heilongjiang,2012,182531440.4,0.038,0.111,0.087,0.043,0.056,0.047,2.801,0.247,0
2313,31,Heilongjiang,2013,187451366.9,0.038,0.115,0.092,0.051,0.058,0.049,2.611,0.242,0
2314,31,Heilongjiang,2014,182866174.1,0.042,0.124,0.117,0.046,0.066,0.057,2.481,0.428,0
2315,31,Heilongjiang,2015,180800977.2,0.041,0.125,0.116,0.063,0.06,0.052,2.417,0.286,0
2316,31,Heilongjiang,2016,180166854.6,0.042,0.118,0.118,0.042,0.059,0.054,2.503,0.176,0
2317,31,Heilongjiang,2017,187998552.0,0.045,0.127,0.109,0.069,0.062,0.061,2.744,0.27,0
2318,31,Heilongjiang,2018,192378913.7,0.041,0.133,0.105,0.051,0.066,0.061,2.669,0.207,0
2319,31,Heilongjiang,2019,192659861.7,0.046,0.142,0.174,0.078,0.073,0.064,3.411,0.374,0
2320,31,Heilongjiang,2020,195478907.6,0.042,0.136,0.144,0.087,0.071,0.063,3.377,0.246,0
2321,31,Heilongjiang,2021,205439885.6,0.05,0.142,0.148,0.053,0.075,0.065,3.221,0.317,0
2322,31,Heilongjiang,2022,203734318.9,0.051,0.143,0.15,0.054,0.075,0.065,2.786,0.345,0
2323,31,Heilongjiang,2023,214795337.2,0.05,0.143,0.151,0.054,0.074,0.065,2.56,0.336,0
3100,1,Shanghai,2000,71538175.19,0.024,0.067,0.12,0.007,0.034,0.03,6.212,0.168,0
3101,1,Shanghai,2001,69645920.86,0.024,0.069,0.095,0.011,0.037,0.03,6.25,0.136,0
3102,1,Shanghai,2002,80866286.07,0.025,0.076,0.101,0.01,0.038,0.035,5.533,0.226,0
3103,1,Shanghai,2003,92319351.45,0.024,0.079,0.116,0.009,0.04,0.037,4.827,0.194,0
3104,1,Shanghai,2004,108254088.2,0.025,0.084,0.081,0.013,0.04,0.039,4.367,0.19,0
3105,1,Shanghai,2005,115370448.0,0.027,0.083,0.095,0.015,0.045,0.039,3.923,0.193,0
3106,1,Shanghai,2006,124628480.0,0.028,0.091,0.077,0.015,0.045,0.039,3.814,0.211,0
3107,1,Shanghai,2007,127207432.0,0.034,0.095,0.073,0.009,0.051,0.043,3.074,0.3,0
3108,1,Shanghai,2008,133276677.8,0.032,0.099,0.082,0.012,0.053,0.047,2.955,0.344,0
3109,1,Shanghai,2009,149620546.7,0.031,0.098,0.069,0.018,0.049,0.043,2.706,0.109,0
3110,1,Shanghai,2010,167517170.3,0.034,0.098,0.056,0.026,0.054,0.045,2.609,0.182,0
3111,1,Shanghai,2011,174438236.8,0.037,0.111,0.064,0.024,0.054,0.047,2.51,0.246,0
3112,1,Shanghai,2012,179224048.6,0.035,0.106,0.066,0.024,0.055,0.048,2.305,0.111,0
3113,1,Shanghai,2013,181945393.6,0.04,0.109,0.059,0.022,0.059,0.051,2.356,0.196,0
3114,1,Shanghai,2014,186258094.7,0.036,0.115,0.072,0.031,0.057,0.05,2.191,0.139,0
3115,1,Shanghai,2015,193922502.3,0.04,0.121,0.065,0.038,0.061,0.057,1.965,0.266,0
3116,1,Shanghai,2016,181333613.2,0.04,0.128,0.052,0.055,0.064,0.059,1.789,0.264,0
3117,1,Shanghai,2017,183883762.2,0.037,0.121,0.05,0.078,0.063,0.059,1.849,0.164,0
3118,1,Shanghai,2018,188922189.7,0.041,0.131,0.057,0.08,0.071,0.062,1.813,0.265,0
3119,1,Shanghai,2019,196674965.8,0.047,0.141,0.059,0.071,0.072,0.068,1.514,0.366,0
3120,1,Shanghai,2020,193113587.5,0.052,0.143,0.063,0.069,0.078,0.064,1.566,0.433,0
3121,1,Shanghai,2021,202709667.9,0.049,0.151,0.052,0.056,0.078,0.066,1.431,0.349,0
3122,1,Shanghai,2022,196101244.4,0.049,0.156,0.053,0.057,0.079,0.066,1.391,0.381,0
3123,1,Shanghai,2023,205270742.6,0.05,0.152,0.053,0.058,0.08,0.065,1.321,0.393,0
3200,15,Jiangsu,2000,279168196.9,0.023,0.068,0.054,0.021,0.035,0.03,2.468,0.248,0
3201,15,Jiangsu,2001,297308552.2,0.023,0.071,0.063,0.017,0.036,0.033,2.622,0.225,0
3202,15,Jiangsu,2002,312324741.0,0.023,0.074,0.048,0.019,0.04,0.035,2.192,0.225,0
3203,15,Jiangsu,2003,363877490.0,0.028,0.076,0.055,0.023,0.04,0.036,1.975,0.274,0
3204,15,Jiangsu,2004,434922548.6,0.027,0.078,0.048,0.028,0.043,0.037,1.682,0.262,0
3205,15,Jiangsu,2005,531706076.0,0.027,0.084,0.046,0.028,0.046,0.037,1.567,0.247,0
3206,15,Jiangsu,2006,597512846.8,0.032,0.094,0.048,0.027,0.05,0.044,1.419,0.47,0
3207,15,Jiangsu,2007,618783054.2,0.031,0.094,0.033,0.024,0.048,0.043,1.079,0.275,0
3208,15,Jiangsu,2008,630227213.2,0.031,0.095,0.032,0.053,0.05,0.043,1.058,0.285,0
3209,15,Jiangsu,2009,669789622.9,0.033,0.106,0.034,0.067,0.054,0.047,0.968,0.358,0
3210,15,Jiangsu,2010,731163827.6,0.033,0.109,0.033,0.072,0.057,0.048,0.854,0.344,0
3211,15,Jiangsu,2011,796485956.1,0.039,0.109,0.028,0.075,0.058,0.051,0.688,0.383,0
3212,15,Jiangsu,2012,819466358.0,0.041,0.113,0.024,0.075,0.057,0.049,0.688,0.377,0
3213,15,Jiangsu,2013,861809498.4,0.041,0.121,0.021,0.087,0.064,0.058,0.63,0.493,0
3214,15,Jiangsu,2014,870495699.8,0.036,0.119,0.024,0.09,0.059,0.052,0.619,0.265,0
3215,15,Jiangsu,2015,833144487.7,0.037,0.113,0.02,0.117,0.063,0.053,0.537,0.225,0
3216,15,Jiangsu,2016,830689800.1,0.04,0.128,0.024,0.108,0.07,0.059,0.507,0.339,0
3217,15,Jiangsu,2017,848511603.7,0.039,0.124,0.018,0.113,0.067,0.06,0.48,0.271,0
3218,15,Jiangsu,2018,884215524.3,0.045,0.13,0.022,0.118,0.064,0.057,0.457,0.229,0
3219,15,Jiangsu,2019,903868907.2,0.045,0.139,0.022,0.122,0.071,0.063,0.395,0.313,0
3220,15,Jiangsu,2020,894963263.8,0.046,0.137,0.024,0.123,0.073,0.067,0.426,0.345,0
3221,15,Jiangsu,2021,936367879.0,0.049,0.143,0.022,0.105,0.069,0.061,0.358,0.254,0
3222,15,Jiangsu,2022,919149783.2,0.047,0.14,0.022,0.103,0.069,0.059,0.342,0.211,0
3223,15,Jiangsu,2023,963665851.7,0.047,0.137,0.022,0.103,0.068,0.059,0.332,0.182,0
3300,19,Zhejiang,2000,119013241.5,0.024,0.071,0.093,0.013,0.036,0.032,3.592,0.306,0
3301,19,Zhejiang,2001,126433723.4,0.024,0.073,0.087,0.011,0.036,0.031,3.623,0.204,0
3302,19,Zhejiang,2002,135158750.7,0.023,0.075,0.067,0.015,0.039,0.031,2.938,0.173,0
3303,19,Zhejiang,2003,157390352.8,0.028,0.076,0.061,0.017,0.042,0.036,2.542,0.286,0
3304,19,Zhejiang,2004,184446522.4,0.027,0.084,0.069,0.016,0.044,0.039,2.116,0.286,0
3305,19,Zhejiang,2005,212698735.4,0.028,0.092,0.056,0.016,0.044,0.039,2.036,0.303,0
3306,19,Zhejiang,2006,256460745.3,0.034,0.094,0.069,0.016,0.047,0.04,1.787,0.346,0
3307,19,Zhejiang,2007,273236958.5,0.03,0.094,0.05,0.016,0.05,0.046,1.624,0.28,0
3308,19,Zhejiang,2008,294301735.4,0.03,0.091,0.037,0.027,0.051,0.041,1.383,0.145,0
3309,19,Zhejiang,2009,314858882.5,0.035,0.101,0.052,0.026,0.053,0.045,1.419,0.266,0
3310,19,Zhejiang,2010,338328727.9,0.032,0.102,0.036,0.035,0.05,0.043,1.272,0.115,0
3311,19,Zhejiang,2011,366433475.4,0.037,0.108,0.04,0.039,0.053,0.048,1.123,0.238,0
3312,19,Zhejiang,2012,366509350.7,0.036,0.107,0.04,0.03,0.056,0.048,1.031,0.15,0
3313,19,Zhejiang,2013,376790997.2,0.039,0.113,0.039,0.042,0.06,0.052,0.924,0.258,0
3314,19,Zhejiang,2014,388705304.7,0.04,0.124,0.037,0.051,0.06,0.057,0.99,0.343,0
3315,19,Zhejiang,2015,392447772.0,0.039,0.12,0.033,0.067,0.063,0.054,0.866,0.254,0
3316,19,Zhejiang,2016,388672337.8,0.043,0.128,0.039,0.063,0.068,0.057,0.806,0.325,0
3317,19,Zhejiang,2017,392599706.8,0.045,0.131,0.037,0.065,0.071,0.063,0.725,0.378,1
3318,19,Zhejiang,2018,403914618.8,0.048,0.135,0.036,0.06,0.068,0.065,0.769,0.327,1
3319,19,Zhejiang,2019,404079923.3,0.05,0.136,0.036,0.106,0.067,0.063,0.717,0.339,1
3320,19,Zhejiang,2020,407022336.1,0.045,0.131,0.029,0.084,0.071,0.065,0.696,0.22,1
3321,19,Zhejiang,2021,425847150.8,0.047,0.14,0.026,0.078,0.07,0.065,0.663,0.229,1
3322,19,Zhejiang,2022,414972485.6,0.048,0.141,0.026,0.078,0.069,0.067,0.563,0.263,1
3323,19,Zhejiang,2023,441801707.7,0.048,0.142,0.026,0.078,0.07,0.066,0.47,0.258,1
3400,9,Anhui,2000,144342900.7,0.024,0.068,0.19,0.013,0.037,0.033,4.887,0.322,0
3401,9,Anhui,2001,152599784.5,0.023,0.072,0.166,0.015,0.037,0.033,4.27,0.249,0
3402,9,Anhui,2002,159799154.3,0.023,0.072,0.144,0.019,0.04,0.034,4.868,0.21,0
3403,9,Anhui,2003,177350080.1,0.025,0.079,0.174,0.012,0.039,0.036,4.24,0.201,0
3404,9,Anhui,2004,197213866.2,0.029,0.087,0.171,0.015,0.043,0.041,3.333,0.365,0
3405,9,Anhui,2005,226390503.0,0.028,0.09,0.167,0.015,0.045,0.04,3.171,0.312,0
3406,9,Anhui,2006,248580760.0,0.029,0.09,0.151,0.022,0.05,0.044,2.986,0.402,0
3407,9,Anhui,2007,285447471.3,0.029,0.093,0.107,0.017,0.051,0.045,2.596,0.262,0
3408,9,Anhui,2008,322314417.6,0.032,0.092,0.118,0.025,0.046,0.043,2.477,0.189,0
3409,9,Anhui,2009,334870311.6,0.036,0.104,0.119,0.025,0.053,0.046,2.109,0.313,0
3410,9,Anhui,2010,358503105.6,0.035,0.103,0.073,0.031,0.053,0.044,1.605,0.217,0
3411,9,Anhui,2011,389163956.8,0.034,0.107,0.071,0.034,0.058,0.046,1.264,0.193,0
3412,9,Anhui,2012,402870381.9,0.037,0.107,0.081,0.048,0.054,0.047,1.28,0.177,0
3413,9,Anhui,2013,432133808.6,0.036,0.111,0.069,0.042,0.056,0.049,1.062,0.145,0
3414,9,Anhui,2014,439745963.8,0.038,0.119,0.08,0.045,0.061,0.053,0.999,0.269,0
3415,9,Anhui,2015,444211403.6,0.04,0.115,0.075,0.056,0.056,0.055,0.96,0.196,0
3416,9,Anhui,2016,447562126.0,0.04,0.126,0.064,0.045,0.065,0.059,1.036,0.254,0
3417,9,Anhui,2017,453812967.8,0.038,0.123,0.061,0.08,0.067,0.06,0.883,0.24,0
3418,9,Anhui,2018,492192397.8,0.043,0.131,0.062,0.075,0.067,0.059,0.766,0.228,0
3419,9,Anhui,2019,493113574.0,0.046,0.138,0.052,0.109,0.073,0.068,0.645,0.372,0
3420,9,Anhui,2020,491921365.1,0.046,0.144,0.05,0.065,0.07,0.066,0.696,0.337,0
3421,9,Anhui,2021,517951754.2,0.042,0.139,0.049,0.071,0.075,0.062,0.748,0.205,0
3422,9,Anhui,2022,520912330.6,0.043,0.142,0.05,0.071,0.075,0.062,0.662,0.215,0
3423,9,Anhui,2023,546920399.2,0.043,0.144,0.05,0.071,0.074,0.062,0.585,0.225,0
3500,24,Fujian,2000,74605153.85,0.022,0.069,0.123,0.003,0.037,0.03,5.399,0.215,0
3501,24,Fujian,2001,85162161.4,0.023,0.074,0.162,0.002,0.038,0.031,5.218,0.191,0
3502,24,Fujian,2002,90278008.48,0.029,0.078,0.152,0.002,0.039,0.036,4.926,0.336,0
3503,24,Fujian,2003,100742479.7,0.028,0.077,0.145,0.003,0.041,0.038,4.879,0.275,0
3504,24,Fujian,2004,114755304.7,0.031,0.084,0.125,0.003,0.047,0.038,4.591,0.32,0
3505,24,Fujian,2005,128468333.6,0.03,0.09,0.133,0.003,0.046,0.039,4.401,0.278,0
3506,24,Fujian,2006,156057297.4,0.027,0.088,0.121,0.003,0.044,0.038,3.892,0.106,0
3507,24,Fujian,2007,163085433.4,0.035,0.096,0.102,0.004,0.049,0.045,2.939,0.327,0
3508,24,Fujian,2008,172245888.4,0.035,0.104,0.106,0.006,0.054,0.045,2.629,0.4,0
3509,24,Fujian,2009,182919859.6,0.035,0.102,0.098,0.016,0.051,0.049,2.604,0.251,0
3510,24,Fujian,2010,201986329.0,0.037,0.105,0.076,0.016,0.051,0.047,2.368,0.234,0
3511,24,Fujian,2011,223567888.0,0.037,0.107,0.064,0.017,0.055,0.046,1.831,0.216,0
3512,24,Fujian,2012,228852630.3,0.037,0.108,0.059,0.021,0.055,0.046,1.758,0.144,0
3513,24,Fujian,2013,232099096.8,0.04,0.119,0.066,0.024,0.064,0.056,1.75,0.394,0
3514,24,Fujian,2014,235206846.7,0.042,0.123,0.068,0.022,0.06,0.056,1.619,0.317,0
3515,24,Fujian,2015,231335072.3,0.035,0.118,0.053,0.041,0.06,0.056,1.506,0.195,0
3516,24,Fujian,2016,228426945.8,0.041,0.125,0.061,0.048,0.068,0.057,1.467,0.264,0
3517,24,Fujian,2017,236281755.5,0.043,0.132,0.059,0.038,0.066,0.059,1.171,0.274,0
3518,24,Fujian,2018,247948702.5,0.042,0.13,0.043,0.052,0.064,0.061,1.223,0.167,0
3519,24,Fujian,2019,251683740.7,0.049,0.142,0.058,0.059,0.074,0.061,1.008,0.353,0
3520,24,Fujian,2020,251596524.3,0.046,0.139,0.05,0.05,0.074,0.064,0.948,0.287,0
3521,24,Fujian,2021,269332031.3,0.044,0.144,0.042,0.046,0.069,0.067,0.962,0.208,0
3522,24,Fujian,2022,267029803.7,0.043,0.147,0.042,0.046,0.071,0.067,0.865,0.222,0
3523,24,Fujian,2023,275303145.3,0.043,0.144,0.042,0.046,0.072,0.068,0.826,0.221,0
3600,16,Jiangxi,2000,80508714.03,0.024,0.067,0.244,0.004,0.033,0.029,7.075,0.131,0
3601,16,Jiangxi,2001,84728768.81,0.023,0.076,0.296,0.004,0.038,0.035,7.517,0.318,0
3602,16,Jiangxi,2002,90491756.73,0.025,0.082,0.324,0.005,0.039,0.038,6.41,0.328,0
3603,16,Jiangxi,2003,105181834.1,0.024,0.078,0.242,0.004,0.038,0.037,4.966,0.15,0
3604,16,Jiangxi,2004,117303726.8,0.03,0.087,0.226,0.004,0.045,0.039,5.221,0.335,0
3605,16,Jiangxi,2005,128496410.6,0.028,0.088,0.231,0.005,0.045,0.038,4.416,0.227,0
3606,16,Jiangxi,2006,135971300.6,0.028,0.086,0.163,0.006,0.045,0.038,3.684,0.129,0
3607,16,Jiangxi,2007,155131109.7,0.031,0.088,0.151,0.006,0.043,0.042,3.078,0.158,0
3608,16,Jiangxi,2008,158460285.5,0.032,0.097,0.138,0.006,0.05,0.046,2.598,0.281,0
3609,16,Jiangxi,2009,176529448.7,0.036,0.103,0.145,0.016,0.051,0.051,2.465,0.291,0
3610,16,Jiangxi,2010,184656623.1,0.034,0.101,0.13,0.016,0.052,0.046,2.287,0.185,0
3611,16,Jiangxi,2011,203036472.2,0.034,0.104,0.102,0.016,0.056,0.05,2.005,0.171,0
3612,16,Jiangxi,2012,209492684.2,0.036,0.108,0.113,0.022,0.054,0.049,1.732,0.16,0
3613,16,Jiangxi,2013,213709041.9,0.035,0.112,0.104,0.027,0.056,0.048,1.507,0.129,0
3614,16,Jiangxi,2014,211874325.3,0.041,0.114,0.085,0.028,0.06,0.05,1.487,0.208,0
3615,16,Jiangxi,2015,212141056.6,0.039,0.115,0.096,0.037,0.062,0.053,1.619,0.189,0
3616,16,Jiangxi,2016,214928058.8,0.043,0.125,0.094,0.05,0.065,0.057,1.456,0.295,0
3617,16,Jiangxi,2017,215656927.0,0.039,0.122,0.078,0.048,0.063,0.059,1.15,0.168,1
3618,16,Jiangxi,2018,225504245.6,0.045,0.13,0.073,0.051,0.064,0.058,1.323,0.185,1
3619,16,Jiangxi,2019,226600831.2,0.046,0.144,0.078,0.061,0.073,0.062,1.043,0.332,1
3620,16,Jiangxi,2020,232523996.4,0.045,0.131,0.078,0.053,0.068,0.06,1.173,0.151,1
3621,16,Jiangxi,2021,252422344.1,0.047,0.141,0.068,0.05,0.073,0.062,0.944,0.226,1
3622,16,Jiangxi,2022,262287917.2,0.047,0.138,0.068,0.05,0.073,0.062,0.862,0.217,1
3623,16,Jiangxi,2023,273116317.6,0.048,0.134,0.069,0.05,0.072,0.062,0.848,0.206,1
3700,10,Shandong,2000,384095327.3,0.025,0.07,0.065,0.023,0.036,0.032,2.396,0.349,0
3701,10,Shandong,2001,403922520.8,0.026,0.076,0.055,0.023,0.039,0.033,2.601,0.384,0
3702,10,Shandong,2002,450278097.7,0.024,0.077,0.069,0.026,0.038,0.037,2.16,0.296,0
3703,10,Shandong,2003,549374220.2,0.027,0.077,0.054,0.021,0.04,0.035,2.066,0.239,0
3704,10,Shandong,2004,623612538.1,0.029,0.079,0.049,0.026,0.044,0.036,1.87,0.295,0
3705,10,Shandong,2005,673934531.5,0.029,0.088,0.051,0.03,0.045,0.042,1.459,0.384,0
3706,10,Shandong,2006,736411950.3,0.029,0.087,0.037,0.023,0.045,0.04,1.309,0.22,0
3707,10,Shandong,2007,781165657.9,0.032,0.096,0.034,0.02,0.049,0.043,1.125,0.295,0
3708,10,Shandong,2008,795067085.4,0.035,0.098,0.036,0.032,0.051,0.046,1.061,0.385,0
3709,10,Shandong,2009,840164781.3,0.03,0.1,0.026,0.033,0.051,0.044,0.856,0.16,0
3710,10,Shandong,2010,888233588.0,0.038,0.103,0.029,0.059,0.053,0.05,0.886,0.322,0
3711,10,Shandong,2011,949154573.9,0.033,0.103,0.026,0.054,0.051,0.044,0.684,0.088,0
3712,10,Shandong,2012,975769063.0,0.035,0.107,0.023,0.065,0.052,0.05,0.754,0.161,0
3713,10,Shandong,2013,1027827623.0,0.035,0.112,0.022,0.087,0.055,0.047,0.671,0.145,0
3714,10,Shandong,2014,1036199633.0,0.037,0.12,0.029,0.062,0.063,0.052,0.638,0.277,0
3715,10,Shandong,2015,1042331762.0,0.043,0.125,0.024,0.082,0.06,0.06,0.653,0.376,0
3716,10,Shandong,2016,1062190662.0,0.042,0.127,0.03,0.104,0.065,0.061,0.599,0.358,0
3717,10,Shandong,2017,1074950876.0,0.04,0.127,0.025,0.094,0.063,0.058,0.572,0.228,0
3718,10,Shandong,2018,1110236768.0,0.043,0.135,0.029,0.107,0.072,0.062,0.5,0.339,0
3719,10,Shandong,2019,1137954077.0,0.043,0.131,0.023,0.125,0.063,0.056,0.655,0.158,0
3720,10,Shandong,2020,1148726669.0,0.043,0.132,0.022,0.108,0.068,0.057,0.553,0.144,0
3721,10,Shandong,2021,1178087737.0,0.047,0.137,0.025,0.09,0.073,0.064,0.493,0.24,0
3722,10,Shandong,2022,1146652057.0,0.047,0.139,0.025,0.09,0.073,0.063,0.514,0.249,0
3723,10,Shandong,2023,1177673402.0,0.048,0.139,0.024,0.089,0.074,0.063,0.532,0.269,0
4100,18,Henan,2000,223754241.6,0.022,0.068,0.095,0.022,0.035,0.032,2.521,0.275,0
4101,18,Henan,2001,241104222.2,0.023,0.074,0.107,0.012,0.04,0.034,2.959,0.302,0
4102,18,Henan,2002,257188779.0,0.025,0.075,0.092,0.015,0.036,0.035,2.292,0.211,0
4103,18,Henan,2003,297991142.9,0.025,0.084,0.09,0.022,0.043,0.036,2.046,0.347,0
4104,18,Henan,2004,362742660.4,0.027,0.084,0.098,0.018,0.047,0.039,1.933,0.335,0
4105,18,Henan,2005,411795162.2,0.03,0.088,0.091,0.02,0.045,0.043,1.641,0.371,0
4106,18,Henan,2006,456193034.3,0.03,0.092,0.077,0.024,0.048,0.042,1.271,0.366,0
4107,18,Henan,2007,501769723.4,0.029,0.096,0.062,0.017,0.047,0.041,1.106,0.2,0
4108,18,Henan,2008,518063559.0,0.035,0.096,0.054,0.031,0.05,0.043,1.243,0.306,0
4109,18,Henan,2009,542281258.0,0.031,0.096,0.045,0.038,0.052,0.045,1.072,0.182,0
4110,18,Henan,2010,582054604.0,0.032,0.1,0.045,0.052,0.053,0.047,0.916,0.192,0
4111,18,Henan,2011,632205846.7,0.036,0.106,0.037,0.047,0.054,0.051,0.705,0.238,0
4112,18,Henan,2012,652481297.8,0.034,0.107,0.042,0.073,0.057,0.051,0.824,0.211,0
4113,18,Henan,2013,674562316.3,0.037,0.118,0.048,0.077,0.059,0.056,0.818,0.346,0
4114,18,Henan,2014,665211909.0,0.042,0.119,0.038,0.061,0.059,0.052,0.651,0.289,0
4115,18,Henan,2015,659924911.4,0.038,0.114,0.04,0.083,0.062,0.053,0.733,0.205,0
4116,18,Henan,2016,647569257.4,0.046,0.13,0.045,0.102,0.065,0.06,0.641,0.438,0
4117,18,Henan,2017,650981464.4,0.046,0.131,0.041,0.085,0.07,0.059,0.529,0.371,0
4118,18,Henan,2018,674804784.7,0.042,0.134,0.037,0.104,0.074,0.065,0.501,0.362,0
4119,18,Henan,2019,691043674.5,0.044,0.138,0.037,0.097,0.068,0.062,0.472,0.261,0
4120,18,Henan,2020,697135595.1,0.048,0.14,0.033,0.088,0.07,0.059,0.486,0.285,0
4121,18,Henan,2021,729969987.7,0.045,0.134,0.038,0.095,0.068,0.059,0.534,0.154,0
4122,18,Henan,2022,713191350.2,0.044,0.133,0.037,0.093,0.067,0.059,0.525,0.131,0
4123,18,Henan,2023,736854465.7,0.045,0.132,0.038,0.093,0.068,0.06,0.557,0.143,0
4200,21,Hubei,2000,170592907.4,0.022,0.067,0.127,0.011,0.034,0.032,5.403,0.195,0
4201,21,Hubei,2001,172244663.8,0.023,0.076,0.15,0.012,0.038,0.036,5.628,0.356,0
4202,21,Hubei,2002,181760737.3,0.025,0.075,0.141,0.02,0.038,0.035,5.917,0.267,0
4203,21,Hubei,2003,208491772.2,0.028,0.082,0.16,0.016,0.043,0.039,5.688,0.427,0
4204,21,Hubei,2004,243176720.6,0.025,0.082,0.124,0.018,0.042,0.037,4.842,0.207,0
4205,21,Hubei,2005,261770843.6,0.031,0.087,0.128,0.019,0.046,0.038,4.269,0.325,0
4206,21,Hubei,2006,302563951.0,0.029,0.09,0.138,0.016,0.05,0.041,3.806,0.334,0
4207,21,Hubei,2007,314925942.8,0.033,0.098,0.103,0.012,0.048,0.041,3.058,0.274,0
4208,21,Hubei,2008,323740891.0,0.03,0.095,0.091,0.021,0.05,0.042,2.521,0.188,0
4209,21,Hubei,2009,354625736.3,0.033,0.096,0.095,0.04,0.053,0.048,2.625,0.251,0
4210,21,Hubei,2010,382510132.7,0.037,0.105,0.087,0.046,0.052,0.045,2.001,0.27,0
4211,21,Hubei,2011,407045124.4,0.038,0.106,0.066,0.046,0.058,0.048,1.801,0.299,0
4212,21,Hubei,2012,428483320.6,0.034,0.106,0.058,0.049,0.052,0.049,1.711,0.11,0
4213,21,Hubei,2013,442385246.1,0.038,0.113,0.055,0.046,0.056,0.051,1.435,0.209,0
4214,21,Hubei,2014,456516122.1,0.041,0.125,0.055,0.042,0.06,0.056,1.469,0.341,0
4215,21,Hubei,2015,455372275.1,0.041,0.123,0.051,0.06,0.063,0.057,1.39,0.318,0
4216,21,Hubei,2016,449464277.8,0.04,0.12,0.048,0.054,0.062,0.053,1.307,0.153,0
4217,21,Hubei,2017,453294594.4,0.045,0.124,0.043,0.049,0.061,0.055,1.202,0.168,0
4218,21,Hubei,2018,470428512.5,0.043,0.127,0.042,0.071,0.068,0.054,1.047,0.17,0
4219,21,Hubei,2019,490417179.4,0.043,0.143,0.042,0.084,0.076,0.061,0.869,0.297,0
4220,21,Hubei,2020,494932839.5,0.05,0.135,0.047,0.071,0.07,0.06,0.994,0.26,0
4221,21,Hubei,2021,515799203.6,0.052,0.142,0.04,0.048,0.077,0.067,0.982,0.313,0
4222,21,Hubei,2022,503020384.4,0.053,0.142,0.041,0.047,0.078,0.066,0.872,0.345,0
4223,21,Hubei,2023,544823400.2,0.052,0.141,0.041,0.047,0.078,0.065,0.8,0.337,0
4300,22,Hunan,2000,93269514.41,0.023,0.07,0.169,0.019,0.035,0.03,5.564,0.267,0
4301,22,Hunan,2001,97550990.69,0.022,0.07,0.133,0.024,0.037,0.032,6.381,0.223,0
4302,22,Hunan,2002,102022503.3,0.024,0.075,0.155,0.028,0.037,0.033,5.393,0.251,0
4303,22,Hunan,2003,117842856.5,0.024,0.078,0.143,0.016,0.04,0.036,5.554,0.193,0
4304,22,Hunan,2004,140246996.4,0.026,0.081,0.138,0.021,0.041,0.039,4.644,0.244,0
4305,22,Hunan,2005,152720681.6,0.03,0.084,0.125,0.021,0.046,0.041,4.134,0.319,0
4306,22,Hunan,2006,178813507.7,0.029,0.087,0.105,0.021,0.047,0.037,3.834,0.211,0
4307,22,Hunan,2007,207796793.3,0.03,0.089,0.087,0.016,0.045,0.039,3.213,0.141,0
4308,22,Hunan,2008,205941936.9,0.031,0.096,0.08,0.021,0.049,0.047,2.703,0.29,0
4309,22,Hunan,2009,219384144.6,0.032,0.101,0.078,0.037,0.051,0.048,2.247,0.229,0
4310,22,Hunan,2010,228643763.6,0.033,0.108,0.067,0.043,0.055,0.049,2.001,0.291,0
4311,22,Hunan,2011,248157091.1,0.037,0.105,0.056,0.041,0.057,0.048,1.876,0.255,0
4312,22,Hunan,2012,255001733.0,0.04,0.112,0.067,0.048,0.059,0.054,1.653,0.382,0
4313,22,Hunan,2013,261042897.0,0.036,0.114,0.056,0.057,0.055,0.053,1.441,0.212,0
4314,22,Hunan,2014,256754054.1,0.041,0.116,0.046,0.065,0.055,0.052,1.449,0.236,0
4315,22,Hunan,2015,253281451.3,0.04,0.125,0.053,0.063,0.062,0.058,1.421,0.335,0
4316,22,Hunan,2016,255078574.9,0.038,0.121,0.044,0.069,0.061,0.055,1.288,0.149,0
4317,22,Hunan,2017,254634463.9,0.042,0.127,0.059,0.067,0.063,0.063,1.205,0.257,0
4318,22,Hunan,2018,259475240.6,0.042,0.134,0.051,0.078,0.07,0.064,1.138,0.295,0
4319,22,Hunan,2019,259868617.6,0.048,0.137,0.057,0.085,0.068,0.058,1.103,0.279,0
4320,22,Hunan,2020,256405104.6,0.044,0.14,0.057,0.084,0.071,0.062,1.007,0.271,0
4321,22,Hunan,2021,275916516.7,0.051,0.145,0.042,0.057,0.074,0.069,0.962,0.324,0
4322,22,Hunan,2022,274691729.3,0.051,0.143,0.042,0.057,0.073,0.069,0.88,0.329,0
4323,22,Hunan,2023,298513888.9,0.052,0.141,0.042,0.057,0.073,0.069,0.826,0.33,0
4400,12,Guangdong,2000,243059512.2,0.022,0.066,0.05,0.01,0.034,0.03,2.919,0.147,0
4401,12,Guangdong,2001,252345786.4,0.023,0.069,0.047,0.01,0.036,0.03,2.754,0.107,0
4402,12,Guangdong,2002,265486402.1,0.025,0.079,0.051,0.011,0.041,0.037,2.517,0.314,0
4403,12,Guangdong,2003,305345034.3,0.027,0.078,0.043,0.011,0.04,0.036,2.206,0.231,0
4404,12,Guangdong,2004,348366777.7,0.03,0.083,0.04,0.011,0.042,0.041,1.973,0.299,0
4405,12,Guangdong,2005,371462010.5,0.028,0.088,0.041,0.016,0.049,0.041,1.657,0.323,0
4406,12,Guangdong,2006,383360096.6,0.029,0.094,0.039,0.015,0.05,0.042,1.446,0.37,0
4407,12,Guangdong,2007,392957070.6,0.028,0.089,0.028,0.014,0.048,0.043,1.27,0.157,0
4408,12,Guangdong,2008,397043715.1,0.031,0.094,0.024,0.023,0.046,0.042,1.108,0.157,0
4409,12,Guangdong,2009,420275364.5,0.031,0.094,0.021,0.054,0.052,0.046,1.162,0.198,0
4410,12,Guangdong,2010,462201726.2,0.033,0.104,0.024,0.101,0.053,0.047,0.962,0.279,0
4411,12,Guangdong,2011,519080536.8,0.034,0.109,0.021,0.111,0.055,0.047,0.893,0.258,0
4412,12,Guangdong,2012,528102851.0,0.04,0.114,0.024,0.095,0.061,0.051,0.822,0.45,0
4413,12,Guangdong,2013,551722950.7,0.039,0.111,0.02,0.123,0.059,0.049,0.776,0.272,0
4414,12,Guangdong,2014,552862327.2,0.04,0.112,0.022,0.1,0.057,0.05,0.729,0.239,0
4415,12,Guangdong,2015,546155407.9,0.04,0.124,0.021,0.126,0.062,0.052,0.749,0.319,0
4416,12,Guangdong,2016,548850883.3,0.039,0.125,0.021,0.115,0.064,0.057,0.683,0.26,0
4417,12,Guangdong,2017,550385185.1,0.039,0.126,0.019,0.18,0.065,0.058,0.605,0.315,1
4418,12,Guangdong,2018,571610771.8,0.042,0.137,0.02,0.199,0.073,0.064,0.587,0.448,1
4419,12,Guangdong,2019,578728114.7,0.041,0.133,0.019,0.269,0.069,0.062,0.547,0.307,1
4420,12,Guangdong,2020,600455997.4,0.049,0.148,0.02,0.166,0.076,0.065,0.548,0.513,1
4421,12,Guangdong,2021,640688595.7,0.048,0.143,0.019,0.172,0.074,0.061,0.517,0.346,1
4422,12,Guangdong,2022,634197577.8,0.049,0.139,0.019,0.17,0.074,0.06,0.457,0.326,1
4423,12,Guangdong,2023,690722545.8,0.049,0.137,0.02,0.167,0.073,0.061,0.396,0.319,1
4500,13,Guangxi,2000,94638537.65,0.02,0.065,0.213,0.008,0.033,0.031,9.822,0.109,0
4501,13,Guangxi,2001,99131711.52,0.023,0.074,0.301,0.008,0.038,0.036,9.386,0.324,0
4502,13,Guangxi,2002,104441868.3,0.026,0.072,0.211,0.011,0.036,0.035,9.932,0.198,0
4503,13,Guangxi,2003,119919257.2,0.027,0.076,0.217,0.01,0.039,0.035,9.751,0.187,0
4504,13,Guangxi,2004,147368503.6,0.028,0.083,0.223,0.013,0.044,0.038,7.77,0.289,0
4505,13,Guangxi,2005,166502112.2,0.028,0.084,0.207,0.009,0.042,0.037,6.648,0.157,0
4506,13,Guangxi,2006,178175351.7,0.032,0.091,0.235,0.014,0.046,0.043,6.203,0.342,0
4507,13,Guangxi,2007,212773709.0,0.029,0.092,0.172,0.007,0.05,0.04,4.796,0.16,0
4508,13,Guangxi,2008,215478454.0,0.029,0.091,0.149,0.014,0.046,0.045,4.743,0.148,0
4509,13,Guangxi,2009,231890162.2,0.036,0.101,0.15,0.027,0.053,0.046,4.324,0.301,0
4510,13,Guangxi,2010,245827226.4,0.037,0.106,0.127,0.03,0.055,0.049,3.517,0.334,0
4511,13,Guangxi,2011,270331736.2,0.034,0.102,0.083,0.026,0.051,0.046,2.851,0.098,0
4512,13,Guangxi,2012,288017884.9,0.035,0.109,0.102,0.029,0.057,0.051,2.879,0.202,0
4513,13,Guangxi,2013,296261237.0,0.04,0.109,0.087,0.027,0.054,0.048,2.432,0.139,0
4514,13,Guangxi,2014,299701114.7,0.038,0.123,0.092,0.029,0.062,0.052,2.474,0.269,0
4515,13,Guangxi,2015,293584696.5,0.038,0.119,0.092,0.042,0.063,0.052,2.265,0.209,0
4516,13,Guangxi,2016,309446125.6,0.038,0.122,0.08,0.038,0.062,0.054,2.068,0.131,0
4517,13,Guangxi,2017,312652722.9,0.043,0.124,0.102,0.03,0.062,0.055,2.331,0.162,0
4518,13,Guangxi,2018,322487515.5,0.048,0.138,0.113,0.031,0.072,0.063,1.943,0.362,0
4519,13,Guangxi,2019,322055421.5,0.047,0.134,0.096,0.033,0.071,0.064,2.185,0.289,0
4520,13,Guangxi,2020,333517935.0,0.044,0.14,0.098,0.036,0.076,0.067,2.122,0.308,0
4521,13,Guangxi,2021,350229253.8,0.045,0.144,0.084,0.025,0.07,0.062,1.898,0.183,0
4522,13,Guangxi,2022,351706953.2,0.045,0.147,0.085,0.025,0.068,0.063,1.788,0.191,0
4523,13,Guangxi,2023,371606525.0,0.045,0.151,0.085,0.024,0.069,0.065,1.731,0.219,0
4600,20,Hainan,2000,17811898.15,0.023,0.072,1.085,0.002,0.035,0.034,39.029,0.327,0
4601,20,Hainan,2001,18656847.16,0.025,0.069,0.817,0.002,0.037,0.032,43.27,0.206,0
4602,20,Hainan,2002,19812107.55,0.026,0.079,1.041,0.002,0.038,0.037,39.467,0.357,0
4603,20,Hainan,2003,22071351.95,0.029,0.083,1.014,0.003,0.043,0.036,38.827,0.44,0
4604,20,Hainan,2004,26591493.99,0.028,0.079,0.956,0.004,0.039,0.039,33.394,0.262,0
4605,20,Hainan,2005,28531265.25,0.028,0.082,0.883,0.003,0.043,0.039,29.989,0.22,0
4606,20,Hainan,2006,31893762.37,0.029,0.092,0.907,0.003,0.047,0.043,25.763,0.397,0
4607,20,Hainan,2007,35022420.19,0.03,0.096,0.931,0.002,0.047,0.041,24.452,0.295,0
4608,20,Hainan,2008,35343724.97,0.032,0.092,0.63,0.003,0.048,0.041,20.257,0.186,0
4609,20,Hainan,2009,39964373.92,0.035,0.101,0.615,0.009,0.054,0.049,18.474,0.351,0
4610,20,Hainan,2010,42142585.3,0.038,0.105,0.613,0.006,0.057,0.05,16.359,0.438,0
4611,20,Hainan,2011,44204535.02,0.034,0.105,0.563,0.01,0.054,0.051,12.896,0.254,0
4612,20,Hainan,2012,47734274.54,0.035,0.109,0.463,0.01,0.055,0.047,11.632,0.207,0
4613,20,Hainan,2013,48572734.68,0.041,0.115,0.468,0.008,0.058,0.054,11.293,0.377,0
4614,20,Hainan,2014,47230960.2,0.036,0.12,0.441,0.01,0.063,0.053,11.156,0.324,0
4615,20,Hainan,2015,48005364.09,0.042,0.129,0.486,0.011,0.062,0.058,9.834,0.449,0
4616,20,Hainan,2016,48308301.98,0.04,0.119,0.412,0.016,0.063,0.053,10.193,0.205,0
4617,20,Hainan,2017,47958497.04,0.046,0.129,0.433,0.012,0.063,0.061,9.933,0.333,0
4618,20,Hainan,2018,48576370.11,0.046,0.136,0.473,0.02,0.074,0.066,7.97,0.45,0
4619,20,Hainan,2019,48492713.22,0.046,0.138,0.407,0.024,0.069,0.059,7.753,0.335,0
4620,20,Hainan,2020,50180102.12,0.045,0.139,0.358,0.018,0.067,0.061,8.624,0.263,0
4621,20,Hainan,2021,51004498.19,0.048,0.151,0.324,0.015,0.074,0.066,6.874,0.377,0
4622,20,Hainan,2022,50769413.96,0.048,0.151,0.325,0.015,0.075,0.067,6.908,0.38,0
4623,20,Hainan,2023,52930816.97,0.049,0.152,0.322,0.015,0.076,0.067,6.58,0.416,0
5000,28,Chongqing,2000,52337772.92,0.025,0.073,0.338,0.015,0.038,0.033,13.085,0.418,0
5001,28,Chongqing,2001,53914802.9,0.022,0.074,0.354,0.019,0.037,0.033,12.942,0.299,0
5002,28,Chongqing,2002,56748344.53,0.024,0.076,0.301,0.016,0.041,0.033,13.222,0.279,0
5003,28,Chongqing,2003,63289817.31,0.025,0.082,0.305,0.018,0.041,0.036,10.891,0.298,0
5004,28,Chongqing,2004,71510102.29,0.028,0.08,0.256,0.022,0.04,0.035,10.474,0.235,0
5005,28,Chongqing,2005,80021848.92,0.028,0.082,0.243,0.017,0.041,0.036,8.083,0.156,0
5006,28,Chongqing,2006,97053858.97,0.028,0.091,0.214,0.021,0.048,0.041,6.761,0.331,0
5007,28,Chongqing,2007,104835053.5,0.034,0.094,0.211,0.02,0.047,0.042,6.773,0.321,0
5008,28,Chongqing,2008,108779308.3,0.029,0.093,0.165,0.025,0.049,0.042,5.455,0.165,0
5009,28,Chongqing,2009,112666255.4,0.035,0.107,0.198,0.026,0.051,0.048,4.891,0.309,0
5010,28,Chongqing,2010,118286366.3,0.032,0.104,0.167,0.03,0.053,0.046,3.801,0.209,0
5011,28,Chongqing,2011,125844348.4,0.034,0.102,0.105,0.05,0.055,0.047,3.624,0.165,0
5012,28,Chongqing,2012,127918873.0,0.037,0.111,0.128,0.049,0.055,0.051,2.93,0.275,0
5013,28,Chongqing,2013,138989805.5,0.042,0.118,0.102,0.042,0.062,0.052,3.058,0.381,0
5014,28,Chongqing,2014,148431422.3,0.043,0.126,0.125,0.038,0.063,0.054,2.543,0.387,0
5015,28,Chongqing,2015,150142926.7,0.042,0.121,0.084,0.055,0.065,0.05,2.371,0.251,0
5016,28,Chongqing,2016,156090395.2,0.041,0.13,0.123,0.043,0.066,0.06,2.342,0.321,0
5017,28,Chongqing,2017,158984946.3,0.044,0.128,0.097,0.06,0.069,0.06,2.157,0.324,0
5018,28,Chongqing,2018,163651519.4,0.048,0.13,0.104,0.052,0.072,0.061,2.055,0.318,0
5019,28,Chongqing,2019,165075533.4,0.043,0.136,0.083,0.053,0.072,0.064,1.789,0.258,0
5020,28,Chongqing,2020,165423585.3,0.044,0.139,0.073,0.056,0.074,0.064,1.701,0.274,0
5021,28,Chongqing,2021,170228892.5,0.048,0.143,0.09,0.054,0.075,0.065,1.719,0.288,0
5022,28,Chongqing,2022,169049683.2,0.047,0.143,0.092,0.053,0.074,0.067,1.454,0.291,0
5023,28,Chongqing,2023,181041879.5,0.047,0.143,0.094,0.053,0.075,0.069,1.22,0.32,0
5100,6,Sichuan,2000,108654585.9,0.023,0.072,0.122,0.019,0.038,0.031,3.914,0.363,0
5101,6,Sichuan,2001,111107719.6,0.027,0.076,0.149,0.02,0.04,0.032,3.316,0.384,0
5102,6,Sichuan,2002,115845806.2,0.029,0.077,0.147,0.02,0.039,0.035,3.29,0.401,0
5103,6,Sichuan,2003,126520730.6,0.03,0.083,0.126,0.026,0.041,0.04,2.718,0.499,0
5104,6,Sichuan,2004,144673797.8,0.029,0.081,0.124,0.019,0.045,0.039,2.66,0.332,0
5105,6,Sichuan,2005,168215305.3,0.029,0.088,0.116,0.029,0.046,0.039,2.424,0.363,0
5106,6,Sichuan,2006,187790383.1,0.03,0.086,0.09,0.029,0.046,0.037,2.064,0.222,0
5107,6,Sichuan,2007,209899226.4,0.03,0.094,0.098,0.034,0.048,0.044,1.826,0.317,0
5108,6,Sichuan,2008,210783247.9,0.034,0.101,0.084,0.038,0.053,0.044,1.466,0.402,0
5109,6,Sichuan,2009,217217775.4,0.034,0.099,0.086,0.055,0.055,0.048,1.579,0.339,0
5110,6,Sichuan,2010,227612295.4,0.036,0.105,0.077,0.057,0.056,0.046,1.107,0.329,0
5111,6,Sichuan,2011,255342619.0,0.033,0.106,0.063,0.053,0.056,0.047,0.941,0.174,0
5112,6,Sichuan,2012,260054191.3,0.039,0.109,0.051,0.063,0.054,0.051,0.928,0.281,0
5113,6,Sichuan,2013,267196246.6,0.036,0.114,0.063,0.059,0.057,0.053,0.909,0.235,0
5114,6,Sichuan,2014,264785405.2,0.035,0.114,0.05,0.064,0.056,0.054,0.933,0.195,0
5115,6,Sichuan,2015,258202581.2,0.04,0.125,0.06,0.064,0.062,0.054,0.863,0.298,0
5116,6,Sichuan,2016,253662732.9,0.044,0.133,0.049,0.054,0.067,0.062,0.735,0.405,0
5117,6,Sichuan,2017,253441542.5,0.044,0.128,0.052,0.064,0.069,0.059,0.742,0.311,0
5118,6,Sichuan,2018,257759074.9,0.044,0.126,0.044,0.091,0.064,0.056,0.593,0.17,0
5119,6,Sichuan,2019,253486126.2,0.048,0.135,0.04,0.091,0.074,0.062,0.607,0.332,0
5120,6,Sichuan,2020,249253774.6,0.052,0.143,0.047,0.092,0.077,0.065,0.647,0.453,0
5121,6,Sichuan,2021,268385937.1,0.044,0.145,0.046,0.067,0.073,0.07,0.495,0.285,0
5122,6,Sichuan,2022,263363191.4,0.044,0.141,0.046,0.068,0.073,0.07,0.515,0.265,0
5123,6,Sichuan,2023,278601939.3,0.044,0.143,0.046,0.068,0.073,0.07,0.529,0.273,0
5200,26,Guizhou,2000,54241898.63,0.024,0.069,0.499,0.011,0.037,0.031,21.463,0.307,0
5201,26,Guizhou,2001,57076920.48,0.023,0.071,0.425,0.012,0.036,0.033,19.416,0.234,0
5202,26,Guizhou,2002,63726952.31,0.024,0.075,0.544,0.012,0.04,0.034,20.22,0.272,0
5203,26,Guizhou,2003,83217437.98,0.025,0.077,0.523,0.017,0.038,0.037,18.895,0.228,0
5204,26,Guizhou,2004,98803239.19,0.027,0.083,0.463,0.019,0.043,0.04,16.994,0.344,0
5205,26,Guizhou,2005,113341749.8,0.028,0.083,0.349,0.018,0.043,0.041,13.207,0.259,0
5206,26,Guizhou,2006,131977353.7,0.027,0.089,0.381,0.016,0.046,0.039,13.339,0.246,0
5207,26,Guizhou,2007,139363293.4,0.033,0.091,0.306,0.015,0.05,0.045,9.687,0.336,0
5208,26,Guizhou,2008,134040848.9,0.035,0.098,0.331,0.017,0.051,0.047,8.42,0.411,0
5209,26,Guizhou,2009,145971598.7,0.03,0.095,0.259,0.03,0.05,0.041,8.122,0.13,0
5210,26,Guizhou,2010,148215300.6,0.034,0.104,0.29,0.023,0.057,0.049,7.48,0.328,0
5211,26,Guizhou,2011,161835215.3,0.033,0.11,0.193,0.022,0.059,0.049,6.108,0.225,0
5212,26,Guizhou,2012,164789853.2,0.037,0.116,0.225,0.024,0.059,0.054,4.869,0.378,0
5213,26,Guizhou,2013,184366876.9,0.04,0.116,0.193,0.026,0.06,0.051,4.705,0.316,0
5214,26,Guizhou,2014,184466459.0,0.041,0.118,0.173,0.036,0.058,0.057,3.969,0.32,0
5215,26,Guizhou,2015,178585224.5,0.041,0.122,0.137,0.036,0.06,0.053,3.816,0.249,0
5216,26,Guizhou,2016,192573023.0,0.042,0.121,0.135,0.055,0.064,0.057,3.482,0.262,0
5217,26,Guizhou,2017,199679779.2,0.044,0.133,0.125,0.047,0.066,0.062,2.904,0.331,1
5218,26,Guizhou,2018,209301617.4,0.045,0.128,0.11,0.053,0.063,0.055,2.652,0.153,1
5219,26,Guizhou,2019,214417494.6,0.046,0.136,0.107,0.072,0.066,0.063,2.344,0.277,1
5220,26,Guizhou,2020,220897150.6,0.046,0.147,0.106,0.047,0.072,0.064,2.476,0.356,1
5221,26,Guizhou,2021,226784891.7,0.044,0.142,0.103,0.047,0.075,0.065,2.241,0.249,1
5222,26,Guizhou,2022,225588087.3,0.044,0.141,0.102,0.048,0.075,0.064,2.477,0.227,1
5223,26,Guizhou,2023,233239900.0,0.045,0.14,0.102,0.049,0.075,0.065,2.677,0.252,1
5300,2,Yunnan,2000,72648407.07,0.025,0.068,0.261,0.015,0.034,0.033,4.057,0.284,0
5301,2,Yunnan,2001,75648291.05,0.027,0.076,0.229,0.016,0.037,0.032,3.023,0.351,0
5302,2,Yunnan,2002,79207724.23,0.027,0.077,0.27,0.019,0.04,0.036,3.422,0.388,0
5303,2,Yunnan,2003,94204005.04,0.027,0.077,0.228,0.019,0.041,0.034,3.063,0.252,0
5304,2,Yunnan,2004,109501158.9,0.026,0.082,0.215,0.027,0.044,0.036,1.645,0.299,0
5305,2,Yunnan,2005,119960510.0,0.028,0.086,0.275,0.02,0.047,0.041,1.784,0.339,0
5306,2,Yunnan,2006,142414875.3,0.033,0.088,0.221,0.018,0.045,0.042,1.99,0.306,0
5307,2,Yunnan,2007,161465059.9,0.028,0.094,0.189,0.015,0.049,0.043,1.78,0.222,0
5308,2,Yunnan,2008,165360706.5,0.035,0.097,0.185,0.029,0.05,0.048,1.309,0.423,0
5309,2,Yunnan,2009,170803511.1,0.031,0.097,0.152,0.043,0.052,0.045,1.218,0.217,0
5310,2,Yunnan,2010,181827081.4,0.033,0.1,0.14,0.042,0.053,0.045,1.279,0.204,0
5311,2,Yunnan,2011,197174329.7,0.033,0.102,0.139,0.042,0.056,0.049,0.721,0.168,0
5312,2,Yunnan,2012,212927885.9,0.041,0.114,0.127,0.043,0.061,0.054,0.786,0.447,0
5313,2,Yunnan,2013,222280623.6,0.038,0.11,0.115,0.051,0.06,0.052,0.861,0.245,0
5314,2,Yunnan,2014,219311997.2,0.043,0.119,0.128,0.048,0.061,0.053,0.718,0.339,0
5315,2,Yunnan,2015,214986350.3,0.04,0.124,0.11,0.054,0.065,0.054,0.684,0.317,0
5316,2,Yunnan,2016,210642417.6,0.039,0.117,0.102,0.054,0.058,0.053,0.612,0.115,0
5317,2,Yunnan,2017,212542299.1,0.041,0.138,0.134,0.07,0.069,0.064,0.575,0.417,0
5318,2,Yunnan,2018,217358232.5,0.043,0.135,0.106,0.065,0.072,0.057,0.747,0.29,0
5319,2,Yunnan,2019,216829878.7,0.041,0.138,0.091,0.074,0.068,0.061,0.517,0.221,0
5320,2,Yunnan,2020,215735429.4,0.044,0.132,0.08,0.056,0.071,0.06,0.554,0.17,0
5321,2,Yunnan,2021,219190745.8,0.048,0.142,0.077,0.049,0.077,0.062,0.479,0.271,0
5322,2,Yunnan,2022,212591576.9,0.047,0.146,0.077,0.05,0.075,0.062,0.432,0.271,0
5323,2,Yunnan,2023,224286167.5,0.048,0.146,0.076,0.05,0.075,0.061,0.401,0.281,0
5400,25,Xizang,2000,9636722.678,0.023,0.069,4.703,0.002,0.037,0.034,39.196,0.731,0
5401,25,Xizang,2001,10112565.34,0.024,0.072,4.212,0.002,0.039,0.034,49.121,0.683,0
5402,25,Xizang,2002,10711058.08,0.025,0.074,3.232,0.003,0.039,0.032,36.429,0.59,0
5403,25,Xizang,2003,12084338.15,0.024,0.075,3.395,0.002,0.038,0.034,36.393,0.433,0
5404,25,Xizang,2004,14058027.11,0.027,0.081,3.1,0.003,0.043,0.038,40.802,0.63,0
5405,25,Xizang,2005,15489941.87,0.03,0.087,3.128,0.003,0.046,0.04,22.609,0.713,0
5406,25,Xizang,2006,16749091.15,0.029,0.087,2.823,0.003,0.044,0.039,34.141,0.553,0
5407,25,Xizang,2007,18077920.23,0.03,0.095,2.933,0.003,0.051,0.045,28.737,0.721,0
5408,25,Xizang,2008,18992591.9,0.031,0.095,2.43,0.003,0.047,0.042,15.431,0.543,0
5409,25,Xizang,2009,20202580.51,0.036,0.098,2.802,0.005,0.049,0.045,21.933,0.663,0
5410,25,Xizang,2010,21612995.28,0.034,0.097,2.192,0.005,0.051,0.042,18.599,0.539,0
5411,25,Xizang,2011,23494689.85,0.041,0.109,2.002,0.008,0.055,0.048,16.098,0.762,0
5412,25,Xizang,2012,24329255.95,0.038,0.111,1.817,0.01,0.054,0.052,17.848,0.66,0
5413,25,Xizang,2013,25224624.18,0.041,0.112,1.536,0.006,0.061,0.054,9.176,0.7,0
5414,25,Xizang,2014,25192019.16,0.038,0.115,1.438,0.011,0.06,0.053,7.894,0.65,0
5415,25,Xizang,2015,25610347.9,0.046,0.128,1.388,0.019,0.066,0.054,7.57,0.783,0
5416,25,Xizang,2016,25929663.53,0.04,0.13,1.557,0.011,0.063,0.057,6.691,0.656,0
5417,25,Xizang,2017,26035363.94,0.043,0.12,1.319,0.017,0.065,0.054,8.253,0.546,0
5418,25,Xizang,2018,26454596.0,0.042,0.134,1.432,0.018,0.071,0.062,9.011,0.64,0
5419,25,Xizang,2019,26424956.93,0.041,0.136,1.079,0.014,0.068,0.058,8.026,0.518,0
5420,25,Xizang,2020,25971325.68,0.051,0.141,1.295,0.018,0.076,0.063,5.356,0.739,0
5421,25,Xizang,2021,26450750.18,0.045,0.136,0.989,0.011,0.071,0.067,4.305,0.588,0
5422,25,Xizang,2022,25467563.56,0.045,0.135,0.985,0.011,0.072,0.065,6.397,0.53,0
5423,25,Xizang,2023,27146987.21,0.045,0.135,0.994,0.011,0.072,0.066,7.66,0.545,0
6100,29,Shanxi,2000,89410303.8,0.024,0.072,0.347,0.02,0.036,0.032,13.956,0.361,0
6101,29,Shanxi,2001,93520959.33,0.025,0.077,0.301,0.017,0.04,0.032,10.664,0.373,0
6102,29,Shanxi,2002,100035344.8,0.026,0.076,0.284,0.028,0.039,0.033,10.497,0.352,0
6103,29,Shanxi,2003,114939673.5,0.027,0.078,0.284,0.026,0.042,0.036,9.882,0.339,0
6104,29,Shanxi,2004,132745839.6,0.029,0.085,0.279,0.022,0.046,0.039,7.798,0.411,0
6105,29,Shanxi,2005,155551894.4,0.03,0.085,0.186,0.029,0.043,0.038,6.66,0.314,0
6106,29,Shanxi,2006,165371253.1,0.03,0.088,0.17,0.022,0.043,0.041,5.674,0.235,0
6107,29,Shanxi,2007,195688075.5,0.032,0.092,0.173,0.025,0.047,0.04,4.775,0.262,0
6108,29,Shanxi,2008,216817366.6,0.033,0.101,0.125,0.029,0.052,0.042,4.403,0.327,0
6109,29,Shanxi,2009,233338472.3,0.037,0.105,0.13,0.032,0.056,0.046,3.74,0.389,0
6110,29,Shanxi,2010,251726499.8,0.034,0.099,0.106,0.039,0.05,0.044,3.168,0.149,0
6111,29,Shanxi,2011,279156526.4,0.036,0.106,0.101,0.044,0.055,0.05,2.534,0.249,0
6112,29,Shanxi,2012,278889075.5,0.036,0.116,0.113,0.042,0.059,0.052,2.377,0.342,0
6113,29,Shanxi,2013,296454483.6,0.036,0.109,0.077,0.053,0.058,0.05,2.245,0.16,0
6114,29,Shanxi,2014,293576358.9,0.042,0.121,0.091,0.046,0.066,0.054,2.251,0.372,0
6115,29,Shanxi,2015,297184972.4,0.038,0.124,0.093,0.064,0.064,0.056,2.04,0.318,0
6116,29,Shanxi,2016,295280449.9,0.042,0.122,0.082,0.047,0.061,0.059,2.172,0.249,0
6117,29,Shanxi,2017,298113446.5,0.041,0.124,0.085,0.055,0.063,0.056,1.777,0.184,0
6118,29,Shanxi,2018,327794510.8,0.043,0.134,0.08,0.065,0.074,0.062,1.72,0.324,0
6119,29,Shanxi,2019,347842949.6,0.042,0.13,0.068,0.103,0.069,0.06,1.57,0.201,0
6120,29,Shanxi,2020,360443411.2,0.046,0.132,0.084,0.077,0.066,0.058,1.558,0.165,0
6121,29,Shanxi,2021,384606805.3,0.045,0.136,0.072,0.066,0.071,0.061,1.503,0.18,0
6122,29,Shanxi,2022,385799154.6,0.045,0.134,0.07,0.066,0.072,0.06,1.472,0.168,0
6123,29,Shanxi,2023,427613190.9,0.047,0.137,0.071,0.066,0.073,0.06,1.53,0.215,0
6200,23,Gansu,2000,67518991.03,0.025,0.072,0.489,0.015,0.037,0.034,21.327,0.407,0
6201,23,Gansu,2001,70594947.79,0.022,0.073,0.479,0.02,0.037,0.032,20.844,0.28,0
6202,23,Gansu,2002,74430493.31,0.024,0.076,0.578,0.016,0.038,0.034,21.142,0.273,0
6203,23,Gansu,2003,88248767.09,0.026,0.078,0.497,0.017,0.04,0.036,19.434,0.272,0
6204,23,Gansu,2004,100285697.7,0.031,0.089,0.551,0.019,0.047,0.038,15.763,0.5,0
6205,23,Gansu,2005,112641501.2,0.03,0.086,0.446,0.025,0.044,0.039,14.113,0.36,0
6206,23,Gansu,2006,120987859.9,0.027,0.087,0.398,0.019,0.043,0.037,11.728,0.163,0
6207,23,Gansu,2007,137407644.9,0.033,0.096,0.383,0.019,0.049,0.045,11.18,0.386,0
6208,23,Gansu,2008,138662548.6,0.034,0.099,0.35,0.022,0.05,0.044,9.641,0.359,0
6209,23,Gansu,2009,149775585.0,0.035,0.099,0.283,0.027,0.05,0.045,9.105,0.245,0
6210,23,Gansu,2010,166121591.7,0.038,0.108,0.332,0.035,0.054,0.047,7.398,0.378,0
6211,23,Gansu,2011,185415514.6,0.039,0.112,0.268,0.034,0.057,0.053,6.255,0.412,0
6212,23,Gansu,2012,189696896.3,0.038,0.113,0.24,0.032,0.062,0.055,6.467,0.41,0
6213,23,Gansu,2013,196636684.0,0.039,0.111,0.25,0.032,0.06,0.053,5.861,0.287,0
6214,23,Gansu,2014,194817849.3,0.042,0.122,0.217,0.033,0.06,0.058,5.013,0.388,0
6215,23,Gansu,2015,194235262.7,0.038,0.119,0.241,0.033,0.06,0.057,5.267,0.278,0
6216,23,Gansu,2016,191818338.5,0.045,0.132,0.238,0.038,0.063,0.061,5.339,0.418,0
6217,23,Gansu,2017,199442438.6,0.042,0.131,0.24,0.033,0.064,0.058,5.724,0.276,0
6218,23,Gansu,2018,205464166.8,0.042,0.136,0.245,0.05,0.07,0.057,4.92,0.281,0
6219,23,Gansu,2019,208698425.8,0.05,0.136,0.234,0.037,0.068,0.064,5.108,0.364,0
6220,23,Gansu,2020,213700508.1,0.044,0.138,0.197,0.036,0.071,0.062,4.847,0.247,0
6221,23,Gansu,2021,226080748.7,0.046,0.15,0.252,0.023,0.08,0.065,4.105,0.378,0
6222,23,Gansu,2022,225000927.6,0.046,0.154,0.248,0.024,0.078,0.066,4.172,0.372,0
6223,23,Gansu,2023,246083672.9,0.045,0.155,0.248,0.024,0.078,0.066,4.335,0.382,0
6300,30,Qinghai,2000,24196067.99,0.023,0.07,1.665,0.005,0.035,0.033,16.966,0.396,0
6301,30,Qinghai,2001,24703978.78,0.024,0.074,2.037,0.007,0.036,0.034,21.061,0.474,0
6302,30,Qinghai,2002,26682478.88,0.027,0.078,2.009,0.008,0.039,0.036,20.15,0.568,0
6303,30,Qinghai,2003,30098376.2,0.028,0.083,1.949,0.012,0.043,0.035,20.713,0.57,0
6304,30,Qinghai,2004,35393047.14,0.031,0.085,1.836,0.008,0.047,0.041,19.505,0.649,0
6305,30,Qinghai,2005,38720132.95,0.026,0.085,1.584,0.009,0.047,0.04,17.273,0.422,0
6306,30,Qinghai,2006,46611283.6,0.033,0.096,1.514,0.01,0.05,0.04,8.788,0.617,0
6307,30,Qinghai,2007,53449352.23,0.029,0.098,1.095,0.009,0.048,0.046,13.017,0.426,0
6308,30,Qinghai,2008,53357597.69,0.033,0.095,0.967,0.01,0.052,0.042,9.351,0.371,0
6309,30,Qinghai,2009,54502298.42,0.035,0.105,1.167,0.014,0.052,0.047,8.148,0.466,0
6310,30,Qinghai,2010,58616099.48,0.032,0.106,1.036,0.019,0.057,0.051,5.034,0.489,0
6311,30,Qinghai,2011,63463286.04,0.039,0.114,0.841,0.02,0.055,0.048,6.191,0.5,0
6312,30,Qinghai,2012,66443066.09,0.037,0.111,0.722,0.018,0.059,0.049,4.921,0.401,0
6313,30,Qinghai,2013,69862485.33,0.039,0.119,0.646,0.03,0.061,0.056,3.617,0.531,0
6314,30,Qinghai,2014,70323202.62,0.04,0.111,0.687,0.024,0.061,0.049,4.216,0.378,0
6315,30,Qinghai,2015,76254603.34,0.041,0.117,0.508,0.041,0.057,0.051,5.679,0.303,0
6316,30,Qinghai,2016,78591389.32,0.039,0.118,0.668,0.029,0.061,0.054,3.042,0.288,0
6317,30,Qinghai,2017,79881559.49,0.042,0.132,0.664,0.021,0.067,0.065,2.994,0.499,0
6318,30,Qinghai,2018,82721746.56,0.04,0.13,0.508,0.024,0.065,0.062,4.204,0.272,0
6319,30,Qinghai,2019,81588623.14,0.047,0.134,0.644,0.022,0.069,0.057,5.02,0.431,0
6320,30,Qinghai,2020,80617612.3,0.049,0.136,0.746,0.029,0.073,0.06,2.912,0.465,0
6321,30,Qinghai,2021,84550523.4,0.052,0.142,0.755,0.026,0.077,0.066,3.065,0.615,0
6322,30,Qinghai,2022,85118819.98,0.053,0.144,0.763,0.026,0.077,0.065,3.097,0.624,0
6323,30,Qinghai,2023,92762593.03,0.052,0.145,0.779,0.026,0.078,0.067,3.186,0.662,0
6400,8,Ningxia,2000,31782303.35,0.022,0.071,2.185,0.004,0.035,0.03,27.819,0.39,0
6401,8,Ningxia,2001,32949584.48,0.024,0.073,1.84,0.005,0.037,0.035,17.55,0.457,0
6402,8,Ningxia,2002,37258514.68,0.026,0.077,1.75,0.005,0.037,0.036,22.714,0.45,0
6403,8,Ningxia,2003,44936720.58,0.03,0.084,1.703,0.005,0.043,0.039,16.443,0.642,0
6404,8,Ningxia,2004,51104224.0,0.03,0.083,1.37,0.005,0.043,0.04,12.573,0.474,0
6405,8,Ningxia,2005,56099787.56,0.028,0.083,1.371,0.005,0.046,0.037,11.28,0.342,0
6406,8,Ningxia,2006,70225417.48,0.032,0.091,1.371,0.006,0.049,0.042,8.725,0.533,0
6407,8,Ningxia,2007,76330668.55,0.032,0.095,1.086,0.007,0.05,0.042,7.726,0.417,0
6408,8,Ningxia,2008,75427806.34,0.031,0.095,0.889,0.009,0.048,0.043,8.01,0.314,0
6409,8,Ningxia,2009,82026356.72,0.037,0.103,0.921,0.009,0.055,0.047,6.772,0.473,0
6410,8,Ningxia,2010,107014483.7,0.036,0.097,0.67,0.017,0.05,0.044,6.935,0.262,0
6411,8,Ningxia,2011,126847172.8,0.036,0.107,0.649,0.018,0.053,0.051,5.008,0.346,0
6412,8,Ningxia,2012,124387524.5,0.035,0.109,0.503,0.016,0.06,0.052,2.772,0.323,0
6413,8,Ningxia,2013,128478800.2,0.039,0.121,0.543,0.012,0.06,0.055,3.505,0.487,0
6414,8,Ningxia,2014,125261185.0,0.036,0.118,0.577,0.014,0.06,0.056,3.36,0.392,0
6415,8,Ningxia,2015,120370764.8,0.041,0.114,0.558,0.02,0.061,0.052,3.459,0.318,0
6416,8,Ningxia,2016,122322237.2,0.043,0.128,0.646,0.014,0.063,0.056,3.19,0.423,0
6417,8,Ningxia,2017,142427148.1,0.043,0.138,0.51,0.023,0.069,0.062,2.153,0.498,0
6418,8,Ningxia,2018,154912319.7,0.044,0.131,0.576,0.023,0.067,0.056,2.422,0.324,0
6419,8,Ningxia,2019,174003965.4,0.045,0.133,0.462,0.019,0.069,0.061,2.145,0.368,0
6420,8,Ningxia,2020,174305461.3,0.044,0.145,0.518,0.015,0.069,0.063,2.926,0.398,0
6421,8,Ningxia,2021,188879868.4,0.047,0.142,0.453,0.014,0.07,0.067,2.508,0.383,0
6422,8,Ningxia,2022,191617159.6,0.047,0.146,0.455,0.014,0.07,0.066,2.47,0.39,0
6423,8,Ningxia,2023,201084696.6,0.046,0.144,0.454,0.015,0.072,0.065,2.579,0.377,0
6500,14,Xinjiang,2000,69036445.42,0.023,0.067,0.357,0.011,0.033,0.03,2.993,0.182,0
6501,14,Xinjiang,2001,73178228.91,0.021,0.072,0.398,0.01,0.036,0.032,5.136,0.202,0
6502,14,Xinjiang,2002,77913871.28,0.028,0.081,0.488,0.013,0.042,0.036,3.026,0.485,0
6503,14,Xinjiang,2003,90159507.15,0.028,0.082,0.348,0.012,0.043,0.037,4.702,0.403,0
6504,14,Xinjiang,2004,104182146.6,0.029,0.087,0.375,0.011,0.046,0.038,2.336,0.38,0
6505,14,Xinjiang,2005,115253805.1,0.03,0.085,0.337,0.014,0.042,0.04,2.776,0.285,0
6506,14,Xinjiang,2006,127684527.8,0.032,0.089,0.266,0.013,0.046,0.039,2.655,0.269,0
6507,14,Xinjiang,2007,134008350.7,0.03,0.095,0.28,0.012,0.049,0.04,2.983,0.229,0
6508,14,Xinjiang,2008,145184808.2,0.034,0.103,0.247,0.014,0.051,0.047,2.394,0.432,0
6509,14,Xinjiang,2009,152750016.4,0.036,0.104,0.292,0.018,0.056,0.047,1.907,0.381,0
6510,14,Xinjiang,2010,173836364.8,0.031,0.098,0.194,0.026,0.052,0.047,1.432,0.156,0
6511,14,Xinjiang,2011,213078279.2,0.037,0.11,0.196,0.025,0.056,0.052,1.857,0.321,0
6512,14,Xinjiang,2012,241425313.4,0.036,0.116,0.165,0.025,0.058,0.052,1.011,0.325,0
6513,14,Xinjiang,2013,274916757.4,0.04,0.116,0.161,0.027,0.063,0.054,0.88,0.37,0
6514,14,Xinjiang,2014,323158537.9,0.04,0.113,0.157,0.027,0.06,0.054,1.228,0.257,0
6515,14,Xinjiang,2015,343654905.8,0.046,0.129,0.174,0.024,0.067,0.06,0.93,0.46,0
6516,14,Xinjiang,2016,360881132.2,0.042,0.126,0.223,0.024,0.069,0.059,1.389,0.338,0
6517,14,Xinjiang,2017,391907132.5,0.045,0.13,0.19,0.017,0.07,0.06,1.0,0.349,1
6518,14,Xinjiang,2018,419497542.1,0.047,0.13,0.185,0.033,0.067,0.064,0.701,0.293,1
6519,14,Xinjiang,2019,432814780.4,0.047,0.139,0.134,0.032,0.073,0.061,0.656,0.324,1
6520,14,Xinjiang,2020,445711027.8,0.049,0.132,0.142,0.032,0.073,0.063,0.738,0.262,1
6521,14,Xinjiang,2021,482794940.9,0.049,0.136,0.141,0.032,0.067,0.061,0.967,0.183,1
6522,14,Xinjiang,2022,484931166.4,0.048,0.136,0.142,0.031,0.069,0.061,0.756,0.202,1
6523,14,Xinjiang,2023,522624165.4,0.048,0.135,0.141,0.031,0.069,0.061,0.595,0.192,1
